record_id,year,agency,use_case_name,stage,stage_raw,build,build_raw,classification,topic_area,vendor_name,is_high_impact,link_id
2023-0001,2023,DHS,AI Curated Synthetic Data,Pre-deployment,Initiation,,,,,,,
2023-0002,2023,DHS,AI for Autonomous Situational Awareness,Pre-deployment,Development and Acquisition,,,,,,,
2023-0003,2023,DHS,Automated Item of Interest Detection - ICAD,Deployed,Operation and Maintenance,,,,,,,
2023-0004,2023,DHS,Autonomous Aerostat,Pre-deployment,Development and Acquisition,,,,,,,
2023-0005,2023,DHS,Autonomous Maritime Awareness,Pre-deployment,Development and Acquisition,,,,,,,
2023-0006,2023,DHS,Autonomous Surveillance Towers (Anduril),Deployed,Operation and Maintenance,,,,,,,
2023-0007,2023,DHS,Data and Entity Resolution,Deployed,Operation and Maintenance,,,,,,,
2023-0008,2023,DHS,Entity Resolution,Pre-deployment,Development and Acquisition,,,,,,,
2023-0009,2023,DHS,Geospatial imagery utilizing annotation,Pre-deployment,Development and Acquisition,,,,,,,
2023-0010,2023,DHS,Integrated Digital Environment,Pre-deployment,Development and Acquisition,,,,,,,
2023-0011,2023,DHS,RVSS Legacy Overhauled System Project (INVNT),Pre-deployment,Deployment,,,,,,,
2023-0012,2023,DHS,Use of technology to identify proof of life,Pre-deployment,Development and Acquisition,,,,,,,
2023-0013,2023,DHS,Vessel Detection,Pre-deployment,Development and Acquisition,,,,,,,
2023-0014,2023,DHS,Advanced Analytic Enabled Forensic Investigation,Pre-deployment,Initiation,,,,,,,
2023-0015,2023,DHS,Advanced Network Anomaly Alerting,Pre-deployment,Initiation,,,,,,,
2023-0016,2023,DHS,AI Security and Robustness,Pre-deployment,Initiation,,,,,,,
2023-0017,2023,DHS,AIS Scoring and Feedback,Deployed,Operation and Maintenance,,,,,,,
2023-0018,2023,DHS,Automated Indicator Sharing (AIS) Automated PII Detection,Deployed,Operation and Maintenance,,,,,,,
2023-0019,2023,DHS,Critical Infrastructure Anomaly Alerting,Pre-deployment,Initiation,,,,,,,
2023-0020,2023,DHS,Cyber Incident Reporting,Pre-deployment,Initiation,,,,,,,
2023-0021,2023,DHS,Cyber Threat Intelligence Feed Correlation,Pre-deployment,Initiation,,,,,,,
2023-0022,2023,DHS,Cyber Vulnerability Reporting,Pre-deployment,Initiation,,,,,,,
2023-0023,2023,DHS,Malware Reverse Engineering,Pre-deployment,Initiation,,,,,,,
2023-0024,2023,DHS,Operational Activities Explorer,Pre-deployment,Initiation,,,,,,,
2023-0025,2023,DHS,Security Information and Event Management (SIEM) Alerting Models,Pre-deployment,Initiation,,,,,,,
2023-0026,2023,DHS,Text Analytics for Survey Responses (TASR),Deployed,Operation and Maintenance,,,,,,,
2023-0027,2023,DHS,RelativityOne,Deployed,Operation and Maintenance,,,,,,,
2023-0028,2023,DHS,Normalization Services,Deployed,Operation and Maintenance,,,,,,,
2023-0029,2023,DHS,Machine Translation (Previously Language Translator),Deployed,Operation and Maintenance,,,,,,,
2023-0030,2023,DHS,Email Analytics,Pilot,Implementation,,,,,,,
2023-0031,2023,DHS,Mobile Device Analytics,Pre-deployment,Development and Acquisition,,,,,,,
2023-0032,2023,DHS,Barcode Scanner,Deployed,Operation and Maintenance,,,,,,,
2023-0033,2023,DHS,Facial Recognition Service,Deployed,Operation and Maintenance,,,,,,,
2023-0034,2023,DHS,I-485 Family Matching,Pre-deployment,Development and Acquisition,,,,,,,
2023-0035,2023,DHS,I-539 approval prediction,Pre-deployment,Development and Acquisition,,,,,,,
2023-0036,2023,DHS,Identity Match Option (IMO) Process with DBIS Data Marts,Deployed,Operation and Maintenance,,,,,,,
2023-0037,2023,DHS,Person-Centric Identity Services A-Number Management Model,Deployed,Operation and Maintenance,,,,,,,
2023-0038,2023,DHS,Person-Centric Identity Services Deduplication Model,Deployed,Operation and Maintenance,,,,,,,
2023-0039,2023,DHS,Predicted to Naturalize,Pilot,Implementation,,,,,,,
2023-0040,2023,DHS,Sentiment Analysis - Surveys,Deployed,Operation and Maintenance,,,,,,,
2023-0041,2023,DHS,Topic Modeling on Request For Evidence data sets,Pre-deployment,Development and Acquisition,,,,,,,
2023-0042,2023,DOC,B2B Matchmaking,,,,,,,,,
2023-0043,2023,DOC,Chatbot Pilot,,,,,,,,,
2023-0044,2023,DOC,Consolidated Screening List,,,,,,,,,
2023-0045,2023,DOC,AD/CVD Self Initiation,,,,,,,,,
2023-0046,2023,DOC,Market Diversification Toolkit,,,,,,,,,
2023-0047,2023,DOC,Azure Chatbot,,,,,,,,,
2023-0048,2023,DOC,Fisheries Electronic Monitoring Image Library,,,,,,,,,
2023-0049,2023,DOC,"Passive acoustic analysis using ML in Cook Inlet, AK",,,,,,,,,
2023-0050,2023,DOC,AI-based automation of acoustic detection of marine mammals,,,,,,,,,
2023-0051,2023,DOC,Developing automation to determine species and count using optical survey data in the Gulf of Mexico,,,,,,,,,
2023-0052,2023,DOC,Fast tracking the use of VIAME for automated identification of reef fish,,,,,,,,,
2023-0053,2023,DOC,A Hybrid Statistical-Dynamical System for the Seamless Prediction of Daily Extremes and Subseasonal to Seasonal Climate Variability,,,,,,,,,
2023-0054,2023,DOC,FathomNet,,,,,,,,,
2023-0055,2023,DOC,ANN to improve CFS T and P outlooks,,,,,,,,,
2023-0056,2023,DOC,Drought outlooks by using ML techniques,,,,,,,,,
2023-0057,2023,DOC,EcoCast: A dynamic ocean management tool to reduce bycatch and support sustainable fisheries,,,,,,,,,
2023-0058,2023,DOC,Coastal Change Analysis Program (C-CAP),,,,,,,,,
2023-0059,2023,DOC,Deep learning algorithms to automate right whale photo id,,,,,,,,,
2023-0060,2023,DOC,NN Radiation,,,,,,,,,
2023-0061,2023,DOC,NN training software for the new generation of NCEP models,,,,,,,,,
2023-0062,2023,DOC,Coral Reef Watch,,,,,,,,,
2023-0063,2023,DOC,Robotic microscopes and machine learning algorithms remotely and autonomously track lower trophic levels for improved ecosystem monitoring and assessment,,,,,,,,,
2023-0064,2023,DOC,Edge AI survey payload development,,,,,,,,,
2023-0065,2023,DOC,Ice seal detection and species classification in multispectral aerial imagery,,,,,,,,,
2023-0066,2023,DOC,First Guess Excessive Rainfall Outlook,,,,,,,,,
2023-0067,2023,DOC,First Guess Excessive Rainfall Outlook,,,,,,,,,
2023-0068,2023,DOC,"CoralNet: Ongoing operational use, improvement, and development, of machine vision point classification",,,,,,,,,
2023-0069,2023,DOC,Automated detection of hazardous low clouds in support of safe and efficient transportation,,,,,,,,,
2023-0070,2023,DOC,The Development of ProbSevere v3 - An improved nowcasting model in support of severe weather warning operations,,,,,,,,,
2023-0071,2023,DOC,"The VOLcanic Cloud Analysis Toolkit (VOLCAT): An application system for detecting, tracking, characterizing, and forecasting hazardous volcanic events",,,,,,,,,
2023-0072,2023,DOC,SUVI Thematic Maps,,,,,,,,,
2023-0073,2023,DOC,"BANTER, a machine learning acoustic event classifier",,,,,,,,,
2023-0074,2023,DOC,ProbSR (probability of subfreezing roads,,,,,,,,,
2023-0075,2023,DOC,VIAME: Video and Image Analysis for the Marine Environment Software Toolkit,,,,,,,,,
2023-0076,2023,DOC,ENSO Outlooks using observed/analyzed fields,,,,,,,,,
2023-0077,2023,DOC,Using community-sourced underwater photography and image recognition software to study green sea turtle distribution and ecology in southern California,,,,,,,,,
2023-0078,2023,DOC,An Interactive Machine Learning Signals in Passive Acoustic Recordings Toolkit for Classifying Species Identity of Cetacean Echolocation,,,,,,,,,
2023-0079,2023,DOC,Steller sea lion automated count program,,,,,,,,,
2023-0080,2023,DOC,Steller sea lion brand sighting,,,,,,,,,
2023-0081,2023,DOC,Replacing unstructured WW3 in the Great Lakes with a Recurrent neural network and a boosted ensemble decision tree,,,,,,,,,
2023-0082,2023,DOC,Using k-means clustering to identify spatially and temporally consistent wave systems,,,,,,,,,
2023-0083,2023,DOC,Picky,,,,,,,,,
2023-0084,2023,DOC,Data Science: Clutter,,,,,,,,,
2023-0085,2023,DOC,WAWENETS,,,,,,,,,
2023-0086,2023,DOC,AI retrieval for patent search,,,,,,,,,
2023-0087,2023,DOC,AI use for CPC classification,,,,,,,,,
2023-0088,2023,DOC,AI retrieval for TM design coding and Image search,,,,,,,,,
2023-0089,2023,DOC,Enriched Citation,,,,,,,,,
2023-0090,2023,DOC,Inventor Search Assistant (iSAT),,,,,,,,,
2023-0091,2023,DOE,Automated sorting of high repetition rate coherent diffraction data from XFELS,,,,,,,,,
2023-0092,2023,DOE,Machine Learning for Autonomous Control of Scientific User Facilities,,,,,,,,,
2023-0093,2023,DOE,SMMM,,,,,,,,,
2023-0094,2023,DOE,AI Denoising,,,,,,,,,
2023-0095,2023,DOE,Extreme data reduction for the edge,,,,,,,,,
2023-0096,2023,DOE,High-Velocity AI: Generative Models,,,,,,,,,
2023-0097,2023,DOE,hls4ml,,,,,,,,,
2023-0098,2023,DOE,In-pixel AI for future tracking detectors,,,,,,,,,
2023-0099,2023,DOE,In-storage computing for multi- messenger astronomy in neutrino experiments and cosmological surveys,,,,,,,,,
2023-0100,2023,DOE,Machine Learning for Accelerator Operations Using Big Data Analytics / L-CAPE,,,,,,,,,
2023-0101,2023,DOE,Machine Learning for Linac Improved Performance,,,,,,,,,
2023-0102,2023,DOE,Next-Generation Beam Cooling and Control with Optical Stochastic Cooling,,,,,,,,,
2023-0103,2023,DOE,READS: Real-time Edge AI for Distributed Systems,,,,,,,,,
2023-0104,2023,DOE,Simulation-based inference for cosmology,,,,,,,,,
2023-0105,2023,DOE,SONIC: AI acceleration as a service,,,,,,,,,
2023-0106,2023,DOE,Streamining intelligent detectors for sPHENIX/EIC,,,,,,,,,
2023-0107,2023,DOE,Uncertainty Quantification and Instrument Automation to enable next generation cosmological discoveries,,,,,,,,,
2023-0108,2023,DOE,Deep Learning Malware Analysis for reusable cyber defenses.,,,,,,,,,
2023-0109,2023,DOE,Geo Threat Observable for structure cyber threat related to the energy sector,,,,,,,,,
2023-0110,2023,DOE,"Advanced energy, batteries, and industrial efficiency",,,,,,,,,
2023-0111,2023,DOE,"Advanced materials science, engineering, and exploration relevant to the other key technology focus areas",,,,,,,,,
2023-0112,2023,DOE,AI/ML and other software advances,,,,,,,,,
2023-0113,2023,DOE,"Biology, genomics, and synthetic biology",,,,,,,,,
2023-0114,2023,DOE,"Cyber security, data storage, and data management technologies",,,,,,,,,
2023-0115,2023,DOE,"High-performance computing, semiconductors, and advanced computer hardware",,,,,,,,,
2023-0116,2023,DOE,"Innovation methods, processes and promising practices that can affect the speed and effectiveness of innovation processes at scale.",,,,,,,,,
2023-0117,2023,DOE,Natural and anthropogenic disaster prevention and mitigation,,,,,,,,,
2023-0118,2023,DOE,Quantum computing and information systems,,,,,,,,,
2023-0119,2023,DOE,"Robotics, automation, and advanced manufacturing",,,,,,,,,
2023-0120,2023,DOE,Advanced Image Segmentation,,,,,,,,,
2023-0121,2023,DOE,Advanced model to forecast offshore landslide risks and marine geohazards,,,,,,,,,
2023-0122,2023,DOE,AI used to interpret sensor data.,,,,,,,,,
2023-0123,2023,DOE,"AI/ML may be needed to extract data from text, image and tabular- based resources. NEWTS is partnering with university teams to use ML to fill in data gaps using predictive models.",,,,,,,,,
2023-0124,2023,DOE,AI/ML methodology for rapid design of sorbents tuned to specific ash impoundment and/or landfill requirements.,,,,,,,,,
2023-0125,2023,DOE,Analysis to Assess Offshore CCS Trends and Gaps,,,,,,,,,
2023-0126,2023,DOE,ANN Submodels of Reaction Physics,,,,,,,,,
2023-0127,2023,DOE,Computational capabilities to support experimental efforts,,,,,,,,,
2023-0128,2023,DOE,Computational methods for the characterization of CO2 chemisorption in amine- functionalized MOFs.,,,,,,,,,
2023-0129,2023,DOE,Creation of polymer datasets and inverse design of polymers with targeted backbones having High CO2 permeability and high CO2/N2 selectivity.,,,,,,,,,
2023-0130,2023,DOE,"Data discovery, processing, and generation using machine learning for a range of CCS data and information",,,,,,,,,
2023-0131,2023,DOE,"Data platform to expedite access and reuse of carbon ore data for materials, manufacturing and research",,,,,,,,,
2023-0132,2023,DOE,Database will be utilized to demonstrate targeted biocide strategies using AI to assess large DNA datasets.,,,,,,,,,
2023-0133,2023,DOE,Demonstrate how ML-based approaches can help operators during active injection and post- injection monitoring,,,,,,,,,
2023-0134,2023,DOE,Demonstrate the robust performance of our ML method in a commercial-scale synthetic data and integrate image-to-image mapping with convolutional neural networks,,,,,,,,,
2023-0135,2023,DOE,Develop and demonstrate reinforcement learning approach for time-varying control for flexible hydrogen and power production.,,,,,,,,,
2023-0136,2023,DOE,Develop fast predictive models using novel machine-learning based methods.,,,,,,,,,
2023-0137,2023,DOE,"Develop, integrate, and automate the reduction of CFD models while preserving acceptable levels of accuracy. In general for CCSI2, this work intends to focuse on CFD applications.",,,,,,,,,
2023-0138,2023,DOE,Development of AI/ML methods,,,,,,,,,
2023-0139,2023,DOE,"Development of new machine learning-based process modeling capabilities that assess the viability and efficiency, with uncertainty quantification, of the chemical processes involved in the carbon fiber production and its output quality",,,,,,,,,
2023-0140,2023,DOE,DOE AI Data Infrastructure System,,,,,,,,,
2023-0141,2023,DOE,Fluid migration from well-to-well communication will be inputted in AI to determine a costs-benefit analysis,,,,,,,,,
2023-0142,2023,DOE,Geochemically Informed Leak Detection (GILD),,,,,,,,,
2023-0143,2023,DOE,"Initial case study using regulatory compliance (well integrity testing, fluid compositionali data, geographic, and geologic information from oil and gas wells in the Wattenberg Field, Denver Basin, central Colorado, USA",,,,,,,,,
2023-0144,2023,DOE,Machine learning based identification of current hazardous offshore metocean and bathymetric conditions that can impact safe offshore energy operations,,,,,,,,,
2023-0145,2023,DOE,Machine Learning for geophysical data inversion,,,,,,,,,
2023-0146,2023,DOE,Machine learning for legacy well evaluation,,,,,,,,,
2023-0147,2023,DOE,Machine learning to process multi- model data and information to aid in the identification of undocumented orphaned wells,,,,,,,,,
2023-0148,2023,DOE,Machine learning to refine and analyze data for CCS needs,,,,,,,,,
2023-0149,2023,DOE,Machine learning to tool and model applications for CCS needs,,,,,,,,,
2023-0150,2023,DOE,ML-based approaches to improve site characterization efforts,,,,,,,,,
2023-0151,2023,DOE,ML-based proxy models and multi- level data driven fracture network imaging to support rapid decision making.,,,,,,,,,
2023-0152,2023,DOE,"ML-based reduced order models of reservoir response to Co2 injection into saline and/or hydrocarbon- bearing formations - as the basis for integrated assessment modeling of leakage risk (e.g., SACROC)",,,,,,,,,
2023-0153,2023,DOE,Natural Language Processing,,,,,,,,,
2023-0154,2023,DOE,Neural networks used to compensate a drone-mounted magnetic sensor for maneuvering of the drone.,,,,,,,,,
2023-0155,2023,DOE,Online real time system Identification,,,,,,,,,
2023-0156,2023,DOE,Prediction of gasification gas yield and compositions using machine learning,,,,,,,,,
2023-0157,2023,DOE,Reduce computational cost of CFD simulations that screen for more efficient intensified solvent contactor geometries.,,,,,,,,,
2023-0158,2023,DOE,Rokbase Geologic Core Data Tool,,,,,,,,,
2023-0159,2023,DOE,Solving Field Equations on the Wafer Scale Engine,,,,,,,,,
2023-0160,2023,DOE,To drive insights on the dependencies between the natural gas and electricity sectors to increase reliability of the NG system,,,,,,,,,
2023-0161,2023,DOE,"To drive insights on the power system reliability, cost, and operations during the energy transition with and without FECM technologies",,,,,,,,,
2023-0162,2023,DOE,To accelerate discovery of protection system and laser processing of protective coatings on CMC for hydrogen turbines.,,,,,,,,,
2023-0163,2023,DOE,To accurately predict alloy & component performance extrapolated to conditions where experimental results to do not exist.,,,,,,,,,
2023-0164,2023,DOE,To analyze data and derive insights and improve predictions to forecast wellbore kick events to reduce loss of control events.,,,,,,,,,
2023-0165,2023,DOE,"To apply machine learning applications to map carbon ore, rare earth element, and critical mineral resources",,,,,,,,,
2023-0166,2023,DOE,To apply machine learning and data analytics techniques to integrated subsurface datasets to predict key reservoir properties and compare various fields across the area of study and to correlate vintage data with new data and address the distribution of fractures and vugs.,,,,,,,,,
2023-0167,2023,DOE,To apply machine learning methods to explore the inter-well uncertainty in the Goldsmith Landreth San Andres Unit and to update reservoir models.,,,,,,,,,
2023-0168,2023,DOE,To automate development of proxy models for power generation combustion systems.,,,,,,,,,
2023-0169,2023,DOE,"To automate RDE image analysis, machine learning for RDE image analysis is being employed.",,,,,,,,,
2023-0170,2023,DOE,"To build the first data analytics and artificial intelligence field laboratory for unconventional resources in the Powder River Basin, focusing on optimization of hydraulic fracture stimulations through the use of multiple diagnostic technologies.",,,,,,,,,
2023-0171,2023,DOE,To create a data-driven multiscale phytotechnology framework for identification and remediation of leached-metals-contaminated soil.,,,,,,,,,
2023-0172,2023,DOE,To create and apply machine learning algorithms to predict carbon dioxide enhanced oil revoery improvements with rich gas in the Bell Creek Field and other selected fields.,,,,,,,,,
2023-0173,2023,DOE,To create reduced order models for predicting long term performance degradation behavior of fuel cells and electrolyzers.,,,,,,,,,
2023-0174,2023,DOE,To demonstrate multi-gamma based sensor technology for as-fired coal property measurement,,,,,,,,,
2023-0175,2023,DOE,To deploy dynamic neural network optimization to minimize heat rate during ramping for coal.,,,,,,,,,
2023-0176,2023,DOE,"To design, develop, and demonstrate an AI-integrated physics-based attack resilient proactive system.",,,,,,,,,
2023-0177,2023,DOE,"To design, proto-type and demonstrate a miniaturized implementation of a multi-process, high-spatial-resolution monitoring system for boiler condition management.",,,,,,,,,
2023-0178,2023,DOE,To detect leaks and creaks.,,,,,,,,,
2023-0179,2023,DOE,To develop 5G integrated edge computing platform for efficient component monitoring in coal-fired power plants,,,,,,,,,
2023-0180,2023,DOE,To develop a deep-learning Artificial Intelligence model for analysis of fundamental combustion characteristics,,,,,,,,,
2023-0181,2023,DOE,To develop a general drag model for assemblies of non-spherical particles created with artificial neural networks,,,,,,,,,
2023-0182,2023,DOE,"To develop a novel platform for secure data logging and processing in fossil fuel power generation systems using blockchain and machine learning to reduce down time for fossil energy power plants, limit reductions of power and reduce cost for repairs.",,,,,,,,,
2023-0183,2023,DOE,"To develop a wireless, distributed data acquisition and interpretation system foe seismic monitoring and carbon storage characterization.",,,,,,,,,
2023-0184,2023,DOE,To develop an AI-driven integrated autonomous robotic visual inspection (RVI) platform.,,,,,,,,,
2023-0185,2023,DOE,To develop an Artificial intelligence- based model for rotating detonation engine designs,,,,,,,,,
2023-0186,2023,DOE,To develop and create an autonomous robotic inspection system.,,,,,,,,,
2023-0187,2023,DOE,To develop and demonstrate drone- based geophysical and remote- sensing technologies to quantify critical minerals (CM).,,,,,,,,,
2023-0188,2023,DOE,To develop and evaluate a general drag model for gas-solid flows via physics-informed deep machine learning,,,,,,,,,
2023-0189,2023,DOE,To develop and validate sensor hardware and analytical algorithms to lower plant operating expenses for the pulverized coal utility boiler fleet,,,,,,,,,
2023-0190,2023,DOE,To develop artificial intelligence- enabled tools (ArtIT) for cyber hardening of power grids.,,,,,,,,,
2023-0191,2023,DOE,To develop drag models for non- spherical particles through machine learning,,,,,,,,,
2023-0192,2023,DOE,To develop high fidelity tools which run in near real time not only help in the field to guide and optimize complex operations but can be used as digital twins,,,,,,,,,
2023-0193,2023,DOE,To develop innovative biomonitoring and remediation of heavy metals using phytotechnologies.,,,,,,,,,
2023-0194,2023,DOE,To develop low cost conversion of coal to graphene,,,,,,,,,
2023-0195,2023,DOE,"To drive insights on emissions from natural gas production, storage, and transmission to determine how best to reduce emissions",,,,,,,,,
2023-0196,2023,DOE,To drive insights on environmental performance of the natural gas system to inform effective mitigation strategies,,,,,,,,,
2023-0197,2023,DOE,To drive insights on pipeline maintenance and repair strategies to reduce incidents of pipeline leakage; support evaluation of use and reuse strategies,,,,,,,,,
2023-0198,2023,DOE,To drive insights on water recovery from cooling tower plumes,,,,,,,,,
2023-0199,2023,DOE,To drive insights through data-driven predictive modeling to forecast the remaining lifespan and future risk of offshore production platforms.,,,,,,,,,
2023-0200,2023,DOE,"To drive insights using machine learning-based dynamics, control, and health models and tools developed by NETL to gain valuable operational data, insights, and",,,,,,,,,
2023-0201,2023,DOE,To employ machine learning to study the dependence of electrochemical performance on microstructural details,,,,,,,,,
2023-0202,2023,DOE,To enhance the SimCCS toolset to better account for existent infrastructure and to more broadly engage other user bases to improve toolset performance and applicability.,,,,,,,,,
2023-0203,2023,DOE,To evaluate current infrastructure throughout a study area and evaluating future infrastructure needs to accelerate the deployment of CCUS,,,,,,,,,
2023-0204,2023,DOE,To expore and analtze hydrogen- fueled rotating detonation engines using advanced turbulent combustion modeling and high- fidelity simultion tools.,,,,,,,,,
2023-0205,2023,DOE,To fill critical data gaps in big data analytics and machine learning applications to inform decision making and improve the ultimate recovery of unconventional oil and natural gas resources.,,,,,,,,,
2023-0206,2023,DOE,"To help automate data discovery and preparations to support a range of CS models, tools, and products",,,,,,,,,
2023-0207,2023,DOE,To help automate data integration and exploration for geologic core properties related information.,,,,,,,,,
2023-0208,2023,DOE,To identify and characterization REE- CM hot zones using machine learning-aided multi-physics.,,,,,,,,,
2023-0209,2023,DOE,To implement boiler health monitoring using a hybrid first principles-artificial intelligence model,,,,,,,,,
2023-0210,2023,DOE,To implement machine learning to predict aerodynamic and combustion characteristics in hydrogen turbine,,,,,,,,,
2023-0211,2023,DOE,To implement novel SSC-CCS sensing technology and associated condition-based monitoring (CBM) software for improved understanding of the boiler tube failure mechanisms,,,,,,,,,
2023-0212,2023,DOE,To implement sensor-driven deep learning/artificial intelligence for power plant monitoring,,,,,,,,,
2023-0213,2023,DOE,To implement unsupervised learning based interaction force model for nonspherical particles in incompressible flows,,,,,,,,,
2023-0214,2023,DOE,To improve control of hybrid SOFC- gas turbine power systems.,,,,,,,,,
2023-0215,2023,DOE,"To leverage disparate data to update assessments, analytics, and infromation for NATCARB and CS Atlas",,,,,,,,,
2023-0216,2023,DOE,To leverage machine learning and predictive analytics to advance the state of the art in pipline infrastructure integrity management.,,,,,,,,,
2023-0217,2023,DOE,To leverage ML models to increase the size and complexity of problems that can be optimized within IDAES.,,,,,,,,,
2023-0218,2023,DOE,To perform reconstruction of the 3D temperature field using Neural Networks with measured and known propagation paths.,,,,,,,,,
2023-0219,2023,DOE,To provide an effective quality assurance method for additively manufactured gas,,,,,,,,,
2023-0220,2023,DOE,To provide combustion performance and emissions optimization through integration of a miniaturized high- temperature multi process monitoring system,,,,,,,,,
2023-0221,2023,DOE,To provide insights into opportunities to beneficiate and use hydrocarbon infrastructure for alternative uses such as offshore carbon storage.,,,,,,,,,
2023-0222,2023,DOE,To provide integrated boiler management through advanced condition monitoring and component assessment.,,,,,,,,,
2023-0223,2023,DOE,To provide natural gas leak detection and quality control,,,,,,,,,
2023-0224,2023,DOE,To realize next generation solid-state power substation.,,,,,,,,,
2023-0225,2023,DOE,To research and develop physics- aware and AI-enabled cyber- physical intrusion response for the power grid.,,,,,,,,,
2023-0226,2023,DOE,To use advanced machine learning techniques to analyze static and dynamic measurements of proppant distribution and fracture geometry data.,,,,,,,,,
2023-0227,2023,DOE,To use AI to calibrate the simulation model by matching simulation data with production history data.,,,,,,,,,
2023-0228,2023,DOE,To use computational tools to optimize the design of solid CO2 sorbents.,,,,,,,,,
2023-0229,2023,DOE,To use data analytics and machine learning techniques to advance understanding of the characteristics of the Emerging Paradox Oil Play,,,,,,,,,
2023-0230,2023,DOE,To use ML to help identify promising oxygen carrier materials.,,,,,,,,,
2023-0231,2023,DOE,To verify and validate testing of advanced power generation technologies,,,,,,,,,
2023-0232,2023,DOE,"Transform reservoir management decisions through rapid analysis of real time data to visualize forecasted behavior in an advanced control room ""human-in-the-loop"" format.",,,,,,,,,
2023-0233,2023,DOE,UNET and other approaches for ML- based inversion,,,,,,,,,
2023-0234,2023,DOE,Use AI to process large sensor datasets for identification and classification of NG pipeline conditions and methane leaks,,,,,,,,,
2023-0235,2023,DOE,Use ML to analyze the existing H2 and natural gas pipelines to identify the key parameters that can enable the H2 transport and storage at a large scale,,,,,,,,,
2023-0236,2023,DOE,"Use ML to enable a geophysical monitoring toolkit, and assimilate real-time modeling and data.",,,,,,,,,
2023-0237,2023,DOE,Use ML to reduce high-fidelity physical models to a fast calculation that requires minimal effort to initiate.,,,,,,,,,
2023-0238,2023,DOE,Use of machine learning models to produce surrogates for efficient optimization,,,,,,,,,
2023-0239,2023,DOE,"Using AI to improve predcitions of subsurface properties, analyze multi- variate inputs, address knowledge and information gaps to improve predictions and modeli",,,,,,,,,
2023-0240,2023,DOE,Using AI/ML to replace conventional geophysics inversion - does the process quicker than the typical method. Make geophysical results more user-friendly.,,,,,,,,,
2023-0241,2023,DOE,Using ML to build predictive models of branching processes and develop novel algorithms for automated MIP solver tuning,,,,,,,,,
2023-0242,2023,DOE,Using ML to design sensing materials which can work under harsh environments.,,,,,,,,,
2023-0243,2023,DOE,Using natural language processing to explore and extract information from historical literature/pdfs,,,,,,,,,
2023-0244,2023,DOE,Using recursive neural networks and using fiber optic cables to recognize strain patterns and warn operators a fracture is coming.,,,,,,,,,
2023-0245,2023,DOE,Using time-series classification to assist in automated analysis of sensor data taken during experiments on the MHD test channel.,,,,,,,,,
2023-0246,2023,DOE,"With sensor technologies and network developed, in the future, AI/ML may be used to accelerate data processing of sensor data from the sensor network.",,,,,,,,,
2023-0247,2023,DOE,Applications of Natural Language Processing and Similarity Measures for Similarity Ranking,,,,,,,,,
2023-0248,2023,DOE,"Data Analytics and Machine Learning (DAMaL) Tools for Analysis of Environment, Safety and Health (ES&H) data: Similarity Based Information Retrieval",,,,,,,,,
2023-0249,2023,DOE,"Data Analytics and Machine Learning (DAMaL) Tools to enhance the analysis of Environment, Safety and Health (ES&H) data: Classification, Robotic Process Automation and Data Visualization",,,,,,,,,
2023-0250,2023,DOE,"Data Analytics and Machine Learning (DAMaL) Tools to enhance the analysis of Environment, Safety and Health (ES&H) data: Unsupervised Machine Learning Text Clustering",,,,,,,,,
2023-0251,2023,DOE,Memorandum of Understanding Between the US DOE and US NRC on Cooperation in the Area of Operating Experience and Applications of Data Analytics (Signed June 2021),,,,,,,,,
2023-0252,2023,DOE,Groundwater Modeling,,,,,,,,,
2023-0253,2023,DOE,Soil Moisture Modeling,,,,,,,,,
2023-0254,2023,DOE,AI-Based Chat Bot,,,,,,,,,
2023-0255,2023,DOE,Adaptive Cyber-Physical Resilience for Building Control Systems,,,,,,,,,
2023-0256,2023,DOE,Advancing Market-Ready Building Energy Management by Cost- Effective Differentiable Predictive Control,,,,,,,,,
2023-0257,2023,DOE,AI techniques for identification of suitable delivery parking spaces in an urban scenario,,,,,,,,,
2023-0258,2023,DOE,AI used for predictive modeling and real time control of traffic systems,,,,,,,,,
2023-0259,2023,DOE,APT Analytics,,,,,,,,,
2023-0260,2023,DOE,Elucidating Genetic and Environmental Risk Factors for Antipsychotic-induced Metabolic Adverse Effects Using AI,,,,,,,,,
2023-0261,2023,DOE,Laboratory Automation,,,,,,,,,
2023-0262,2023,DOE,Managing curb allocation in cities,,,,,,,,,
2023-0263,2023,DOE,Physics-Informed Learning Machines for Multiscale and Multiphysics Problems (PhILMs),,,,,,,,,
2023-0264,2023,DOE,Regional waste feedstock conversion to biofuels,,,,,,,,,
2023-0265,2023,DOE,"Scalable, Efficient and Accelerated Causal Reasoning Operators, Graphs and Spikes for Earth and Embedded Systems (SEA-CROGS)",,,,,,,,,
2023-0266,2023,DOE,Surrogate models for probabilistic Bayesian inference,,,,,,,,,
2023-0267,2023,DOE,Universal MCEG,,,,,,,,,
2023-0268,2023,DOE,FIMS - Invoice BOT - Employee Reimbursements FIMS - Invoice BOT - Purchase Power,Deployed,Operation and Maintenance,,,,,,,
2023-0269,2023,DOI,Land Use Plan Document and Data Mining and Analysis R&D,Deployed,Planned (not in production),,,,,,,
2023-0270,2023,DOI,Seasonal/Temporary Wetland/Floodplain Delineation using Remote Sensing and Deep Learning,Pre-deployment,Completed,,,,,,,
2023-0271,2023,DOI,Data Driven Sub-Seasonal Forecasting of Temperature and Precipitation,Deployed,Development (not in production),,,,,,,
2023-0272,2023,DOI,Data Driven Streamflow Forecasting,Deployed,Development (not in production),,,,,,,
2023-0273,2023,DOI,Snowcast Showdown,Pre-deployment,Development and Acquisition,,,,,,,
2023-0274,2023,DOI,PyForecast,Pilot,Implementation,,,,,,,
2023-0275,2023,DOI,Improved Processing and Analysis of Test and Operating Data from Rotating Machines,Pre-deployment,Investigating/Proof of concept,,,,,,,
2023-0276,2023,DOI,Improving UAS-derived photogrammetric data and analysis accuracy and confidence for high-resolution data sets using artificial intelligence and machine learning,Pilot,Proof-of-concept completed,,,,,,,
2023-0277,2023,DOI,Photogrammetric Data Set Crack Mapping Technology Search,Pilot,Proof-of-concept completed,,,,,,,
2023-0278,2023,DOI,Sustained Casing Pressure Identification,Deployed,Development (not in production),,,,,,,
2023-0279,2023,DOI,Well Activity Report Classification,Deployed,Development (not in production),,,,,,,
2023-0280,2023,DOI,Well Risk,Deployed,Development (not in production),,,,,,,
2023-0281,2023,DOI,Autonomous Drone Inspections,Deployed,Development (not in production),,,,,,,
2023-0282,2023,DOI,Level 1 Report Corrosion Level Classification,Pilot,Implementation,,,,,,,
2023-0283,2023,DOI,DO NOT USE (21st Century IMT Applicaitons Analysis AIML),Pre-deployment,Development and Acquisition,,,,,,,
2023-0284,2023,DOI,"Data Mining, Machine Learning and the IHS Markit Databases",Pilot,Implementation,,,,,,,
2023-0285,2023,DOI,Aluminum Criteria Development in Massachusetts,Pilot,Implementation,,,,,,,
2023-0286,2023,DOI,Multi-scale modeling for ecosystem service economics,Pilot,Implementation,,,,,,,
2023-0287,2023,DOI,Twitchell Rice AFRI,Pilot,Implementation,,,,,,,
2023-0288,2023,DOI,WOS.OS.NHM National Temperature Observations,Pre-deployment,Initiation,,,,,,,
2023-0289,2023,DOI,WRA.HIHR.WAIEE Building capacity for assessment and prediction of post-wildfire water availability,Pre-deployment,Initiation,,,,,,,
2023-0290,2023,DOI,WRA.NWC.WU Gap analysis for water use,Pre-deployment,Initiation,,,,,,,
2023-0291,2023,DOI,WRA.NWC.IWAA National Extent Hydrogeologic Framework for NWC,Pre-deployment,Initiation,,,,,,,
2023-0292,2023,DOI,WRA.NWC.IWAA National-Extent Groundwater Quality Prediction for the National Water Census and Regional Integrated Water Availability Assessments,Pre-deployment,Initiation,,,,,,,
2023-0293,2023,DOI,WRA.HIHR.WQP Process-guided Deep Learning for Predicting Dissolved Oxygen on Stream Networks,Pre-deployment,Initiation,,,,,,,
2023-0294,2023,DOI,WRA.NWC.EF Economic Valuation of Ecosystem Services in the Delaware River Basin,Pre-deployment,Initiation,,,,,,,
2023-0295,2023,DOI,WRA.NWC.IWAA Model Application for the National IWAAs and NWC,Pre-deployment,Initiation,,,,,,,
2023-0296,2023,DOI,WRA.WPID.IWP.PUMP Turbidity Forecasting,Pre-deployment,Initiation,,,,,,,
2023-0297,2023,DOI,WRA.WPID.IWP.PUMP ExaSheds stream temperature projections with process-guided deep learning,Pre-deployment,Initiation,,,,,,,
2023-0298,2023,DOI,Vegetation and Water Dynamics,Pre-deployment,Initiation,,,,,,,
2023-0299,2023,DOI,DOMESTIC WELL VULNERABILITY SES INDICATORS NEW HAMPSHIRE,Pre-deployment,Initiation,,,,,,,
2023-0300,2023,DOI,Two-Dimensional Detailed Hydraulic Analysis,Pre-deployment,Initiation,,,,,,,
2023-0301,2023,DOI,GEMSC Geospatial Modernization and Machine Learning Integration,Pre-deployment,Initiation,,,,,,,
2023-0302,2023,DOI,21st Century Prospecting: AI-assisted Surveying of Critical Mineral Potential (Reimbursable),Pre-deployment,Initiation,,,,,,,
2023-0303,2023,DOI,SWFL Habitat GIS Model,Pre-deployment,Initiation,,,,,,,
2023-0304,2023,DOI,Kaguya TC DTM Generation,Pre-deployment,Initiation,,,,,,,
2023-0305,2023,DOI,AI/ML for aquatic science,Pre-deployment,Initiation,,,,,,,
2023-0306,2023,DOI,TMDL and Data Mining Investigations,Deployed,Operation and Maintenance,,,,,,,
2023-0307,2023,DOJ,Drug Signature Program Algorithms,Deployed,In production: more than 1 year,,,,,,,
2023-0308,2023,DOJ,Complaint Lead Value Probability,Deployed,In production: more than 1 year,,,,,,,
2023-0309,2023,DOJ,Intelligent Records Consolidation Tool,Deployed,In production: more than 1 year,,,,,,,
2023-0310,2023,DOJ,Privileged Material Identification,Deployed,In production: less than 6 months,,,,,,,
2023-0311,2023,DOL,Form Recognizer for Benefits Forms,Deployed,Operation and Maintenance,,,,,,,
2023-0312,2023,DOL,Language Translation,Pilot,Implementation,,,,,,,
2023-0313,2023,DOL,Audio Transcription,Deployed,Operation and Maintenance,,,,,,,
2023-0314,2023,DOL,Text to Speech Conversion,Deployed,Operation and Maintenance,,,,,,,
2023-0315,2023,DOL,Claims Document Processing,Pilot,Implementation,,,,,,,
2023-0316,2023,DOL,Website Chatbot Assistant,Pilot,Implementation,,,,,,,
2023-0317,2023,DOL,Data Ingestion of Payroll Forms,Pre-deployment,Initiation,,,,,,,
2023-0318,2023,DOL,Hololens,Deployed,Operation and Maintenance,,,,,,,
2023-0319,2023,DOL,DOL Intranet Website Chatbot Assistant,Pre-deployment,Initiation,,,,,,,
2023-0320,2023,DOL,Official Document Validation,Pilot,Implementation,,,,,,,
2023-0321,2023,DOL,Electronic Records Management,Pre-deployment,Initiation,,,,,,,
2023-0322,2023,DOL,Call Recording Analysis,Pre-deployment,Initiation,,,,,,,
2023-0323,2023,DOL,Automatic Document Processing,Pilot,Implementation,,,,,,,
2023-0324,2023,DOL,Automatic Data Processing Workflow with Form Recognizer,Pre-deployment,Initiation,,,,,,,
2023-0325,2023,DOL,Case Recording summarization,Pre-deployment,Development and Acquisition,,,,,,,
2023-0326,2023,DOL,OEWS Occupation Autocoder,Deployed,Operation and Maintenance,,,,,,,
2023-0327,2023,DOL,Scanner Data Product Classification,Deployed,Operation and Maintenance,,,,,,,
2023-0328,2023,DOL,Expenditure Classification Autocoder,Pre-deployment,Development and Acquisition,,,,,,,
2023-0329,2023,DOS,Federal Procurement Data System (FPDS) Auto-Populate Bot,,,,,,,,,
2023-0330,2023,DOS,Product Service Code Automation ML Model,,,,,,,,,
2023-0331,2023,DOS,Tailored Integration Logistics Management System (ILMS) User Analytics,,,,,,,,,
2023-0332,2023,DOS,Supply Chain Fraud and Risk Models,,,,,,,,,
2023-0333,2023,DOS,Tailored Integration Logistics Management System (ILMS) Automated User Support Bot,,,,,,,,,
2023-0334,2023,DOS,Within Grade Increase Automation,,,,,,,,,
2023-0335,2023,DOS,Verified Imagery Pilot Project,,,,,,,,,
2023-0336,2023,DOS,Conflict Forecasting,,,,,,,,,
2023-0337,2023,DOS,Automatic Detection of Authentic Material,,,,,,,,,
2023-0338,2023,DOS,Automated Burning Detection,,,,,,,,,
2023-0339,2023,DOS,Automated Damage Assessments,,,,,,,,,
2023-0340,2023,DOS,ServiceNow AI-Powered Virtual Agent (Chatbot),,,,,,,,,
2023-0341,2023,DOS,Apptio,,,,,,,,,
2023-0342,2023,DOS,NLP for Foreign Assistance Appropriations Analysis,,,,,,,,,
2023-0343,2023,DOS,eRecords M/L Metadata Enrichment,,,,,,,,,
2023-0344,2023,DOS,Facebook Ad Test Optimization System,,,,,,,,,
2023-0345,2023,DOS,Global Audience Segmentation Framework,,,,,,,,,
2023-0346,2023,DOS,Machine-Learning Assisted Measurement and Evaluation of Public Outreach,,,,,,,,,
2023-0347,2023,DOS,GPATools and GPAIX,,,,,,,,,
2023-0348,2023,DOS,AI Capabilities Embedded in SMART,,,,,,,,,
2023-0349,2023,DOS,NLP to pull key information from unstructured text,,,,,,,,,
2023-0350,2023,DOS,K-Means clustering into tiers,,,,,,,,,
2023-0351,2023,DOS,Optical Character Recognition – text extraction,,,,,,,,,
2023-0352,2023,DOS,Topic Modeling,,,,,,,,,
2023-0353,2023,DOS,forecasting,,,,,,,,,
2023-0354,2023,DOS,Deepfake Detector,,,,,,,,,
2023-0355,2023,DOS,SentiBERTIQ,,,,,,,,,
2023-0356,2023,DOS,TOPIQ,,,,,,,,,
2023-0357,2023,DOS,Text Similarity,,,,,,,,,
2023-0358,2023,DOS,Image Clustering,,,,,,,,,
2023-0359,2023,DOS,Louvain Community Detection,,,,,,,,,
2023-0360,2023,DOT,Remote Oceanic Meteorological Information Operations (ROMIO),Pre-deployment,Technical transfer of capability to industry planned this summer.,,,,,,,
2023-0361,2023,DOT,Determining Surface Winds with Machine Learning Software,Deployed,Successfully tested but not in production.,,,,,,,
2023-0362,2023,DOT,Surface Report Classifiier (SCM/Auto-Class),Pre-deployment,Refinments planned for future release,,,,,,,
2023-0363,2023,DOT,Automated Delay detection using voice processing,Pre-deployment,Initial development,,,,,,,
2023-0364,2023,DOT,Regulatory Compliance Mapping Tool,Pre-deployment,User Acceptance Testing to begin early spring '22,,,,,,,
2023-0365,2023,DOT,JASC Code classification in Safety Difficulty Reports (SDR),,,,,,,,,
2023-0366,2023,DOT,Course Deviation Identification for Multiple Airport Route Separation (MARS),,,,,,,,,
2023-0367,2023,DOT,Machine Learning for Occupant Safety Research,Pre-deployment,Proof of Concept completed and published,,,,,,,
2023-0368,2023,DOT,Machine Learning for Occupant Safety Research,Pre-deployment,Currently under development,,,,,,,
2023-0369,2023,DOT,Offshore Precipitation Capability (OPC),Deployed,"OPC runs in a pseudo-operational capacity via a webpage maintained by the Massachusetts Institute of Technology - Lincoln Lab, as well as in a test and evaluation capacity in a research mode.",,,,,,,
2023-0370,2023,DOT,Development of Predictive Analytics Using Autonomous Track Geometry Measurement System (ATGMS) Data,,,,,,,,,
2023-0371,2023,DOT,Crushed Aggregate Gradation Evaluation System,,,,,,,,,
2023-0372,2023,DOT,Automatic Track Change Detection Demonstration and Analysis,,,,,,,,,
2023-0373,2023,DOT,PHMSA Rule Making,Pre-deployment,This is a pilot initiative,,,,,,,
2023-0374,2023,ED,Aidan Chat-bot,,,,,,,,,
2023-0375,2023,EPA,Use of random forest model to predict exposure pathways,,,,,,,,,
2023-0376,2023,EPA,Records Categorization,,,,,,,,,
2023-0377,2023,EPA,Enforcement Targeting,,,,,,,,,
2023-0378,2023,GSA,Acquisition Analytics,Deployed,Operation and Maintenance,,,,,,,
2023-0379,2023,GSA,City Pairs Program Ticket Forecast and Scenario Analysis Tools,Pre-deployment,Development and Acquisition,,,,,,,
2023-0380,2023,GSA,Category Taxonomy Refinement Using NLP,Deployed,Operation and Maintenance,,,,,,,
2023-0381,2023,GSA,Key KPI Forecasts for GWCM,Pilot,Implementation,,,,,,,
2023-0382,2023,GSA,Contract Acquisition Lifecycle Intelligence (CALI),Pilot,Implementation,,,,,,,
2023-0383,2023,GSA,Chatbot for Federal Acquisition Community,Deployed,Operation and Maintenance,,,,,,,
2023-0384,2023,GSA,Document Workflow / Intelligent Data Capture and Extraction,Deployed,Operation and Maintenance,,,,,,,
2023-0385,2023,GSA,Service Desk Generic Ticket Classification,Pilot,Implementation,,,,,,,
2023-0386,2023,GSA,Service Desk Virtual Agent (Curie),Deployed,Operation and Maintenance,,,,,,,
2023-0387,2023,GSA,Solicitation Review Tool (SRT),Deployed,Operation and Maintenance,,,,,,,
2023-0388,2023,GSA,Classifying Qualitative Data,Deployed,Operation and Maintenance,,,,,,,
2023-0389,2023,GSA,IAE FSD CCAI Virtual Agent,Deployed,Operation and Maintenance,,,,,,,
2023-0390,2023,HHS,Information Gateway OneReach Application,Deployed,Operation and Maintenance,,,,,,,
2023-0391,2023,HHS,AHRQ Search,Deployed,Operation and Maintenance,,,,,,,
2023-0392,2023,HHS,Chatbot,Deployed,Operation and Maintenance,,,,,,,
2023-0393,2023,HHS,R+2:18eDIRECT: Clarivate,Deployed,Operation and Maintenance,,,,,,,
2023-0394,2023,HHS,ReDIRECT: AriScience,Pre-deployment,Development and Acquisition,,,,,,,
2023-0395,2023,HHS,Burn & Blast MCMs: Rivanna,Pre-deployment,Development and Acquisition,,,,,,,
2023-0396,2023,HHS,Burn & Blast MCMs: Philips,Pre-deployment,Development and Acquisition,,,,,,,
2023-0397,2023,HHS,Burn & Blast MCMs: Philips,Pre-deployment,Development and Acquisition,,,,,,,
2023-0398,2023,HHS,Burn & Bast MCMs: SpectralMD,Pre-deployment,Development and Acquisition,,,,,,,
2023-0399,2023,HHS,Digital MCM: Virufy,Deployed,Operation and Maintenance,,,,,,,
2023-0400,2023,HHS,Current Health,Deployed,Operation and Maintenance,,,,,,,
2023-0401,2023,HHS,Digital MCM: Raisonance,Pre-deployment,Development and Acquisition,,,,,,,
2023-0402,2023,HHS,Digital MCM: Visual Dx,Pre-deployment,Development and Acquisition,,,,,,,
2023-0403,2023,HHS,Host-Based Diagnostics: Patchd,Pre-deployment,Development and Acquisition,,,,,,,
2023-0404,2023,HHS,Data Modernization,Pre-deployment,Initiation,,,,,,,
2023-0405,2023,HHS,Cyber Threat Detection/ Predictive analytics,Pre-deployment,Initiation,,,,,,,
2023-0406,2023,HHS,emPOWER,Deployed,Operation and Maintenance,,,,,,,
2023-0407,2023,HHS,Community Access to Testing,Deployed,Operation and Maintenance,,,,,,,
2023-0408,2023,HHS,Modeling & Simulation,Pre-deployment,Initiation,,,,,,,
2023-0409,2023,HHS,Ventilator Medication Model,Deployed,Operation and Maintenance,,,,,,,
2023-0410,2023,HHS,Product redistribution optimization,Pre-deployment,Development and Acquisition,,,,,,,
2023-0411,2023,HHS,Highly Infectious Patient Movement optimization,Pre-deployment,Initiation,,,,,,,
2023-0412,2023,HHS,TowerScout:Automated cooling tower detection from aerial imagery for Legionnaires' Disease outbreak investigation,Deployed,Operation and Maintenance,,,,,,,
2023-0413,2023,HHS,HaMLET: Harnessing Machine Learning to Eliminate Tuberculosis,Pre-deployment,Development and Acquisition,,,,,,,
2023-0414,2023,HHS,Zero-shot learning to identify menstrual irregularities reported after COVID-19 vaccination,Deployed,Operation and Maintenance,,,,,,,
2023-0415,2023,HHS,Validation Study of Deep Learning Algorithms to Explore the Potential Use of Artificial Intelligence for Public Health Surveillance of Eye Diseases,Pre-deployment,Development and Acquisition,,,,,,,
2023-0416,2023,HHS,Automating extraction of sidewalk networks from street-level images,Pre-deployment,Development and Acquisition,,,,,,,
2023-0417,2023,HHS,"Identify walking and bicycling trips in location-based data, including global-positioning system data from smartphone applications",Pre-deployment,Initiation,,,,,,,
2023-0418,2023,HHS,Identify infrastructure supports for physical activity (e.g. sidewalks) in satellite and roadway images,Pre-deployment,Initiation,,,,,,,
2023-0419,2023,HHS,Identifying state and local policy provisions that promote or inhibit creating healthy built environments,Pre-deployment,Initiation,,,,,,,
2023-0420,2023,HHS,Use of Natural Language Processing for Topic Modeling to Automate Review of Public Comments to Notice of Proposed Rulemaking,Pre-deployment,Development and Acquisition,,,,,,,
2023-0421,2023,HHS,Semi-Automated Nonresponse Detection for Surveys (SANDS),Deployed,Operation and Maintenance,,,,,,,
2023-0422,2023,HHS,Sequential Coverage Algorithm (SCA) and partial Expectation-Maximization (EM) estimation in Record Linkage,Deployed,Operation and Maintenance,,,,,,,
2023-0423,2023,HHS,Coding cause of death information on death certificates to ICD-10,Deployed,Operation and Maintenance,,,,,,,
2023-0424,2023,HHS,Detecting Stimulant and Opioid Misuse and Illicit Use,Pre-deployment,Initiation,,,,,,,
2023-0425,2023,HHS,AI/ML Model Release Standards,Pre-deployment,Development and Acquisition,,,,,,,
2023-0426,2023,HHS,PII detection using Private AI,Pre-deployment,Development and Acquisition,,,,,,,
2023-0427,2023,HHS,Transcribing Cognitive Interviews with Whisper,Pre-deployment,Development and Acquisition,,,,,,,
2023-0428,2023,HHS,Named Entity Recognition for Opioid Use in Free Text Clinical Notes from Electronic Health Records,Pre-deployment,Development and Acquisition,,,,,,,
2023-0429,2023,HHS,Nowcasting Suicide Trends,Deployed,Operation and Maintenance,,,,,,,
2023-0430,2023,HHS,NCIRD SmartFind ChatBots - Public and Internal,Deployed,Operation and Maintenance,,,,,,,
2023-0431,2023,HHS,Amazon Lex and Amazon Polly for the Marketplace Appeals Call Center,Deployed,Operation and Maintenance,,,,,,,
2023-0432,2023,HHS,Feedback Analysis Solution (FAS),Deployed,Operation and Maintenance,,,,,,,
2023-0433,2023,HHS,Predictive Intelligence - Incident Assignment for Quality Service Center (QSC).,Deployed,Operation and Maintenance,,,,,,,
2023-0434,2023,HHS,Fraud Prevention System Alert Summary Report Priority Score,Pre-deployment,Development and Acquisition,,,,,,,
2023-0435,2023,HHS,"Center for Program Integrity (CPI) Fraud Prevention System Models (e.g. DMEMBITheftML, HHAProviderML)",Deployed,Operation and Maintenance,,,,,,,
2023-0436,2023,HHS,Priority Score Model - ranks providers within the Fraud Prevention System using logistic regression based on program integrity guidelines.,Deployed,Operation and Maintenance,,,,,,,
2023-0437,2023,HHS,"Priority Score Timeliness - forecast the time needed to work on an alert produced by Fraud Prevention System (Random Forest, Decision Tree, Gradient Boost, Generalized Linear Regression)",Deployed,Operation and Maintenance,,,,,,,
2023-0438,2023,HHS,CCIIO Enrollment Resolution and Reconciliation System (CERRS),Deployed,Operation and Maintenance,,,,,,,
2023-0439,2023,HHS,Central Data Abstraction Tool-Modernized (Modernized-CDAT)- Intake Process Automation (PA) Tool,Deployed,Operation and Maintenance,,,,,,,
2023-0440,2023,HHS,CMS Connect (CCN),Deployed,Operation and Maintenance,,,,,,,
2023-0441,2023,HHS,CMS Enterprise Portal Services (CMS Enterprise Portal-Chatbot),Deployed,Operation and Maintenance,,,,,,,
2023-0442,2023,HHS,Federally Facilitated Marketplaces (FFM),Pre-deployment,Initiation,,,,,,,
2023-0443,2023,HHS,Marketplace Learning Management System (MLMS),Deployed,Operation and Maintenance,,,,,,,
2023-0444,2023,HHS,Medicaid And CHIP Financial (MACFin) Anomaly Detection Model for DSH Audit,Pre-deployment,Initiation,,,,,,,
2023-0445,2023,HHS,Medicaid And CHIP Financial (MACFin) DSH Payment Forecasting model,Pre-deployment,Initiation,,,,,,,
2023-0446,2023,HHS,Performance Metrics Database and Analytics (PMDA),Pre-deployment,Initiation,,,,,,,
2023-0447,2023,HHS,"Relationships, Events, Contacts, and Outreach Network (RECON)",Deployed,Operation and Maintenance,,,,,,,
2023-0448,2023,HHS,Risk Adjustment Payment Integrity Determination System (RAPIDS),Deployed,Operation and Maintenance,,,,,,,
2023-0449,2023,HHS,Drug Cost Increase Predictions,Pre-deployment,Initiation,,,,,,,
2023-0450,2023,HHS,Brand vs Generic Market Share,Pre-deployment,Initiation,,,,,,,
2023-0451,2023,HHS,Drug cost anomaly detection,Pre-deployment,Initiation,,,,,,,
2023-0452,2023,HHS,Artificial Intelligence (AI) Explorers Program Pilot - Automated Technical Profile,Pre-deployment,Development and Acquisition,,,,,,,
2023-0453,2023,HHS,Artificial Intelligence (AI) Explorers Program Pilot - Section 508 accessibility Testing,Pre-deployment,Development and Acquisition,,,,,,,
2023-0454,2023,HHS,Process Large Amount of Submitted Docket Comments,Pilot,Implementation,,,,,,,
2023-0455,2023,HHS,To develop novel approaches to expand and/or modify the vaccine AESI phenotypes in order to further improve adverse event detection,Pilot,Implementation,,,,,,,
2023-0456,2023,HHS,"BEST Platform improves post-market surveillance efforts through the semi-automated detection, validation and reporting of adverse events.",Pilot,Implementation,,,,,,,
2023-0457,2023,HHS,Development of Machine Learning Approaches to Population Pharmacokinetic Model Selection and Evaluation of Application to Model-Based Bioequivalence Analysis,Pre-deployment,Development and Acquisition,,,,,,,
2023-0458,2023,HHS,Machine-Learning based Heterogeneous Treatment Effect Models for Prioritizing Product-Specific Guidance Development,Pre-deployment,Development and Acquisition,,,,,,,
2023-0459,2023,HHS,Developing Tools based on Text Analysis and Machine Learning to Enhance PSG Review Efficiency,Pre-deployment,Development and Acquisition,,,,,,,
2023-0460,2023,HHS,BEAM (Bioequivalence Assessment Mate) - a Data/Text Analytics Tool to Enhance Quality and Efficiency of Bioequivalence Assessment,Pre-deployment,Development and Acquisition,,,,,,,
2023-0461,2023,HHS,Application of Statistical Modeling and Natural Language Processing for Adverse Event Analysis,Pre-deployment,Initiation,,,,,,,
2023-0462,2023,HHS,Centers of Excellence in Regulatory Science and Innovation (CERSI) project - Leveraging AI for improving remote interactions.,Pre-deployment,Initiation,,,,,,,
2023-0463,2023,HHS,Opioid Data Warehouse Term Identification and Novel Synthetic Opioid Detection and Evaluation Analytics,Deployed,Operation and Maintenance,,,,,,,
2023-0464,2023,HHS,Artificial Intelligence-based Deduplication Algorithm for Classification of Duplicate Reports in the FDA Adverse Event Reports (FAERS),Pre-deployment,Development and Acquisition,,,,,,,
2023-0465,2023,HHS,Information Visualization Platform (InfoViP) to support analysis of individual case safety reports,Pre-deployment,Development and Acquisition,,,,,,,
2023-0466,2023,HHS,Using Unsupervised Learning to Generate Code Mapping Algorithms to Harmonize Data Across Data Systems,Pilot,Implementation,,,,,,,
2023-0467,2023,HHS,Augmenting date and cause of death ascertainment in observational data sources,Pilot,Implementation,,,,,,,
2023-0468,2023,HHS,Scalable automated NLP-assisted chart abstraction and feature extraction tool,Pre-deployment,Initiation,,,,,,,
2023-0469,2023,HHS,MASTER PLAN Y4,Pre-deployment,Initiation,,,,,,,
2023-0470,2023,HHS,Onboarding of EHR data partners,Pre-deployment,Initiation,,,,,,,
2023-0471,2023,HHS,Creating a development network,Pre-deployment,Initiation,,,,,,,
2023-0472,2023,HHS,Empirical evaluation of EHR-based signal detection approaches,Pre-deployment,Initiation,,,,,,,
2023-0473,2023,HHS,Label comparison tool to support identification of safety-related changes in drug labeling,Pre-deployment,Development and Acquisition,,,,,,,
2023-0474,2023,HHS,Artificial Intelligence (AI) Supported Annotation of FAERS Reports,Pre-deployment,Development and Acquisition,,,,,,,
2023-0475,2023,HHS,Community Level Opioid Use Dynamics Modeling and Simulation,Pre-deployment,Initiation,,,,,,,
2023-0476,2023,HHS,Automatic Recognition of Individuals by Pharmacokinetic Profiles to Identify Data Anomalies,Pre-deployment,Development and Acquisition,,,,,,,
2023-0477,2023,HHS,CluePoints CRADA,Pre-deployment,Development and Acquisition,,,,,,,
2023-0478,2023,HHS,Clinical Study Data Auto-transcribing Platform (AI Analyst) for Generating Evidence to Support Drug Labelling,Pilot,Implementation,,,,,,,
2023-0479,2023,HHS,Data Infrastructure Backbone for AI applications,Deployed,Operation and Maintenance,,,,,,,
2023-0480,2023,HHS,"AI Engine for Knowledge discovery, Post-market Surveillance and Signal Detection",Pilot,Implementation,,,,,,,
2023-0481,2023,HHS,Emerging Chemical Hazard Intelligence Platform (ECHIP - completed),Deployed,Operation and Maintenance,,,,,,,
2023-0482,2023,HHS,OSCAR,Deployed,Operation and Maintenance,,,,,,,
2023-0483,2023,HHS,SSTAT,Deployed,Operation and Maintenance,,,,,,,
2023-0484,2023,HHS,ASSIST4TOBACCO,Pilot,Implementation,,,,,,,
2023-0485,2023,HHS,Using XGBoost Machine Learning Method to Predict Antimicrobial Resistance from WGS data,Pre-deployment,Development and Acquisition,,,,,,,
2023-0486,2023,HHS,Development of virtual animal models to simulate animal study results using Artificial Intelligence (AI),Pre-deployment,Initiation,,,,,,,
2023-0487,2023,HHS,Assessing and mitigating bias in applying Artificial Intelligence (AI) based natural language processing (NLP) of drug labeling documents,Pre-deployment,Initiation,,,,,,,
2023-0488,2023,HHS,Identify sex disparities in opioid drug safety signals in FDA adverse events report systems (FAERS) and social media Twitter to improve women health,Pre-deployment,Initiation,,,,,,,
2023-0489,2023,HHS,Prediction of adverse events from drug - endogenous ligand - target networks generated using 3D-similarity and machine learning methods.,Pre-deployment,Initiation,,,,,,,
2023-0490,2023,HHS,Predictive toxicology models of drug placental permeability using 3D-fingerprints and machine learning,Pre-deployment,Initiation,,,,,,,
2023-0491,2023,HHS,Opioid agonists/antagonists knowledgebase (OAK) to assist review and development of analgesic products for pain management and opioid use disorder treatment,Pilot,Implementation,,,,,,,
2023-0492,2023,HHS,Development of a Comprehensive Open Access Molecules with Androgenic Activity Resource (MAAR) to Facilitate Assessment of Chemicals,Pilot,Implementation,,,,,,,
2023-0493,2023,HHS,Artificial Intelligence (AI)-based Natural Language Processing (NLP) for FDA labeling documents,Pilot,Implementation,,,,,,,
2023-0494,2023,HHS,Informing selection of drugs for COVID-19 treatment by big data analytics and artificial intelligence,Pilot,Implementation,,,,,,,
2023-0495,2023,HHS,Towards Explainable AI: Advancing Predictive Modeling for Regulatory Use,Pilot,Implementation,,,,,,,
2023-0496,2023,HHS,Identification of sex differences on prescription opioid use (POU)-related cardiovascular risks by big data analysis,Pre-deployment,Development and Acquisition,,,,,,,
2023-0497,2023,HHS,NCTR/DBB-CDER/OCS collaboration on A SafetAI Initiative to Enhance IND Review Process,Pre-deployment,Initiation,,,,,,,
2023-0498,2023,HHS,individual Functional Activity Composite Tool (inFACT),Pre-deployment,Development and Acquisition,,,,,,,
2023-0499,2023,HHS,Assisted Referral Tool,Deployed,Operation and Maintenance,,,,,,,
2023-0500,2023,HHS,NanCI: Connecting Scientists,Pre-deployment,Development and Acquisition,,,,,,,
2023-0501,2023,HHS,Detection of Implementation Science focus within incoming grant applications,Deployed,Operation and Maintenance,,,,,,,
2023-0502,2023,HHS,Federal IT Acquisition Reform Act (FITARA) Tool,Deployed,Operation and Maintenance,,,,,,,
2023-0503,2023,HHS,"Division of Allergy, Immunology, and Transplantation (DAIT) AIDS-Related Research Solution",Deployed,Operation and Maintenance,,,,,,,
2023-0504,2023,HHS,Scientific Research Data Management System Natural Language Processing Conflict of Interest Tool,Deployed,Operation and Maintenance,,,,,,,
2023-0505,2023,HHS,Tuberculosis (TB) Case Browser Image Text Detection,Deployed,Operation and Maintenance,,,,,,,
2023-0506,2023,HHS,Research Area Tracking Tool,Deployed,Operation and Maintenance,,,,,,,
2023-0507,2023,HHS,NIDCR Digital Transformation Initiative (DTI),Pre-deployment,Development and Acquisition,,,,,,,
2023-0508,2023,HHS,NIDCR Data Bank,Pre-deployment,Development and Acquisition,,,,,,,
2023-0509,2023,HHS,Automated approaches for table extraction,Pre-deployment,Development and Acquisition,,,,,,,
2023-0510,2023,HHS,SWIFT Active Screener,Deployed,Operation and Maintenance,,,,,,,
2023-0511,2023,HHS,Splunk IT System Monitoring Software,Deployed,Operation and Maintenance,,,,,,,
2023-0512,2023,HHS,Clinical Trial Predictor,Pilot,Implementation,,,,,,,
2023-0513,2023,HHS,Stem Cell Auto Coder,Pilot,Implementation,,,,,,,
2023-0514,2023,HHS,JIT Automated Calculator (JAC),Pilot,Implementation,,,,,,,
2023-0515,2023,HHS,Similarity-based Application and Investigator Matching (SAIM),Pre-deployment,Development and Acquisition,,,,,,,
2023-0516,2023,HHS,Remediate Adobe .pdf documents to be more accessible,Pre-deployment,Development and Acquisition,,,,,,,
2023-0517,2023,HHS,CylanceProtect,Deployed,Operation and Maintenance,,,,,,,
2023-0518,2023,HHS,MEDIQA: Biomedical Question Answering,Pre-deployment,Initiation,,,,,,,
2023-0519,2023,HHS,CLARIN: Detecting clinicians' attitudes through clinical notes,Pre-deployment,Development and Acquisition,,,,,,,
2023-0520,2023,HHS,Best Match: New relevance search for PubMed,Deployed,Operation and Maintenance,,,,,,,
2023-0521,2023,HHS,SingleCite: Improving single citation search in PubMed,Deployed,Operation and Maintenance,,,,,,,
2023-0522,2023,HHS,Computed Author: author name disambiguation for PubMed,Deployed,Operation and Maintenance,,,,,,,
2023-0523,2023,HHS,NLM-Gene: towards automatic gene indexing in PubMed articles,Pre-deployment,Initiation,,,,,,,
2023-0524,2023,HHS,NLM-Chem: towards automatic chemical indexing in PubMed articles,Pre-deployment,Initiation,,,,,,,
2023-0525,2023,HHS,Biomedical Citation Selector (BmCS),Pilot,Implementation,,,,,,,
2023-0526,2023,HHS,MTIX,Pilot,Implementation,,,,,,,
2023-0527,2023,HHS,ClinicalTrials.gov Protocol Registration and Results System Review Assistant,Pre-deployment,Development and Acquisition,,,,,,,
2023-0528,2023,HHS,MetaMap,Deployed,Operation and Maintenance,,,,,,,
2023-0529,2023,HHS,Pangolin lineage classification of SARS-CoV-2 genome sequences,Deployed,Operation and Maintenance,,,,,,,
2023-0530,2023,HHS,HIV-related grant classifier tool,Pilot,Implementation,,,,,,,
2023-0531,2023,HHS,Automated approaches to analyzing scientific topics,Pilot,Implementation,,,,,,,
2023-0532,2023,HHS,Identification of emerging areas,Pilot,Implementation,,,,,,,
2023-0533,2023,HHS,Person-level disambiguation for PubMed authors and NIH grant applicants,Pilot,Implementation,,,,,,,
2023-0534,2023,HHS,Prediction of transformative breakthroughs,Pilot,Implementation,,,,,,,
2023-0535,2023,HHS,Machine learning pipeline for mining citations from full-text scientific articles,Deployed,Operation and Maintenance,,,,,,,
2023-0536,2023,HHS,Machine learning system to predict translational progress in biomedical research,Deployed,Operation and Maintenance,,,,,,,
2023-0537,2023,HHS,"Research, Condition, and Disease Categorization (RCDC) AI Validation Tool",Pre-deployment,Development and Acquisition,,,,,,,
2023-0538,2023,HHS,Internal Referral Module (IRM),Pilot,Implementation,,,,,,,
2023-0539,2023,HHS,NIH Grants Virtual Assistant,Deployed,Operation and Maintenance,,,,,,,
2023-0540,2023,HHS,Tool for Nature Gas Procurement Planning,Pilot,Implementation,,,,,,,
2023-0541,2023,HHS,NIH Campus Cooling Load Forecaster,Deployed,Operation and Maintenance,,,,,,,
2023-0542,2023,HHS,NIH Campus Steam Demand Forecaster,Deployed,Operation and Maintenance,,,,,,,
2023-0543,2023,HHS,Chiller Plant Optimization,Pre-deployment,Development and Acquisition,,,,,,,
2023-0544,2023,HHS,Natural Language Processing Tool for Open Text Analysis,Pre-deployment,Development and Acquisition,,,,,,,
2023-0545,2023,HHS,Contracts and Grants Analytics Portal,Deployed,Operation and Maintenance,,,,,,,
2023-0546,2023,HHS,Text Analytics Portal,Pilot,Implementation,,,,,,,
2023-0547,2023,HUD,Consolidated Plan Pilot Analysis,,,,,,,,,
2023-0548,2023,NARA,AI Pilot Project to Screen and Flag for Personally Identifiable Information (PII) in Digitized Archival Records,Deployed,Planned (not in production),,,,,,,
2023-0549,2023,NARA,Auto-fill of Descriptive Metadata for Archival Descriptions,Deployed,Planned (not in production),,,,,,,
2023-0550,2023,NARA,Automated Data Discovery and Classification Pilot,Deployed,Planned (not in production),,,,,,,
2023-0551,2023,NARA,Semantic Search for National Archives Catalog - an Artificial Intelligence (AI) / Machine Learning (ML) Pilot Program,Deployed,Planned (not in production),,,,,,,
2023-0552,2023,NARA,Freedom of Information Act (FOIA) Discovery AI Pilot,Deployed,Planned (not in production),,,,,,,
2023-0553,2023,NASA,AdaStress,Deployed,In-use,,,,,,,
2023-0554,2023,NASA,Biological and Physical Sciences (BPS) RNA Sequencing Benchmark Training Dataset,Deployed,In-use,,,,,,,
2023-0555,2023,NASA,Biological and Physical Sciences Microscopy Benchmark Dataset,Deployed,In-use,,,,,,,
2023-0556,2023,NASA,High-Performance Quantum-Classical Hybrid Deep Generative Modeling Parameterized by Energy-based Models for Flight-Operations Anomaly Detection,Deployed,In-use,,,,,,,
2023-0557,2023,NASA,Prediction of Mass Level in Radio Frequency Cryogenics,Deployed,In-use,,,,,,,
2023-0558,2023,NASA,Pre-trained microscopy image neural network Encoders,Deployed,In-use,,,,,,,
2023-0559,2023,NASA,Application that provides bio-inspired solutions to engineering problems (PeTaL),Deployed,In-use,,,,,,,
2023-0560,2023,NASA,Inverse Design of Materials,Deployed,In-use,,,,,,,
2023-0561,2023,NASA,Europa Ice Floe Detection (GSFC Planetary Sciences Lab),Deployed,In-use,,,,,,,
2023-0562,2023,NASA,Titan Methane Cloud Detection (GSFC Planetary Sciences Lab),Deployed,In-use,,,,,,,
2023-0563,2023,NASA,ASPEN Mission Planner,Deployed,In mission,,,,,,,
2023-0564,2023,NASA,"Autonomous Marine Vehicles (Single, Multiple)",Deployed,In mission,,,,,,,
2023-0565,2023,NASA,CLASP Coverage Planning & Scheduling,Deployed,In mission,,,,,,,
2023-0566,2023,NASA,Hybrid On-Board and Ground-Based Processing of Massive Sensor Data (HyspIRI IPM),Deployed,In mission,,,,,,,
2023-0567,2023,NASA,Mexec Onboard Planning and Execution,Deployed,In-use,,,,,,,
2023-0568,2023,NASA,Onboard Planner for Mars2020 Rover (Perseverance),Deployed,In mission,,,,,,,
2023-0569,2023,NASA,"SensorWeb: Volcano, Flood, Wildfire, and Others.",Deployed,In mission,,,,,,,
2023-0570,2023,NASA,TRN (Terrain Relative Navigation),Deployed,In-use,,,,,,,
2023-0571,2023,NASA,Autonomous WAiting Room Evaluation (AWARE),Deployed,In-use,,,,,,,
2023-0572,2023,NASA,Geophysical Observations Toolkit for Evaluating Coral Health (GOTECH),Deployed,In-use,,,,,,,
2023-0573,2023,NASA,Lessons Learned Bot (LLB),Deployed,In-use,,,,,,,
2023-0574,2023,NASA,Pedestrian Safety Corridors for Drone Test Range,Deployed,In-use,,,,,,,
2023-0575,2023,NASA,Airplane detection,Deployed,In-use,,,,,,,
2023-0576,2023,NASA,Automatic Detection of Impervious Surfaces from Remotely Sensed Data Using Deep Learning,Deployed,In-use,,,,,,,
2023-0577,2023,NASA,Deep Learning Approaches for mapping surface water using Sentinel-1,Deployed,In-use,,,,,,,
2023-0578,2023,NASA,Deep Learning-based Hurricane Intensity Estimator,Deployed,In-use,,,,,,,
2023-0579,2023,NASA,Forecasting Algal Blooms With Ai In Lake Atitlán,Deployed,In-use,,,,,,,
2023-0580,2023,NASA,GCMD Keyword Recommender (GKR),Deployed,In-use,,,,,,,
2023-0581,2023,NASA,ImageLabeler,Deployed,In-use,,,,,,,
2023-0582,2023,NASA,"Mapping sugarcane in Thailand using transfer learning, a lightweight convolutional neural network, NICFI high resolution satellite imagery and Google Earth Engine",Deployed,In-use,,,,,,,
2023-0583,2023,NASA,Predicting streamflow with deep learning,Deployed,In-use,,,,,,,
2023-0584,2023,NASA,Ship detection,Deployed,In-use,,,,,,,
2023-0585,2023,NASA,Similarity Search for Earth Science Image Archive,Deployed,In-use,,,,,,,
2023-0586,2023,OPM,Human Resource Apprentice (HRA),Pre-deployment,Development and Acquisition,,,,,,,
2023-0587,2023,OPM,Skills matching on Open Opportunities,Deployed,Operation and Maintenance,,,,,,,
2023-0588,2023,OPM,Similar Job Recommendations,Pre-deployment,Development and Acquisition,,,,,,,
2023-0589,2023,OPM,Retirement Services (RS) Chat Bot,Deployed,Operation and Maintenance,,,,,,,
2023-0590,2023,SSA,Modernized Development Worksheet (MDW),,,,,,,,,
2023-0591,2023,SSA,Anomalous iClaim Predictive Model,,,,,,,,,
2023-0592,2023,SSA,Pre-Effectuation Review / Targeted Denial Review Models,,,,,,,,,
2023-0593,2023,SSA,Rep Payee Misuse Model,,,,,,,,,
2023-0594,2023,SSA,CDR Model,,,,,,,,,
2023-0595,2023,SSA,SSI Redetermination Model,,,,,,,,,
2023-0596,2023,SSA,Medicare Part D Subsidy Model,,,,,,,,,
2023-0597,2023,SSA,PATH Model,,,,,,,,,
2023-0598,2023,SSA,Insight,,,,,,,,,
2023-0599,2023,SSA,Intelligent Medical Language Analysis Generation (IMAGEN),,,,,,,,,
2023-0600,2023,SSA,Duplicate Identification Process (DIP),,,,,,,,,
2023-0601,2023,SSA,Handwriting recognition from forms,,,,,,,,,
2023-0602,2023,SSA,Quick Disability Determinations Process,,,,,,,,,
2023-0603,2023,SSA,Mobile Wage Reporting (MOBWR),,,,,,,,,
2023-0604,2023,TREAS,Account Management Chatbot,Deployed,Operation and Maintenance,,,,,,,
2023-0605,2023,TREAS,Appeals Case Memorandum,Pilot,Implementation,,,,,,,
2023-0606,2023,TREAS,Coin quality inspection system,Pre-deployment,Initiation,,,,,,,
2023-0607,2023,TREAS,Collection Chat Bot,Deployed,In production: less than six months,,,,,,,
2023-0608,2023,TREAS,Collection Voice Bot,Deployed,In production: less than six months,,,,,,,
2023-0609,2023,TREAS,CX Analytics,Pilot,Implementation,,,,,,,
2023-0610,2023,TREAS,DATA Act,Deployed,Planned (not in production),,,,,,,
2023-0611,2023,TREAS,Inventory Item Replenishment MLR Modeling Pilot - Phase 1b,Pre-deployment,Development and Acquisition,,,,,,,
2023-0612,2023,TREAS,Inventory Item Replenishment MLR Modeling POC - Phase 1a,Pre-deployment,Development and Acquisition,,,,,,,
2023-0613,2023,TREAS,Inventory Item Replenishment MLR Modeling POC - Phase 2,Pre-deployment,Development and Acquisition,,,,,,,
2023-0614,2023,TREAS,NRP Redesign,Deployed,In production: less than one year,,,,,,,
2023-0615,2023,TREAS,Predictive equipment maintenance system,Pre-deployment,Initiation,,,,,,,
2023-0616,2023,TREAS,TAS Virtual Assistant,Pre-deployment,Initiation,,,,,,,
2023-0617,2023,TREAS,Taxpayer Accessibility - Machine Translation (MT),Pilot,Implementation,,,,,,,
2023-0618,2023,USAID,Media Early Warning System (MEWS),Pre-deployment,Initiation,,,,,,,
2023-0619,2023,USAID,Gender differentiated credit scoring,Pre-deployment,Initiation,,,,,,,
2023-0620,2023,USAID,Machine Learning for Peace,Pre-deployment,Development and Acquisition,,,,,,,
2023-0621,2023,USAID,Long-term impacts of land-use/land-cover dynamics on surface water quality in Botswana’s reservoirs using satellite data and artificial intelligence methods: Case study of the Botswana’s Limpopo River Basin (1984-2019),Pre-deployment,Development and Acquisition,,,,,,,
2023-0622,2023,USAID,Morogoro youth empowerment through establishment of social innovation (YEESI) lab for problem-centered training in machine vision,Pre-deployment,Development and Acquisition,,,,,,,
2023-0623,2023,USAID,Project Vikela,Deployed,Operation and Maintenance,,,,,,,
2023-0624,2023,USAID,Using ML for predicting treatment interruption among PLHIV in Nigeria,Pre-deployment,Development and Acquisition,,,,,,,
2023-0625,2023,USAID,Breakthrough RESEARCH’s Social Media Listening,Deployed,Operation and Maintenance,,,,,,,
2023-0626,2023,USAID,Serbia: AI predictions for the utilization of hospital beds,Pilot,Implementation,,,,,,,
2023-0627,2023,USAID,Mali: AI predictions for the optimization of the allocation of the distribution of COVID-19 vaccines,Pilot,Implementation,,,,,,,
2023-0628,2023,USAID,Indonesia: AI predictions for improving forecasts for TB drugs,Pre-deployment,Initiation,,,,,,,
2023-0629,2023,USAID,NASA SERVIR - Bias Correcting Historical GEOGloWS ECMWF Streamflow Service (GESS) data using Machine Learning (ML) Techniques,Pre-deployment,Development and Acquisition,,,,,,,
2023-0630,2023,USAID,"NASA SERVIR - Using artificial intelligence to forecast harmful algae blooms in Lake Atitlán, Guatemala",Pilot,Implementation,,,,,,,
2023-0631,2023,USAID,NASA SERVIR - Mapping urban vulnerability using AI techniques,Pre-deployment,Initiation,,,,,,,
2023-0632,2023,USDA,Predictive modeling of invasive pest species and category at the port of entry using machine learning algorithms,Deployed,Operation and Management,,,,,,,
2023-0633,2023,USDA,Detection of pre-symptomatic HLB infected citrus,Deployed,Operation and Management,,,,,,,
2023-0634,2023,USDA,High throughput phenotyping in citrus orchards,Deployed,Operation and Management,,,,,,,
2023-0635,2023,USDA,Detection of aquatic weeds,Deployed,Operation and Management,,,,,,,
2023-0636,2023,USDA,Automated Detection & Mapping of Host Plants from Ground Level Imagery,Pre-deployment,Development and Acquisition,,,,,,,
2023-0637,2023,USDA,Standardization of cut flower business names for message set data,Pilot,Implementation,,,,,,,
2023-0638,2023,USDA,"Approximate string or fuzzy matching, used to automate matching similar, but not identical, text in administrative documents",Deployed,Operation and Management,,,,,,,
2023-0639,2023,USDA,Training machine learning models to automatically read file attachments and save information into a more convenient Excel format.,Deployed,Operation and Management,,,,,,,
2023-0640,2023,USDA,Artificial Intelligence for correlative statistical analysis,Deployed,Operation and Management,,,,,,,
2023-0641,2023,USDA,4% Repair Dashboard,Deployed,Operation and Management,,,,,,,
2023-0642,2023,USDA,ARS Project Mapping,Deployed,Operation and Management,,,,,,,
2023-0643,2023,USDA,NAL Automated indexing,Deployed,Operation and Management,,,,,,,
2023-0644,2023,USDA,Democratizing Data,Pilot,Implementation,,,,,,,
2023-0645,2023,USDA,Westat,Deployed,Operation and Management,,,,,,,
2023-0646,2023,USDA,Retailer Receipt Analysis,Pre-deployment,Development and Acquisition,,,,,,,
2023-0647,2023,USDA,Nutrition Education & Local Access Dashboard,Deployed,Operation and Management,,,,,,,
2023-0648,2023,USDA,Land Change Analysis Tool (LCAT),Deployed,Operation and Management,,,,,,,
2023-0649,2023,USDA,OCIO/CDO Council Comment Analysis Tool,Pre-deployment,Development and Acquisition,,,,,,,
2023-0650,2023,USDA,Ecosystem Management Decision Support System (EMDS),Deployed,Operation and Management,,,,,,,
2023-0651,2023,USDA,Wildland Urban Interface - Mapping Wildfire Loss,Pre-deployment,Development and Acquisition,,,,,,,
2023-0652,2023,USDA,CLT Knowledge Database,Deployed,Operation and Management,,,,,,,
2023-0653,2023,USDA,RMRS Raster Utility,Deployed,Operation and Management,,,,,,,
2023-0654,2023,USDA,TreeMap 2016,Deployed,Operation and Management,,,,,,,
2023-0655,2023,USDA,Landscape Change Monitoring System (LCMS),Pre-deployment,Development and Acquisition,,,,,,,
2023-0656,2023,USDA,Geospatial and Remote Sensing Training Courses,Deployed,Operation and Management,,,,,,,
2023-0657,2023,USDA,Forest Health Detection Monitoring,Deployed,Operation and Management,,,,,,,
2023-0658,2023,USDA,Cropland Data Layer,Deployed,Operation and Management,,,,,,,
2023-0659,2023,USDA,List Frame Deadwood Identification,Deployed,Operation and Management,,,,,,,
2023-0660,2023,USDA,Census of Agricuilture Response Propensity Scores,Deployed,Operation and Management,,,,,,,
2023-0661,2023,USDA,Climate Change Classification NLP,Pre-deployment,Development and Acquisition,,,,,,,
2023-0662,2023,USDA,Operational water supply forecasting for western US rivers,Pre-deployment,Development and Acquisition,,,,,,,
2023-0663,2023,USDA,Ecological Site Descriptions (machine learning),Pre-deployment,Development and Acquisition,,,,,,,
2023-0664,2023,USDA,Conservation Effects Assessment Project,Pre-deployment,Development and Acquisition,,,,,,,
2023-0665,2023,USDA,Digital Imagery (no-change) for NRI program,Pre-deployment,Initiation,,,,,,,
2023-0666,2023,USDA,Artificial Intelligence SPAM Mitigation Project,Pre-deployment,Development and Acquisition,,,,,,,
2023-0667,2023,USDA,Acquisition Approval Request Compliance Tool,Deployed,Operation and Management,,,,,,,
2023-0668,2023,USDA,Intelligent Ticket Routing,Deployed,Operation and Management,,,,,,,
2023-0669,2023,USDA,Predictive Maintenance Impacts,Deployed,Operation and Management,,,,,,,
2023-0670,2023,USDA,Video Surveillance System,Deployed,Operation and Management,,,,,,,
2023-0671,2023,VA,Artificial Intelligence physical therapy app,,,,,,,,,
2023-0672,2023,VA,Artificial intelligence coach in cardiac surgery,,,,,,,,,
2023-0673,2023,VA,AI Cure,,,,,,,,,
2023-0674,2023,VA,Acute kidney injury (AKI),,,,,,,,,
2023-0675,2023,VA,Assessing lung function in health and disease,,,,,,,,,
2023-0676,2023,VA,Automated eye movement analysis and diagnostic prediction of neurological disease,,,,,,,,,
2023-0677,2023,VA,Automatic speech transcription engines to aid scoring neuropsychological tests.,,,,,,,,,
2023-0678,2023,VA,CuraPatient,,,,,,,,,
2023-0679,2023,VA,Digital command center,,,,,,,,,
2023-0680,2023,VA,Disentangling dementia patterns using artificial intelligence on brain imaging and electrophysiological data,,,,,,,,,
2023-0681,2023,VA,Machine learning (ML) for enhanced diagnostic error detection and ML classification of protein electrophoresis text,,,,,,,,,
2023-0682,2023,VA,Behavidence,,,,,,,,,
2023-0683,2023,VA,Machine learning tools to predict outcomes of hospitalized VA patients,,,,,,,,,
2023-0684,2023,VA,Nediser reports QA,,,,,,,,,
2023-0685,2023,VA,Precision medicine PTSD and suicidality diagnostic and predictive tool,,,,,,,,,
2023-0686,2023,VA,Prediction of Veterans' Suicidal Ideation following Transition from Military Service,,,,,,,,,
2023-0687,2023,VA,PredictMod,,,,,,,,,
2023-0688,2023,VA,Predictor profiles of OUD and overdose,,,,,,,,,
2023-0689,2023,VA,Provider directory data accuracy and system of record alignment,,,,,,,,,
2023-0690,2023,VA,Seizure detection from EEG and video,,,,,,,,,
2023-0691,2023,VA,SoKat Suicidial Ideation Detection Engine,,,,,,,,,
2023-0692,2023,VA,Using machine learning to predict perfusionists’ critical decision-making during cardiac surgery,,,,,,,,,
2023-0693,2023,VA,Gait signatures in patients with peripheral artery disease,,,,,,,,,
2023-0694,2023,VA,Medication Safety (MedSafe) Clinical Decision Support (CDS),,,,,,,,,
2023-0695,2023,VA,"Prediction of health outcomes, including suicide death, opioid overdose, and decompensated outcomes of chronic diseases.",,,,,,,,,
2023-0696,2023,VA,VA-DoE Suicide Exemplar Project,,,,,,,,,
2023-0697,2023,VA,Machine learning models to predict disease progression among veterans with hepatitis C virus,,,,,,,,,
2023-0698,2023,VA,Prediction of biologic response to thiopurines,,,,,,,,,
2023-0699,2023,VA,Predicting hospitalization and corticosteroid use as a surrogate for IBD flares,,,,,,,,,
2023-0700,2023,VA,Predicting corticosteroid free endoscopic remission with Vedolizumab in ulcerative colitis,,,,,,,,,
2023-0701,2023,VA,Use of machine learning to predict surgery in Crohn’s disease,,,,,,,,,
2023-0702,2023,VA,Reinforcement learning evaluation of treatment policies for patients with hepatitis C virus,,,,,,,,,
2023-0703,2023,VA,Predicting hepatocellular carcinoma in patients with hepatitis C,,,,,,,,,
2023-0704,2023,VA,Computer-aided detection and classification of colorectal polyps,,,,,,,,,
2023-0705,2023,VA,GI Genius (Medtronic),,,,,,,,,
2023-0706,2023,VA,Extraction of family medical history from patient records,,,,,,,,,
2023-0707,2023,VA,VA /IRB approved research study for finding colon polyps,,,,,,,,,
2023-0708,2023,VA,Interpretation/triage of eye images,,,,,,,,,
2023-0709,2023,VA,Screening for esophageal adenocarcinoma,,,,,,,,,
2023-0710,2023,VA,Social determinants of health extractor,,,,,,,,,
2024-0001,2024,DHS,Non-Intrusive Inspection (NII) 3D Imaging Tool,Pilot,Implementation and Assessment,Vendor,Developed with contracting resources.,,Law & Justice,,,L0001
2024-0002,2024,DHS,Babel,Pilot,Implementation and Assessment,Vendor,Developed with contracting resources.,,Law & Justice,,,L0002
2024-0003,2024,DHS,Fivecast ONYX,Pilot,Implementation and Assessment,Vendor,Developed with contracting resources.,,Law & Justice,,,
2024-0004,2024,DHS,Public Information Compilation for Travel  Threat Analysis (Dataminr),Pre-deployment,Acquisition and/or Development,Vendor,Developed with contracting resources.,,Law & Justice,,,L0003
2024-0005,2024,DHS,Anomaly Detection in Non-Intrusive Inspection,Pre-deployment,Acquisition and/or Development,,,,Law & Justice,,,
2024-0006,2024,DHS,Advanced Analytics for X-ray Images (AAXI),Pre-deployment,Acquisition and/or Development,Vendor,Developed with contracting resources.,,Law & Justice,,,L0004
2024-0007,2024,DHS,Automated Data Annotation,Pre-deployment,Initiated,,,,Mission-Enabling,,,L0005
2024-0008,2024,DHS,AI Enabled Autonomous Underwater Vehicle,Pre-deployment,Initiated,,,,Law & Justice,,,L0006
2024-0009,2024,DHS,Relocatable Multi-Sensor System,Pre-deployment,Initiated,,,,Law & Justice,,,L0007
2024-0010,2024,DHS,AI/LLM to generate testable synthetic data,Pre-deployment,Initiated,,,,Mission-Enabling,,,L1084
2024-0011,2024,DHS,Anomaly Detection COV Structure,Pre-deployment,Initiated,,,,Law & Justice,,,L0008
2024-0012,2024,DHS,Anomaly Detection Homogenous Cargo,Pre-deployment,Initiated,,,,Law & Justice,,,L0009
2024-0013,2024,DHS,Anomaly Detection POV Structure,Pre-deployment,Initiated,,,,Law & Justice,,,L0010
2024-0014,2024,DHS,CBP Careers Bot - Leo,Pre-deployment,Initiated,,,,Government Services (includes Benefits and Service Delivery),,,L0011
2024-0015,2024,DHS,Computer Vision for Aerial Detection of Land and Open Water Items of Interest,Pre-deployment,Initiated,,,,Law & Justice,,,L0012
2024-0016,2024,DHS,AI for Software Delivery,Pre-deployment,Initiated,,,,Mission-Enabling,,,L0013
2024-0017,2024,DHS,Optical Counter - UAS Detection,Pre-deployment,Initiated,,,,Law & Justice,,,L0014
2024-0018,2024,DHS,Thermal Power Generation with Geoseismic IoI Detection and Classification,Pre-deployment,Initiated,,,,Law & Justice,,,L0015
2024-0019,2024,DHS,Underwater ROV,Pre-deployment,Initiated,,,,Law & Justice,,,L0016
2024-0020,2024,DHS,Wellness and Physical Fitness Application,Pre-deployment,Initiated,,,,Health & Medical,,,L0017
2024-0021,2024,DHS,API Security Vulnerability Technology,Pre-deployment,Initiated,,,,Mission-Enabling,,,L0018
2024-0022,2024,DHS,Cyber Threat Detection,Pre-deployment,Initiated,,,,Mission-Enabling,,,L0019
2024-0023,2024,DHS,Multi-media Insight Tool,Pre-deployment,Initiated,,,,Mission-Enabling,,,L0020
2024-0024,2024,DHS,Position Description Generation and Evaluation,Pre-deployment,Initiated,,,,Mission-Enabling,,,L0021
2024-0025,2024,DHS,Source Code Development Tool,Pre-deployment,Initiated,,,,Mission-Enabling,,,L0022
2024-0026,2024,DHS,AI Curated Synthetic Data,Retired,Retired,,,,Mission-Enabling,,,
2024-0027,2024,DHS,Integrated Defense and Security Solutions (IDSS),Pre-deployment,Initiated,,,,Law & Justice,,,L0023
2024-0028,2024,DHS,Advance RPM Maintenance Operating Reporter (ARMOR),Pre-deployment,Acquisition and/or Development,,,,Mission-Enabling,,,L0024
2024-0029,2024,DHS,RAPTOR (Rapid Tactical Operations Reconnaissance),Pre-deployment,Initiated,,,,Law & Justice,,,L0025
2024-0030,2024,DHS,Vessel Detection,Pre-deployment,Initiated,,,,Law & Justice,,,L0026
2024-0031,2024,DHS,AI for Autonomous Situational Awareness,Pre-deployment,Initiated,,,,Law & Justice,,,L0027
2024-0032,2024,DHS,RVSS Legacy Overhauled System Project,Retired,Retired,,,,,,,
2024-0033,2024,DHS,Agent Portable Surveillance,Retired,Retired,,,,,,,
2024-0034,2024,DHS,Open-Source News Aggregation,Retired,Retired,,,,,,,
2024-0035,2024,DHS,Autonomous Aerostat,Retired,Retired,,,,,,,
2024-0036,2024,DHS,Geospatial Imagery Utilizing Annotation,Retired,Retired,,,,,,,
2024-0037,2024,DHS,Use of technology to identify proof of life,Retired,Retired,,,,,,,
2024-0038,2024,DHS,Integrated Digital Environment,Retired,Retired,,,,,,,
2024-0039,2024,DHS,Data and Entity Resolution,Retired,Retired,,,,Mission-Enabling,,,
2024-0040,2024,DHS,Port of Entry Risk Assessments,Retired,Retired,,,,,,,
2024-0041,2024,DHS,Traveler Verification Service (TVS),Retired,Retired,,,,,,,
2024-0042,2024,DHS,I4 Viewer Matroid Image Analysis,Retired,Retired,,,,,,,
2024-0043,2024,DHS,Autonomous Maritime Awareness,Retired,Retired,,,,Law & Justice,,,
2024-0044,2024,DHS,Advanced Trade Analytics Platform (ATAP),Deployed,Operation and Maintenance,Vendor,Developed with contracting resources.,,Diplomacy & Trade,,,L1085
2024-0045,2024,DHS,CBP Employee Experience,Deployed,Operation and Maintenance,Vendor,Developed with contracting resources.,,Mission-Enabling,,,L0028
2024-0046,2024,DHS,Passive Body Scanner,Deployed,Operation and Maintenance,Vendor,Developed with contracting resources.,,Law & Justice,,,L0029
2024-0047,2024,DHS,Unmanned Aircraft Collision Avoidance (Skydio),Deployed,Operation and Maintenance,In-house,Developed in-house.,,Law & Justice,,,L1105
2024-0048,2024,DHS,CBP Translate,Deployed,Operation and Maintenance,,,,Law & Justice,,,L0030
2024-0049,2024,DHS,Entity Resolution,Deployed,Operation and Maintenance,Vendor,Developed with contracting resources.,,Law & Justice,,,L0031
2024-0050,2024,DHS,Supervised Traveler Identity Verification Services (Officer Initiated),Deployed,Operation and Maintenance,Vendor,Developed with contracting resources.,,Law & Justice,,,L0032
2024-0051,2024,DHS,Semi-Supervised Traveler Identity Verification Services (Traveler Initiated),Deployed,Operation and Maintenance,Vendor,Developed with contracting resources.,,Law & Justice,,,L0033
2024-0052,2024,DHS,3rd Party Traveler Identity Verification Services,Deployed,Operation and Maintenance,Vendor,Developed with contracting resources.,,Law & Justice,,,L0034
2024-0053,2024,DHS,Mobile Traveler Identity Verification,Deployed,Operation and Maintenance,Vendor,Developed with contracting resources.,,Law & Justice,,,
2024-0054,2024,DHS,Traveler Identity Verification Services (Vetting),Deployed,Operation and Maintenance,Vendor,Developed with contracting resources.,,Law & Justice,,,L0035
2024-0055,2024,DHS,Customs Broker License Exam - Proctor Support,Deployed,Operation and Maintenance,Vendor,Developed with contracting resources.,,Education & Workforce,,,L0036
2024-0056,2024,DHS,ERNIE,Deployed,Operation and Maintenance,Vendor,Developed with contracting resources.,,Law & Justice,,,L0037
2024-0057,2024,DHS,Autonomous Surveillance Tower (AST),Deployed,Operation and Maintenance,Vendor and in-house,Developed with both contracting and in-house resources.,,Law & Justice,,,L1092
2024-0058,2024,DHS,Automated Item of Interest Detection,Deployed,Operation and Maintenance,Vendor,Developed with contracting resources.,,Law & Justice,,,L0038
2024-0059,2024,DHS,CBP One,Deployed,Operation and Maintenance,Vendor,Developed with contracting resources.,,Law & Justice,,,
2024-0060,2024,DHS,Unified Processing/Mobile Intake,Deployed,Operation and Maintenance,Vendor,Developed with contracting resources.,,Law & Justice,,,L0039
2024-0061,2024,DHS,Cyber Threat Analysis (Recorded Future),Deployed,Operation and Maintenance,,,,Law & Justice,,,L0040
2024-0062,2024,DHS,Vault Access Log (SPVAA),Deployed,Operation and Maintenance,Vendor,Developed with contracting resources.,,Mission-Enabling,,,L0041
2024-0063,2024,DHS,HTS Classifier,Deployed,Operation and Maintenance,Vendor,Developed with contracting resources.,,Law & Justice,,,
2024-0064,2024,DHS,CISAChat,Pilot,Implementation and Assessment,Vendor and in-house,Developed with both contracting and in-house resources.,,Mission-Enabling,,,L0042
2024-0065,2024,DHS,Critical Infrastructure Network Anomaly Detection,Pre-deployment,Initiated,,,,Mission-Enabling,,,L0043
2024-0066,2024,DHS,Malware Reverse Engineering,Pre-deployment,Initiated,,,,Mission-Enabling,,,L0044
2024-0067,2024,DHS,Draft Tailored Summaries of Media Materials for Different Publication Channels,Pre-deployment,Initiated,,,,Mission-Enabling,,,L0045
2024-0068,2024,DHS,Security Information and Event Management (SIEM) Alerting Models,Retired,Retired,,,,,,,
2024-0069,2024,DHS,Advanced Analytic Enabled Forensic Investigation,Retired,Retired,,,,,,,
2024-0070,2024,DHS,Advanced Network Anomaly Alerting,Retired,Retired,,,,,,,
2024-0071,2024,DHS,Cyber Threat Intelligence Feed Correlation,Retired,Retired,,,,,,,
2024-0072,2024,DHS,Cyber Incident Reporting,Retired,Retired,,,,,,,
2024-0073,2024,DHS,Cyber Vulnerability Reporting,Retired,Retired,,,,,,,
2024-0074,2024,DHS,AI Security and Robustness,Retired,Retired,,,,,,,
2024-0075,2024,DHS,Operational Activities Explorer,Retired,Retired,,,,,,,
2024-0076,2024,DHS,Security Operation Center (SOC) Network Anomaly Detection,Deployed,Operation and Maintenance,In-house,Developed in-house.,,Mission-Enabling,,,L0046
2024-0077,2024,DHS,Automated Detection of Personally Identifiable Information (PII) in Cybersecurity Data,Deployed,Operation and Maintenance,Vendor,Developed with contracting resources.,,Mission-Enabling,,,L0047
2024-0078,2024,DHS,Confidence Scoring for Cybersecurity Threat Indicators,Deployed,Operation and Maintenance,Vendor,Developed with contracting resources.,,Mission-Enabling,,,L0048
2024-0079,2024,DHS,Report Analysis and Archive System (RAAS),Pre-deployment,Acquisition and/or Development,Vendor,Developed with contracting resources.,,Mission-Enabling,,,L0049
2024-0080,2024,DHS,RelativityOne,Deployed,Operation and Maintenance,Vendor,Developed with contracting resources.,,Mission-Enabling,,,
2024-0081,2024,DHS,Commercial Generative AI for Text Generation (AI Chatbot),Deployed,Operation and Maintenance,,,,Mission-Enabling,,,L0050
2024-0082,2024,DHS,Commercial Generative AI for Image Generation,Deployed,Operation and Maintenance,,,,Mission-Enabling,,,L0051
2024-0083,2024,DHS,Commercial Generative AI for Code Generation,Deployed,Operation and Maintenance,,,,Mission-Enabling,,,L0052
2024-0084,2024,DHS,OCFO Code Assist GPT,Pilot,Implementation and Assessment,Vendor,Developed with contracting resources.,,Mission-Enabling,,,L0053
2024-0085,2024,DHS,Geospatial Damage Assessments,Pilot,Implementation and Assessment,Vendor,Developed with contracting resources.,,Emergency Management,,,L0054
2024-0086,2024,DHS,Hazard Mitigation Assistance Chatbot,Pre-deployment,Acquisition and/or Development,Vendor and in-house,Developed with both contracting and in-house resources.,,Emergency Management,,,L0055
2024-0087,2024,DHS,Planning Assistant for Resilient Communities (PARC),Pre-deployment,Acquisition and/or Development,Vendor and in-house,Developed with both contracting and in-house resources.,,Emergency Management,,,L0056
2024-0088,2024,DHS,Recovery and Resilience Resource (RRR) Portal,Pre-deployment,Initiated,,,,Government Services (includes Benefits and Service Delivery),,,L0057
2024-0089,2024,DHS,Digital Processing Procedure Manual (D-PPM),Pre-deployment,Initiated,,,,Mission-Enabling,,,L0058
2024-0090,2024,DHS,FEMA OCFO GPT,Retired,Retired,,,,Mission-Enabling,,,
2024-0091,2024,DHS,OCFO Response Augmentation Suite,Deployed,Operation and Maintenance,Vendor,Developed with contracting resources.,,Mission-Enabling,,,L0059
2024-0092,2024,DHS,Incident Management Workforce Deployment Model (depmod),Deployed,Operation and Maintenance,Vendor and in-house,Developed with both contracting and in-house resources.,,Mission-Enabling,,,L0060
2024-0093,2024,DHS,Individual Assistance (IA) & Public Assistance (PA) Projections,Deployed,Operation and Maintenance,In-house,Developed in-house.,,Government Services (includes Benefits and Service Delivery),,,L0061
2024-0094,2024,DHS,Voice Analytics for Investigative Data,Pilot,Implementation and Assessment,Vendor,Developed with contracting resources.,,Law & Justice,,,L0062
2024-0095,2024,DHS,Semantic Search and Summarization for Investigative Reports,Pilot,Implementation and Assessment,Vendor,Developed with contracting resources.,,Law & Justice,,,L1088
2024-0096,2024,DHS,Virtual Agent Chatbot for Human Capital,Pilot,Implementation and Assessment,Vendor,Developed with contracting resources.,,Education & Workforce,,,
2024-0097,2024,DHS,Machine Learning Translation Technology Initiative,Pre-deployment,Acquisition and/or Development,Vendor,Developed with contracting resources.,,Law & Justice,,,
2024-0098,2024,DHS,Policy Analyst Assistant,Pre-deployment,Acquisition and/or Development,Vendor,Developed with contracting resources.,,Government Services (includes Benefits and Service Delivery),,,L0063
2024-0099,2024,DHS,SEVP Response Center Chatbot - SID (SEVIS Interactive Dialog),Pre-deployment,Acquisition and/or Development,Vendor,Developed with contracting resources.,,Government Services (includes Benefits and Service Delivery),,,L0064
2024-0100,2024,DHS,Title III Semantic Search and Summarization for Translated Content,Pre-deployment,Initiated,,,,Law & Justice,,,L0065
2024-0101,2024,DHS,Digital Records Manager (DRM) User Assistance Chatbot,Pre-deployment,Initiated,,,,Mission-Enabling,,,L0066
2024-0102,2024,DHS,Burlington Finance Center Voice Bot,Pre-deployment,Initiated,,,,Government Services (includes Benefits and Service Delivery),,,L0067
2024-0103,2024,DHS,RAVEn Compliance Automation Tool (CAT),Retired,Retired,,,,,,,
2024-0104,2024,DHS,Data Tagging and Classification,Retired,Retired,,,,,,,
2024-0105,2024,DHS,Facial Recognition Service,Retired,Retired,,,,,,,
2024-0106,2024,DHS,"Machine Translation
(Previously Language Translator)",Retired,Retired,,,,,,,L0068
2024-0107,2024,DHS,Investigative Prioritization Aggregator,Deployed,Operation and Maintenance,Vendor,Developed with contracting resources.,,Law & Justice,,,L0069
2024-0108,2024,DHS,Hurricane Score,Deployed,Operation and Maintenance,In-house,Developed in-house.,,Law & Justice,,,L0070
2024-0109,2024,DHS,ICE Mobile Check-in Application,Deployed,Operation and Maintenance,Vendor,Developed with contracting resources.,,Law & Justice,,,L0071
2024-0110,2024,DHS,AI Assisted Compromise Email Detector (AACED),Deployed,Operation and Maintenance,In-house,Developed in-house.,,Mission-Enabling,,,L0072
2024-0111,2024,DHS,Intelligent Document Processing for Workflow Automation,Deployed,Operation and Maintenance,Vendor,Developed with contracting resources.,,Mission-Enabling,,,
2024-0112,2024,DHS,"Cybersecurity Threat Management, Detection, and Response",Deployed,Operation and Maintenance,In-house,Developed in-house.,,Mission-Enabling,,,L0073
2024-0113,2024,DHS,Translation and Transcription for Investigative Data,Deployed,Operation and Maintenance,Vendor,Developed with contracting resources.,,Law & Justice,,,L0074
2024-0114,2024,DHS,Biometric Check-in for ATD-ISAP (SmartLINK),Deployed,Operation and Maintenance,Vendor,Developed with contracting resources.,,Law & Justice,,,L0075
2024-0115,2024,DHS,Email Analytics for Investigative Data,Deployed,Operation and Maintenance,Vendor,Developed with contracting resources.,,Law & Justice,,,L0076
2024-0116,2024,DHS,Mobile Device Analytics for Investigative Data,Deployed,Operation and Maintenance,Vendor,Developed with contracting resources.,,Law & Justice,,,L0077
2024-0117,2024,DHS,Identification Card and Travel Document Code Detection,Deployed,Operation and Maintenance,Vendor,Developed with contracting resources.,,Law & Justice,,,L0078
2024-0118,2024,DHS,Normalization Services,Deployed,Operation and Maintenance,Vendor,Developed with contracting resources.,,Law & Justice,,,L0079
2024-0119,2024,DHS,JES and Appropriations Insight,Pre-deployment,Acquisition and/or Development,Vendor,Developed with contracting resources.,,Mission-Enabling,,,L0080
2024-0120,2024,DHS,CFO Companion,Pre-deployment,Acquisition and/or Development,Vendor,Developed with contracting resources.,,Mission-Enabling,,,
2024-0121,2024,DHS,Climate Change Assessment Tool,Pre-deployment,Acquisition and/or Development,Vendor and in-house,Developed with both contracting and in-house resources.,,Mission-Enabling,,,
2024-0122,2024,DHS,Spending Analysis and Budget Execution Risk (SABER) Model,Pre-deployment,Acquisition and/or Development,Vendor,Developed with contracting resources.,,Mission-Enabling,,,L0081
2024-0123,2024,DHS,AdaptiveMFA,Pre-deployment,Acquisition and/or Development,Vendor,Developed with contracting resources.,,Mission-Enabling,,,L0082
2024-0124,2024,DHS,ESEC Inquiry (STORM) Summarization,Pre-deployment,Acquisition and/or Development,In-house,Developed in-house.,,Mission-Enabling,,,L0083
2024-0125,2024,DHS,One Health Threat Detection and Risk Assessment Platform (OH-TREADS) / Planner,Pre-deployment,Initiated,,,,Health & Medical,,,L0084
2024-0126,2024,DHS,Sentiment Analysis and Topic Modeling (SenTop),Retired,Retired,In-house,Developed in-house.,,,,,
2024-0127,2024,DHS,DHS-Chat,Deployed,Operation and Maintenance,In-house,Developed in-house.,,Mission-Enabling,,,L0085
2024-0128,2024,DHS,User and Entity Behavior Analytics (UEBA),Deployed,Operation and Maintenance,Vendor and in-house,Developed with both contracting and in-house resources.,,Mission-Enabling,,,L0086
2024-0129,2024,DHS,Text Analytics for Survey Responses (TASR),Deployed,Operation and Maintenance,In-house,Developed in-house.,,Mission-Enabling,,,L0087
2024-0130,2024,DHS,MiX Phenotyping,Pre-deployment,Initiated,,,,Health & Medical,,,L0088
2024-0131,2024,DHS,MiX Indicators,Pre-deployment,Initiated,,,,Health & Medical,,,L0089
2024-0132,2024,DHS,MiX MedINT (Medical Intelligence Dashboard and Canvas),Pre-deployment,Initiated,,,,Health & Medical,,,L0090
2024-0133,2024,DHS,Low Probability of False Alarm (Low-Pfa) Algorithm for on-person screening.,Pilot,Implementation and Assessment,Vendor,Developed with contracting resources.,,Transportation,,,L0091
2024-0134,2024,DHS,Automated Target Recognition (ATR) Developments for Standard Screening,Pre-deployment,Acquisition and/or Development,Vendor,Developed with contracting resources.,,Transportation,,,L0092
2024-0135,2024,DHS,Accessible Property Screening (APS) Checkpoint CT Prohibited Items (PI) Detection,Pre-deployment,Acquisition and/or Development,Vendor,Developed with contracting resources.,,Transportation,,,L0093
2024-0136,2024,DHS,Walk-Through Metal Detector (WTMD) Alternative Automated Target Recognition (ATR) Developments,Pre-deployment,Acquisition and/or Development,Vendor,Developed with contracting resources.,,Transportation,,,L0094
2024-0137,2024,DHS,Conversation Training and Feedback Simulator,Pre-deployment,Acquisition and/or Development,Vendor,Developed with contracting resources.,,Education & Workforce,,,L0095
2024-0138,2024,DHS,Answer Engine,Pre-deployment,Acquisition and/or Development,Vendor,Developed with contracting resources.,,Mission-Enabling,,,L0096
2024-0139,2024,DHS,Automated Field Data Collection,Pre-deployment,Acquisition and/or Development,Vendor and in-house,Developed with both contracting and in-house resources.,,Transportation,,,L0097
2024-0140,2024,DHS,Plan of Day Staff Optimization,Pre-deployment,Acquisition and/or Development,Vendor and in-house,Developed with both contracting and in-house resources.,,Transportation,,,L0098
2024-0141,2024,DHS,TSA Contact Center Virtual Assistant,Pre-deployment,Acquisition and/or Development,Vendor and in-house,Developed with both contracting and in-house resources.,,Government Services (includes Benefits and Service Delivery),,,L0099
2024-0142,2024,DHS,Machine Learning Analysis Applied to Cyber Threat Hunt Data,Pre-deployment,Acquisition and/or Development,Vendor,Developed with contracting resources.,,Mission-Enabling,,,L0100
2024-0143,2024,DHS,Synthetic Data for Improved Automated Threat Recognition (ATR) in Checkpoint Screening,Pre-deployment,Initiated,,,,Transportation,,,L0101
2024-0144,2024,DHS,OTA Automated Passenger Screening Gate System,Pre-deployment,Initiated,,,,Transportation,,,L0102
2024-0145,2024,DHS,Axon Capture Application,Pre-deployment,Initiated,,,,Law & Justice,,,
2024-0146,2024,DHS,Contract Requirement Automation,Pre-deployment,Initiated,,,,Mission-Enabling,,,L0103
2024-0147,2024,DHS,TSA Case Handling Platform,Pre-deployment,Initiated,,,,Mission-Enabling,,,L0104
2024-0148,2024,DHS,CDC Airport Hotspot Throughput (PageRank),Retired,Retired,,,,,,,
2024-0149,2024,DHS,Airport Throughput Predictive Model,Deployed,Operation and Maintenance,Vendor and in-house,Developed with both contracting and in-house resources.,,Mission-Enabling,,,L0105
2024-0150,2024,DHS,Credential Authentication Technology with Camera System (CAT-2) and AutoCAT (CAT-2 in an e-gate form factor),Deployed,Operation and Maintenance,Vendor,Developed with contracting resources.,,Transportation,,,L0106
2024-0151,2024,DHS,PreCheck Touchless Identity Solution (TIS),Deployed,Operation and Maintenance,Vendor,Developed with contracting resources.,,Transportation,,,L1087
2024-0152,2024,DHS,Silicon Valley Innovation Program (SVIP) Language Translator,Retired,Retired,,,,Government Services (includes Benefits and Service Delivery),,,
2024-0153,2024,DHS,Adaptive Risk Model for Inspected Small Passenger Vessels,Deployed,Operation and Maintenance,In-house,Developed in-house.,,Mission-Enabling,,,L0107
2024-0154,2024,DHS,Intelligent Document Processing (IDP) for I-539 Form Digitization,Pilot,Implementation and Assessment,Vendor,Developed with contracting resources.,,Mission-Enabling,,,L0108
2024-0155,2024,DHS,Large Language Models for an Officer Training Tool,Pilot,Implementation and Assessment,Vendor,Developed with contracting resources.,,Mission-Enabling,,,
2024-0156,2024,DHS,User Entity and Behavior Analytics (UEBA) for Security Operations (SecOps) Anomaly Identification,Pre-deployment,Acquisition and/or Development,Vendor,Developed with contracting resources.,,Mission-Enabling,,,L0109
2024-0157,2024,DHS,I-765 - USCIS Face Capture Mobile App,Pre-deployment,Acquisition and/or Development,Vendor,Developed with contracting resources.,,Law & Justice,,,L0110
2024-0158,2024,DHS,Case Processing Improvements in FDNS-DS NexGen,Pre-deployment,Initiated,,,,Law & Justice,,,L0111
2024-0159,2024,DHS,USCIS Translation Service,Pre-deployment,Initiated,,,,Government Services (includes Benefits and Service Delivery),,,
2024-0160,2024,DHS,Verification Match Model,Pre-deployment,Initiated,,,,Mission-Enabling,,,L0112
2024-0161,2024,DHS,Sentiment Analysis -FOD Field Offices Complaints and Reviews,Pre-deployment,Initiated,,,,Mission-Enabling,,,L0113
2024-0162,2024,DHS,Asylum Text Analytics,Retired,Retired,,,,,,,
2024-0163,2024,DHS,Biometrics Enrollment Tool (BET) Fingerprint Quality Score,Retired,Retired,,,,,,,L1082
2024-0164,2024,DHS,Timeseries Analysis and Forecasting,Retired,Retired,,,,,,,
2024-0165,2024,DHS,Testing Performance of ML Model using H2O,Retired,Retired,,,,,,,
2024-0166,2024,DHS,USCIS  Consular Consolidated Database (CCD) Facial Recognition (FR) On Demand Report (VISA Only),Deployed,Operation and Maintenance,,,,Mission-Enabling,,,L1078
2024-0167,2024,DHS,Sentiment Analysis - Employee Satisfaction Surveys,Retired,Retired,,,,,,,
2024-0168,2024,DHS,Sentiment Analysis - ELIS Case Notes,Retired,Retired,,,,,,,
2024-0169,2024,DHS,Predicted to Natzuralize,Retired,Retired,,,,,,,
2024-0170,2024,DHS,I-485 Family Matching,Retired,Retired,,,,,,,
2024-0171,2024,DHS,Topic Modeling on Request For Evidence (RFE) Data Sets,Retired,Retired,,,,,,,
2024-0172,2024,DHS,I-539 approval prediction,Retired,Retired,,,,,,,
2024-0173,2024,DHS,Text Analytics Data Science Sentence Similarity Model,Deployed,Operation and Maintenance,Vendor,Developed with contracting resources.,,Law & Justice,,,L0114
2024-0174,2024,DHS,Biometrics Enrollment Tool (BET) Fingerprint Maximization,Deployed,Operation and Maintenance,Vendor,Developed with contracting resources.,,Law & Justice,,,
2024-0175,2024,DHS,ELIS Evidence Classifier Machine Learning (ML) Tagging Solution,Deployed,Operation and Maintenance,Vendor,Developed with contracting resources.,,Government Services (includes Benefits and Service Delivery),,,
2024-0176,2024,DHS,Automated Name and Date of Birth (DOB) Harvesting from Existing Records,Deployed,Operation and Maintenance,Vendor,Developed with contracting resources.,,Government Services (includes Benefits and Service Delivery),,,
2024-0177,2024,DHS,Automated Realtime Global Organization Specialist (ARGOS) for Company Registration Submissions to E-Verify,Deployed,Operation and Maintenance,Vendor,Developed with contracting resources.,,Mission-Enabling,,,L0115
2024-0178,2024,DHS,ELIS Card Photo Validation via myUSCIS,Deployed,Operation and Maintenance,Vendor,Developed with contracting resources.,,Government Services (includes Benefits and Service Delivery),,,
2024-0179,2024,DHS,I-765 - USCIS Facial Recognition through IDENT (1:1 Face Recognition/Validation),Deployed,Operation and Maintenance,Vendor,Developed with contracting resources.,,Law & Justice,,,L0116
2024-0180,2024,DHS,Person-Centric Identity Services Deduplication Model,Deployed,Operation and Maintenance,Vendor,Developed with contracting resources.,,Law & Justice,,,L0117
2024-0181,2024,DHS,Person-Centric Identity Services A-Number Management Model,Deployed,Operation and Maintenance,Vendor,Developed with contracting resources.,,Law & Justice,,,
2024-0182,2024,DHS,Identity Match Option (IMO) Tool for Record Compilation,Deployed,Operation and Maintenance,Vendor,Developed with contracting resources.,,Mission-Enabling,,,L0118
2024-0183,2024,DHS,Criminal Investigations (OBIM),Deployed,Operation and Maintenance,Vendor and in-house,Developed with both contracting and in-house resources.,,Law & Justice,,,L0119
2024-0184,2024,DOC,GitHub Copilot for Code Modernization,Deployed,Operation and Maintenance,Vendor,Developed with contracting resources.,,Mission-Enabling,,,L0120
2024-0185,2024,DOC,Azure OpenAI Chat Prototype,Pre-deployment,Initiated,Vendor,Developed with contracting resources.,,Mission-Enabling,,,
2024-0186,2024,DOC,Sentinel One Purple AI,Pre-deployment,Initiated,Vendor,Developed with contracting resources.,,Mission-Enabling,,,
2024-0187,2024,DOC,Real Time Classification for the Economic Census,Retired,Retired,,,,Other,,,L0121
2024-0188,2024,DOC,Automated Change Detection,Pilot,Implementation and Assessment,Vendor and in-house,Developed with both contracting and in-house resources.,,Mission-Enabling (internal agency support),,,L0122
2024-0189,2024,DOC,School staff information extraction from web page text,Pilot,Implementation and Assessment,Vendor and in-house,Developed with both contracting and in-house resources.,,Education & Workforce,,,L0123
2024-0190,2024,DOC,Census Bureau Demographic Frame Person-Place Model,Pre-deployment,Acquisition and/or Development,Vendor and in-house,Developed with both contracting and in-house resources.,,Mission-Enabling (internal agency support),,,L0124
2024-0191,2024,DOC,Race and Ethnicity Autocoding,Pre-deployment,Acquisition and/or Development,In-house,Developed in-house.,,Mission-Enabling (internal agency support),,,L0125
2024-0192,2024,DOC,Information extraction for web scraped data for Group Quarters frame enhancement,Pilot,Implementation and Assessment,Vendor and in-house,Developed with both contracting and in-house resources.,,Mission-Enabling (internal agency support),,,L0126
2024-0193,2024,DOC,Current Population Survey (CPS) Name Screening Tool,Pre-deployment,Acquisition and/or Development,Vendor and in-house,Developed with both contracting and in-house resources.,,Mission-Enabling (internal agency support),,,L0127
2024-0194,2024,DOC,Linkage and Matching Program (LaMP),Pre-deployment,Acquisition and/or Development,Vendor and in-house,Developed with both contracting and in-house resources.,,Mission-Enabling (internal agency support),,,L0128
2024-0195,2024,DOC,Census Research Exploration and Analysis Tool (CREAT),Pilot,Implementation and Assessment,In-house,Developed in-house.,,Education & Workforce,,,L0129
2024-0196,2024,DOC,Dr. NAICS LLM,Pilot,Implementation and Assessment,Vendor and in-house,Developed with both contracting and in-house resources.,,Mission-Enabling (internal agency support),,,L0130
2024-0197,2024,DOC,Automating Multilingual Census Data Processing: An AI and Transformer-Based Pipeline for Efficient Language Detection and Translation for Short-Text,Pre-deployment,Acquisition and/or Development,In-house,Developed in-house.,,Mission-Enabling (internal agency support),,,L0131
2024-0198,2024,DOC,FAQ for SMaRT,Pre-deployment,Acquisition and/or Development,In-house,Developed in-house.,,Government Services (includes Benefits and Service Delivery),,,L0132
2024-0199,2024,DOC,Statistical package syntax development and debugging,Pilot,Implementation and Assessment,In-house,Developed in-house.,,Education & Workforce,,,L0133
2024-0200,2024,DOC,DSD Python Code Translation,Pre-deployment,Acquisition and/or Development,Vendor,Developed with contracting resources.,,Mission-Enabling (internal agency support),,,L0134
2024-0201,2024,DOC,Census API GPT,Pre-deployment,Initiated,,,,Other,,,L0135
2024-0202,2024,DOC,Natural Language Search for data.census.gov,Pre-deployment,Initiated,,,,Other,,,L0136
2024-0203,2024,DOC,"ACES CAPEX (structures, equipment, other) Machine Learning",Retired,Retired,,,,Mission-Enabling (internal agency support),,,L0137
2024-0204,2024,DOC,FirstNet Authority OCIO MS CoPilot Project,Pre-deployment,Initiated,,,,Mission-Enabling,,,
2024-0205,2024,DOC,FirstNet Authority Communications Topaz Labs Photo Editing,Deployed,Operation and Maintenance,,,,Mission-Enabling,,,L0138
2024-0206,2024,DOC,Global Business Navigator Chatbot,Pilot,Implementation and Assessment,Vendor and in-house,Developed with both contracting and in-house resources.,,Diplomacy & Trade,,,L0139
2024-0207,2024,DOC,Generative AI Tools Pilot - Global Markets,Pre-deployment,Acquisition and/or Development,Vendor,Developed with contracting resources.,,Diplomacy & Trade,,,L0140
2024-0208,2024,DOC,Generative AI Tools Pilot - Enterprise & Solutions Architecture,Pre-deployment,Acquisition and/or Development,Vendor,Developed with contracting resources.,,Mission-Enabling,,,L0141
2024-0209,2024,DOC,WAWENETS,Deployed,Operation and Maintenance,,,,,,,L0142
2024-0210,2024,DOC,Streamline Spectrum Activities,Pre-deployment,Acquisition and/or Development,,,,Other,,,L0143
2024-0211,2024,DOC,Spectrum Visualizations,Pre-deployment,Initiated,,,,Science & Space,,,L0144
2024-0212,2024,DOC,Use of Lexis. Other searches for legal research,Pre-deployment,Initiated,,,,Law & Justice,,,L0145
2024-0213,2024,DOC,Grants Program Administration,Pre-deployment,Initiated,,,,Government Services (includes Benefits and Service Delivery),,,
2024-0214,2024,DOC,Grammarly,Deployed,Operation and Maintenance,Vendor,Developed with contracting resources.,,Education & Workforce,,,L0146
2024-0215,2024,DOC,Science Data Portal Autosuggest Search,Deployed,Operation and Maintenance,In-house,Developed in-house.,,Science & Space,,,L0147
2024-0216,2024,DOC,FathomNet,Pre-deployment,Acquisition and/or Development,Vendor,Developed with contracting resources.,,Science & Space,,,
2024-0217,2024,DOC,Coastal Change Analysis Program (C-CAP),Pilot,Implementation and Assessment,Vendor and in-house,Developed with both contracting and in-house resources.,,Science & Space,,,L0148
2024-0218,2024,DOC,"CoralNet: Ongoing operational use, improvement, and development, of machine vision point classification",Pre-deployment,Acquisition and/or Development,Vendor,Developed with contracting resources.,,Science & Space,,,
2024-0219,2024,DOC,Coral Reef Watch,Pre-deployment,Initiated,,,,,,,
2024-0220,2024,DOC,Steller sea lion brand sighting,Pre-deployment,Initiated,,,,,,,L0149
2024-0221,2024,DOC,"CoralNet: Ongoing operational use, improvement, and development, of machine vision point classification.",Pre-deployment,Initiated,,,,,,,
2024-0222,2024,DOC,"BANTER, a machine learning acoustic event classifier",Pre-deployment,Initiated,,,,,,,L0150
2024-0223,2024,DOC,Operational satellite product quality monitoring AI-ready training data,Pre-deployment,Acquisition and/or Development,Vendor,Developed with contracting resources.,,Other,,,
2024-0224,2024,DOC,LightningCast: AI for lightning prediction,Pilot,Implementation and Assessment,In-house,Developed in-house.,,Other,,,
2024-0225,2024,DOC,CyberSecurity Hardening & Automation,Pre-deployment,Initiated,In-house,Developed in-house.,,Other,,,
2024-0226,2024,DOC,AI based Community Radiative Transfer Model,Pre-deployment,Acquisition and/or Development,In-house,Developed in-house.,,Other,,,
2024-0227,2024,DOC,Operational Enterprise Cloud Mask,Pilot,Implementation and Assessment,In-house,Developed in-house.,,Science & Space,,,
2024-0228,2024,DOC,AI Snowfall Detection and Snowfall Rate estimation,Pre-deployment,Initiated,,,,Science & Space,,,
2024-0229,2024,DOC,AI Rain Rate estimation,Pre-deployment,Initiated,,,,Science & Space,,,
2024-0230,2024,DOC,AI Total Precipitable Water estimation,Pre-deployment,Initiated,,,,Science & Space,,,
2024-0231,2024,DOC,AI Cloud Liquid Water estimation,Pre-deployment,Initiated,,,,Science & Space,,,
2024-0232,2024,DOC,AI retrieval for patent search,Deployed,Operation and Maintenance,Vendor and in-house,Developed with both contracting and in-house resources.,,Mission-Enabling,,,
2024-0233,2024,DOC,AI use for CPC classification,Pre-deployment,Acquisition and/or Development,Vendor,Developed with contracting resources.,,Mission-Enabling,,,
2024-0234,2024,DOC,AI retrieval for TM design coding and image search,Pre-deployment,Initiated,,,,Mission-Enabling,,,
2024-0235,2024,DOC,Enriched Citation,Deployed,Operation and Maintenance,,,,Government Services (includes Benefits and Service Delivery),,,
2024-0236,2024,DOC,Inventor Search Assistant (iSAT),Retired,Retired,,,,Government Services (includes Benefits and Service Delivery),,,
2024-0237,2024,DOC,Patent Design Image Search (DesignVision),Pilot,Implementation and Assessment,Vendor,Developed with contracting resources.,,Mission-Enabling,,,
2024-0238,2024,DOC,USPTO Virtual Assistant (Public-facing chatbot),Deployed,Operation and Maintenance,In-house,Developed in-house.,,Government Services (includes Benefits and Service Delivery),,,
2024-0239,2024,DOC,Patent Automatic Document Code Determination,Pilot,Implementation and Assessment,Vendor and in-house,Developed with both contracting and in-house resources.,,Mission-Enabling,,,
2024-0240,2024,DOC,Patents - Skill Group Matching,Pre-deployment,Acquisition and/or Development,Vendor and in-house,Developed with both contracting and in-house resources.,,Mission-Enabling,,,
2024-0241,2024,DOE,Groundwater Modeling,Deployed,Operation and Maintenance,Vendor and in-house,Developed with both contracting and in-house resources.,,Science & Space,,,L0151
2024-0242,2024,DOE,OpenText for Records Management (Email Auto-Classification),Retired,Retired,,,,Mission-Enabling (internal agency support),,,L0152
2024-0243,2024,DOE,Applications of Natural Language Processing and Similarity Measures for Similarity Ranking,Deployed,Operation and Maintenance,In-house,Developed in-house.,,Other,,,
2024-0244,2024,DOE,"Data Analytics and Machine Learning (DAMaL) Tools to enhance the analysis of Environment, Safety and Health (ES&H) data:  Classification, Robotic Process Automation and Data Visualization",Deployed,Operation and Maintenance,Vendor and in-house,Developed with both contracting and in-house resources.,,Other,,,
2024-0245,2024,DOE,"Data Analytics and Machine Learning (DAMaL) Tools for Analysis of Environment, Safety and Health (ES&H) data:  Similarity Based Information Retrieval",Deployed,Operation and Maintenance,Vendor and in-house,Developed with both contracting and in-house resources.,,Other,,,
2024-0246,2024,DOE,"Data Analytics and Machine Learning (DAMaL) Tools to enhance the analysis of Environment, Safety and Health (ES&H) data:  Unsupervised Machine Learning Text Clustering",Deployed,Operation and Maintenance,Vendor and in-house,Developed with both contracting and in-house resources.,,Other,,,
2024-0247,2024,DOE,Fast AI for real-time/online diagnostics and calibration; AI-based autonomous system control/operation optimization (including anomaly/failure detection),Pilot,Implementation and Assessment,In-house,Developed in-house.,,Science & Space,,,
2024-0248,2024,DOE,"AI for system design optimization (e.g., detector, accelerator)",Deployed,Operation and Maintenance,In-house,Developed in-house.,,Science & Space,,,L0153
2024-0249,2024,DOE,PARSGPT,Deployed,Operation and Maintenance,In-house,Developed in-house.,,Mission-Enabling (internal agency support),,,L0154
2024-0250,2024,DOE,CrowdStrike,Deployed,Operation and Maintenance,In-house,Developed in-house.,,Other,,,
2024-0251,2024,DOE,SCMC AWS Data Infrastructure,Pilot,Implementation and Assessment,Vendor,Developed with contracting resources.,,Mission-Enabling (internal agency support),,,
2024-0252,2024,DOE,ServiceNow Predictive Intelligence,Deployed,Operation and Maintenance,In-house,Developed in-house.,,Mission-Enabling (internal agency support),,,L0155
2024-0253,2024,DOE,AI-Enhanced Lab Assist,Pre-deployment,Initiated,,,,Mission-Enabling (internal agency support),,,L0156
2024-0254,2024,DOE,Microsoft 365 Copilot (Productivity Suite),Pre-deployment,Initiated,,,,Mission-Enabling (internal agency support),,,L0157
2024-0255,2024,DOE,NLCOO AI for Lessons Learned tool,Deployed,Operation and Maintenance,In-house,Developed in-house.,,Mission-Enabling (internal agency support),,,L0158
2024-0256,2024,DOE,"Spot for automated sensing, inspection, and capture",Pre-deployment,Initiated,,,,Science & Space,,,L0159
2024-0257,2024,DOE,Microsoft Power Platform capability that provides AI to automate processes in Power Apps and Power Automate,Pre-deployment,Initiated,,,,Other,,,L0160
2024-0258,2024,DOE,CAISY,Deployed,Operation and Maintenance,Vendor,Developed with contracting resources.,,Education & Workforce,,,L0161
2024-0259,2024,DOE,ServiceNow Virtual Agent,Deployed,Operation and Maintenance,In-house,Developed in-house.,,Mission-Enabling (internal agency support),,,L0162
2024-0260,2024,DOE,Databricks AI for Cloud Data Warehouse,Pre-deployment,Initiated,,,,Other,,,L0163
2024-0261,2024,DOE,DOE Technical Standards,Deployed,Operation and Maintenance,,,,Mission-Enabling (internal agency support),,,L0164
2024-0262,2024,DOE,Microsoft Copilot for Security,Pre-deployment,Initiated,,,,Mission-Enabling (internal agency support),,,L0165
2024-0263,2024,DOE,Text To Speech Audio Generation,Deployed,Operation and Maintenance,,,,Education & Workforce,,,L0166
2024-0264,2024,DOE,Lex Natural Language Interface,Pre-deployment,Acquisition and/or Development,In-house,Developed in-house.,,Mission-Enabling (internal agency support),,,L0167
2024-0265,2024,DOE,Scopus AI,Deployed,Operation and Maintenance,Vendor,Developed with contracting resources.,,Science & Space,,,L0168
2024-0266,2024,DOE,EnerGPT,Pre-deployment,Acquisition and/or Development,Vendor and in-house,Developed with both contracting and in-house resources.,,Mission-Enabling (internal agency support),,,L0169
2024-0267,2024,DOE,MAPPRITE,Pre-deployment,Acquisition and/or Development,Vendor and in-house,Developed with both contracting and in-house resources.,,Mission-Enabling (internal agency support),,,L0170
2024-0268,2024,DOE,MI8 Collimators Surogate Model,Pre-deployment,Acquisition and/or Development,In-house,Developed in-house.,,Science & Space,,,L0171
2024-0269,2024,DOE,Records Digitization,Pre-deployment,Acquisition and/or Development,,,,Mission-Enabling (internal agency support),,,L0172
2024-0270,2024,DOE,Machine Learning components within Splunk Enterprise Security,Deployed,Operation and Maintenance,Vendor and in-house,Developed with both contracting and in-house resources.,,Mission-Enabling (internal agency support),,,L0173
2024-0271,2024,DOE,Machine Learning components within CrowdStrike,Deployed,Operation and Maintenance,Vendor,Developed with contracting resources.,,Mission-Enabling (internal agency support),,,L0174
2024-0272,2024,DOE,AskOEDI,Deployed,Operation and Maintenance,In-house,Developed in-house.,,Mission-Enabling (internal agency support),,,L0175
2024-0273,2024,DOE,Hanford Search,Pre-deployment,Acquisition and/or Development,Vendor,Developed with contracting resources.,,Mission-Enabling (internal agency support),,,L0176
2024-0274,2024,DOE,AI Chat Bot for IT User Services,Pre-deployment,Initiated,In-house,Developed in-house.,,Mission-Enabling (internal agency support),,,L0177
2024-0275,2024,DOE,Hanford Popfon Search,Pre-deployment,Acquisition and/or Development,Vendor,Developed with contracting resources.,,Mission-Enabling (internal agency support),,,L0178
2024-0276,2024,DOE,AI for Intelligent Automation,Pre-deployment,Initiated,In-house,Developed in-house.,,Mission-Enabling (internal agency support),,,L0179
2024-0277,2024,DOE,Hanford Ai Liaison,Deployed,Operation and Maintenance,Vendor,Developed with contracting resources.,,Mission-Enabling (internal agency support),,,
2024-0278,2024,DOE,Tritium Accountancy for Fusione Energy,Pre-deployment,Initiated,In-house,Developed in-house.,,Science & Space,,,
2024-0279,2024,DOE,ServiceNow Now Assist,Pre-deployment,Initiated,Vendor and in-house,Developed with both contracting and in-house resources.,,Mission-Enabling (internal agency support),,,L0180
2024-0280,2024,DOE,Enhancing ClimRR Capabilities to Better Support Electric Utility Applications and Technical Assistance,Pre-deployment,Initiated,In-house,Developed in-house.,,Science & Space,,,
2024-0281,2024,DOE,WCD-AI,Deployed,Operation and Maintenance,In-house,Developed in-house.,,Mission-Enabling (internal agency support),,,L0181
2024-0282,2024,DOE,OpenText for Records Management (File share auto-classification),Pre-deployment,Acquisition and/or Development,Vendor,Developed with contracting resources.,,Mission-Enabling (internal agency support),,,L0182
2024-0283,2024,DOE,OPQ-AI,Deployed,Operation and Maintenance,In-house,Developed in-house.,,Mission-Enabling (internal agency support),,,L0183
2024-0284,2024,DOE,Funding Finder,Pre-deployment,Acquisition and/or Development,Vendor and in-house,Developed with both contracting and in-house resources.,,Mission-Enabling (internal agency support),,,L0184
2024-0285,2024,DOE,PDF Analyzer,Pre-deployment,Acquisition and/or Development,Vendor and in-house,Developed with both contracting and in-house resources.,,Mission-Enabling (internal agency support),,,L0185
2024-0286,2024,DOE,Hanford  Service Ticket Lookup,Pre-deployment,Acquisition and/or Development,Vendor,Developed with contracting resources.,,Mission-Enabling (internal agency support),,,L0186
2024-0287,2024,DOE,INL AI Virtual Assitant (AiVA),Deployed,Operation and Maintenance,In-house,Developed in-house.,,Mission-Enabling (internal agency support),,,L0187
2024-0288,2024,DOE,Unleashing AI Transformer Models on FPGAs for Accelerating LHC and Particle Physics,Pre-deployment,Acquisition and/or Development,In-house,Developed in-house.,,Science & Space,,,L0188
2024-0289,2024,DOE,Hanford Procedure Search,Pre-deployment,Acquisition and/or Development,Vendor,Developed with contracting resources.,,Mission-Enabling (internal agency support),,,L0189
2024-0290,2024,DOE,LLM EV,Pre-deployment,Acquisition and/or Development,In-house,Developed in-house.,,Mission-Enabling (internal agency support),,,L0190
2024-0291,2024,DOE,AskPRIMR,Deployed,Operation and Maintenance,In-house,Developed in-house.,,Mission-Enabling (internal agency support),,,L0191
2024-0292,2024,DOE,Coupa,Deployed,Operation and Maintenance,Vendor,Developed with contracting resources.,,Mission-Enabling (internal agency support),,,
2024-0293,2024,DOE,GitHub Copilot with the OpenAI Codex,Pre-deployment,Initiated,,,,Science & Space,,,L0192
2024-0294,2024,DOE,First Alert DataMinr AI,Deployed,Operation and Maintenance,,,,Emergency Management,,,L0193
2024-0295,2024,DOE,Yurts AI search function,Pilot,Implementation and Assessment,Vendor and in-house,Developed with both contracting and in-house resources.,,Mission-Enabling (internal agency support),,,L0194
2024-0296,2024,DOE,"Interactive platform to help review and create ""Promoting Inclusive and Equitable Research"" Plans",Pre-deployment,Initiated,In-house,Developed in-house.,,Mission-Enabling (internal agency support),,,L0195
2024-0297,2024,DOE,Energy Wizard,Deployed,Operation and Maintenance,In-house,Developed in-house.,,Mission-Enabling (internal agency support),,,L0196
2024-0298,2024,DOE,LANL AI Portal,Pilot,Implementation and Assessment,In-house,Developed in-house.,,Mission-Enabling (internal agency support),,,L0197
2024-0299,2024,DOE,Position Description Tool,Pre-deployment,Initiated,,,,Mission-Enabling (internal agency support),,,
2024-0300,2024,DOE,ChatGPT Enterprise,Deployed,Operation and Maintenance,In-house,Developed in-house.,,Mission-Enabling (internal agency support),,,L0198
2024-0301,2024,DOE,Argo,Deployed,Operation and Maintenance,In-house,Developed in-house.,,Mission-Enabling (internal agency support),,,L0199
2024-0302,2024,DOE,AI Chat Bot for Facility Sustainability Practices,Pre-deployment,Initiated,In-house,Developed in-house.,,Mission-Enabling (internal agency support),,,L0200
2024-0303,2024,DOE,AskGDR,Deployed,Operation and Maintenance,In-house,Developed in-house.,,Mission-Enabling (internal agency support),,,L0201
2024-0304,2024,DOE,Topic Modeling for Energy.gov,Pre-deployment,Acquisition and/or Development,Vendor,Developed with contracting resources.,,Mission-Enabling (internal agency support),,,L0202
2024-0305,2024,DOE,In-Situ Monitoring of Additively Manufactured Parts,Pilot,Implementation and Assessment,Vendor,Developed with contracting resources.,,Science & Space,,,
2024-0306,2024,DOE,Boston Dynamics Spot Robotics,Pre-deployment,Acquisition and/or Development,Vendor and in-house,Developed with both contracting and in-house resources.,,Mission-Enabling (internal agency support),,,L0203
2024-0307,2024,DOE,Elastic Stack Technology (ELK),Pre-deployment,Acquisition and/or Development,Vendor and in-house,Developed with both contracting and in-house resources.,,Mission-Enabling (internal agency support),,,L0204
2024-0308,2024,DOE,Raytheon Multimedia Monitoring System (M3S),Pre-deployment,Acquisition and/or Development,Vendor and in-house,Developed with both contracting and in-house resources.,,Mission-Enabling (internal agency support),,,L0205
2024-0309,2024,DOE,Cognitive Prescreen Tool (CPT),Pre-deployment,Acquisition and/or Development,In-house,Developed in-house.,,Mission-Enabling (internal agency support),,,L0206
2024-0310,2024,DOE,Machine Learning for Linac Improved Performance,Pre-deployment,Acquisition and/or Development,In-house,Developed in-house.,,Science & Space,,,L0207
2024-0311,2024,DOE,Next-Generation Beam Cooling and Control with Optical Stochastic Cooling,Pre-deployment,Acquisition and/or Development,In-house,Developed in-house.,,Science & Space,,,L0208
2024-0312,2024,DOE,high level synthesis for machine learning (previously hls4ml),Pre-deployment,Acquisition and/or Development,In-house,Developed in-house.,,Science & Space,,,L0209
2024-0313,2024,DOE,Streamining intelligent detectors for sPHENIX/EIC,Pre-deployment,Acquisition and/or Development,In-house,Developed in-house.,,Science & Space,,,L0210
2024-0314,2024,DOE,In-pixel AI for future tracking detectors,Pre-deployment,Acquisition and/or Development,In-house,Developed in-house.,,Science & Space,,,L0211
2024-0315,2024,DOE,SONIC: AI acceleration as a service,Pre-deployment,Acquisition and/or Development,In-house,Developed in-house.,,Science & Space,,,L0212
2024-0316,2024,DOE,READS: Real-time Edge AI for Distributed Systems,Pre-deployment,Acquisition and/or Development,In-house,Developed in-house.,,Science & Space,,,L0213
2024-0317,2024,DOE,Extreme data reduction for the edge,Pre-deployment,Acquisition and/or Development,In-house,Developed in-house.,,Science & Space,,,L0214
2024-0318,2024,DOE,Machine Learning for Accelerator Operations Using Big Data Analytics / L-CAPE,Pre-deployment,Acquisition and/or Development,In-house,Developed in-house.,,Science & Space,,,L0215
2024-0319,2024,DOE,Soil Moisture Modeling,Pilot,Implementation and Assessment,,,,Science & Space,,,L0216
2024-0320,2024,DOI,DOIChatGPT AI Chatbot,Pilot,Implementation and Assessment,,,,Mission-Enabling (internal agency support),,,
2024-0321,2024,DOI,DOIChatGPT API Management Instance,Pilot,Implementation and Assessment,In-house,Developed in-house.,,Mission-Enabling (internal agency support),,,
2024-0322,2024,DOI,DOIChatGPT API Management Development Environment,Pilot,Implementation and Assessment,In-house,Developed in-house.,,Mission-Enabling (internal agency support),,,
2024-0323,2024,DOI,Cost Estimation Using EDL Database Data,Pre-deployment,Initiated,,,,Mission-Enabling (internal agency support),,,
2024-0324,2024,DOI,Adobe Firefly Generative Images,Deployed,Operation and Maintenance,,Data not reported by submitter and will be updated once additional information is collected,,Mission-Enabling (internal agency support),,,
2024-0325,2024,DOI,RAG knowledge base of agent procedures,Pilot,Implementation and Assessment,,,,Government Services (includes Benefits and Service Delivery),,,
2024-0326,2024,DOI,Use of AI to Enhance Flash Flood Forecast Tool,Pilot,Implementation and Assessment,,Data not reported by submitter and will be updated once additional information is collected,,Mission-Enabling (internal agency support),,,
2024-0327,2024,DOI,Liable Party Research,Pilot,Implementation and Assessment,,,,Mission-Enabling (internal agency support),,,
2024-0328,2024,DOI,Data Extraction Using MS Power Automate AI Functionality,Pre-deployment,Acquisition and/or Development,In-house,Developed in-house.,,Mission-Enabling,,,
2024-0329,2024,DOI,CESU project to detect of bird nests using deep learning to support annual colonial bird monitoring,Pilot,Implementation and Assessment,,Data not reported by submitter and will be updated once additional information is collected,,Mission-Enabling (internal agency support),,,
2024-0330,2024,DOI,Image Generation and Audio Video Editing,Deployed,Operation and Maintenance,,,,Mission-Enabling,,,
2024-0331,2024,DOI,Use of AI for developing bioacoustic and remote camera imagery wildlife species classifiers for noni,Pilot,Implementation and Assessment,,Data not reported by submitter and will be updated once additional information is collected,,Mission-Enabling (internal agency support),,,
2024-0332,2024,DOI,Machine Learning Model Optimization,Pilot,Implementation and Assessment,In-house,Developed in-house.,,Mission-Enabling,,,
2024-0333,2024,DOI,NPS Acquisition Management Workload Software,Pilot,Implementation and Assessment,,,,Government Services (includes Benefits and Service Delivery),,,
2024-0334,2024,DOI,Caseguard Studio,Pilot,Implementation and Assessment,,,,Mission-Enabling,,,
2024-0335,2024,DOI,Azure based Internal Controls Testing App for Award Descriptions,Pre-deployment,Acquisition and/or Development,,,,Mission-Enabling,,,
2024-0336,2024,DOI,Internal Controls Testing - SAM.gov certifications,Pre-deployment,Acquisition and/or Development,In-house,Developed in-house.,,Mission-Enabling,,,
2024-0337,2024,DOI,Potential Applications of AI Models to UAS Post-fire Mapping Data Analysis and Image Processing,Pre-deployment,Initiated,,,,Mission-Enabling,,,
2024-0338,2024,DOI,Proposal for the I-NEPA System: Leveraging Artificial Intelligence (AI) for Enhanced Efficiency in E,Pilot,Implementation and Assessment,,,,Government Services (includes Benefits and Service Delivery),,,
2024-0339,2024,DOI,Public Comment Analysis Tool (PCAT): Leveraging Artificial Intelligence (AI) for Enhanced Efficiency,Pilot,Implementation and Assessment,,,,Government Services (includes Benefits and Service Delivery),,,
2024-0340,2024,DOI,Pilot: Using Machine Learning to Harvest Data for Standardized Species Conservation,Pre-deployment,Initiated,In-house,Developed in-house.,,Science & Space,,,
2024-0341,2024,DOI,Summarization of documents and output to ECOSphere species workflow,Pre-deployment,Initiated,,,,Science & Space,,,
2024-0342,2024,DOI,Prediction of Suitable Habitat for ESA-listed Species,Pilot,Implementation and Assessment,In-house,Developed in-house.,,Science & Space,,,
2024-0343,2024,DOI,Computer Vision Model to Rapidly Identify Habitat Change,Pre-deployment,Acquisition and/or Development,In-house,Developed in-house.,,Science & Space,,,
2024-0344,2024,DOI,Applying Deep Learning to Detect and Classify Ocean Wildlife,Pre-deployment,Acquisition and/or Development,Vendor and in-house,Developed with both contracting and in-house resources.,,Mission-Enabling,,,
2024-0345,2024,DOI,Enhancing Migratory Bird Surveys with Thermal Imagery and Deep Learning,Pre-deployment,Acquisition and/or Development,In-house,Developed in-house.,,Mission-Enabling,,,
2024-0346,2024,DOI,SOCS documents analysis,Pilot,Implementation and Assessment,,Data not reported by submitter and will be updated once additional information is collected,,Mission-Enabling,,,
2024-0347,2024,DOI,ONRR Video Hosting Platform [OVHP],Deployed,Operation and Maintenance,,,,Mission-Enabling,,,
2024-0348,2024,DOI,Video Creation and Editing,Deployed,Operation and Maintenance,,,,Mission-Enabling,,,
2024-0349,2024,DOI,"Predictive AI Applications for Wildlife Monitoring: SeeOtter, a custom built software solution for a",Deployed,Operation and Maintenance,Vendor,Developed with contracting resources.,,Science & Space,,,
2024-0350,2024,DOI,Non-Generative AI use for Trust Information Analysis and Reporting Tool,Pre-deployment,Acquisition and/or Development,,,,,,,
2024-0351,2024,DOI,Intelligent Optical Character Recognition,Pilot,Implementation and Assessment,,,,,,,
2024-0352,2024,DOI,Seasonal/Temporary Wetland/Floodplain Delineation using Remote Sensing and Deep Learning,Pilot,Implementation and Assessment,In-house,Developed in-house.,,Mission-Enabling,,,
2024-0353,2024,DOI,Data Driven Sub-Seasonal Forecasting of Temperature and Precipitation,Pilot,Implementation and Assessment,In-house,Developed in-house.,,Mission-Enabling,,,
2024-0354,2024,DOI,Data Driven Streamflow Forecasting,Pilot,Implementation and Assessment,In-house,Developed in-house.,,Mission-Enabling,,,
2024-0355,2024,DOI,Snowcast Showdown,Pilot,Implementation and Assessment,Vendor,Developed with contracting resources.,,Mission-Enabling,,,
2024-0356,2024,DOI,PyForecast,Pilot,Implementation and Assessment,In-house,Developed in-house.,,Mission-Enabling,,,
2024-0357,2024,DOI,Improved Processing and Analysis of Test and Operating Data from Rotating Machines,Pre-deployment,Acquisition and/or Development,In-house,Developed in-house.,,Mission-Enabling,,,
2024-0358,2024,DOI,Improving UAS-derived photogrammetric data and analysis accuracy and confidence for high-resolution data sets using artificial intelligence and machine learning,Pilot,Implementation and Assessment,In-house,Developed in-house.,,Mission-Enabling,,,
2024-0359,2024,DOI,Photogrammetric Data Set Crack Mapping Technology Search,Pilot,Implementation and Assessment,In-house,Developed in-house.,,Mission-Enabling,,,
2024-0360,2024,DOI,Effects of vehicle traffic on space use and road crossings of caribou in the Arctic,Pilot,Implementation and Assessment,In-house,Developed in-house.,,Mission-Enabling,,,
2024-0361,2024,DOI,Automated Walrus Haulout Monitoring,Pre-deployment,Acquisition and/or Development,In-house,Developed in-house.,,Mission-Enabling,,,
2024-0362,2024,DOI,Forecasting Earthquake Ground Motion Time Series,Pre-deployment,Acquisition and/or Development,In-house,Developed in-house.,,Mission-Enabling,,,
2024-0363,2024,DOI,CONUS EcoFlows Planning & Prototype,Pilot,Implementation and Assessment,In-house,Developed in-house.,,Mission-Enabling,,,
2024-0364,2024,DOI,Prioritized Constituents: Sediment,Pilot,Implementation and Assessment,In-house,Developed in-house.,,Mission-Enabling,,,
2024-0365,2024,DOI,Avian population estimates from passive acoustic monitoring,Pre-deployment,Acquisition and/or Development,In-house,Developed in-house.,,Mission-Enabling,,,
2024-0366,2024,DOI,FEMA mixed population flood-frequency analysis,Pre-deployment,Acquisition and/or Development,In-house,Developed in-house.,,Mission-Enabling,,,
2024-0367,2024,DOI,"Nutrient, Salinity, and temperature model development",Pre-deployment,Initiated,In-house,Developed in-house.,,Mission-Enabling,,,
2024-0368,2024,DOI,Data-Driven Streamflow Drought,Pilot,Implementation and Assessment,In-house,Developed in-house.,,Mission-Enabling,,,
2024-0369,2024,DOI,AI/ML for aquatic science,Pre-deployment,Initiated,In-house,Developed in-house.,,Mission-Enabling,,,
2024-0370,2024,DOI,National-Extent Groundwater Quality Prediction for the National Water Census and Regional Integrated,Pilot,Implementation and Assessment,In-house,Developed in-house.,,Mission-Enabling,,,
2024-0371,2024,DOI,Use of artificial intelligence tools for optimization and documentation for computer codes,Pilot,Implementation and Assessment,In-house,Developed in-house.,,Mission-Enabling,,,
2024-0372,2024,DOI,Improved earthquake detection for research studies,Pre-deployment,Acquisition and/or Development,In-house,Developed in-house.,,Mission-Enabling,,,
2024-0373,2024,DOI,NGWOS External R&D - Using advanced computing techniques for image-based monitoring,Pre-deployment,Acquisition and/or Development,In-house,Developed in-house.,,Mission-Enabling,,,
2024-0374,2024,DOI,Water Use Model Development,Pilot,Implementation and Assessment,In-house,Developed in-house.,,Mission-Enabling,,,
2024-0375,2024,DOI,National Temperature Observations,Pre-deployment,Initiated,In-house,Developed in-house.,,Mission-Enabling,,,
2024-0376,2024,DOI,Downscaling and assimilation of meteorology data for local estimates of irrigation water demand.,Pre-deployment,Initiated,In-house,Developed in-house.,,Mission-Enabling,,,
2024-0377,2024,DOI,National-Extent Groundwater Quality Prediction for the Integrated Water Availability Assessments,Pilot,Implementation and Assessment,In-house,Developed in-house.,,Mission-Enabling,,,
2024-0378,2024,DOI,Building capacity for assessment and prediction of post-wildfire water availability,Pre-deployment,Initiated,In-house,Developed in-house.,,Mission-Enabling,,,
2024-0379,2024,DOI,Mapping sagebrush from drones to satellites,Pre-deployment,Acquisition and/or Development,In-house,Developed in-house.,,Mission-Enabling,,,
2024-0380,2024,DOI,Delineating sub-surface drainage using satellite imager,Deployed,Operation and Maintenance,In-house,Developed in-house.,,Mission-Enabling,,,
2024-0381,2024,DOI,Vegetation mapping on the Hawaiian island of Lanai,Pilot,Implementation and Assessment,In-house,Developed in-house.,,Mission-Enabling,,,
2024-0382,2024,DOI,Machine Learning for automatic fracture mapping and rock identification,Pre-deployment,Acquisition and/or Development,In-house,Developed in-house.,,Mission-Enabling,,,
2024-0383,2024,DOI,Reinforcement Learning for Helmholtz Coil Operation and Simulation,Pre-deployment,Acquisition and/or Development,In-house,Developed in-house.,,Mission-Enabling,,,
2024-0384,2024,DOI,Deep-learning Integration into NEIC Operations,Pilot,Implementation and Assessment,In-house,Developed in-house.,,Mission-Enabling,,,
2024-0385,2024,DOI,Predictions of PFAS Concentrations in Groundwater,Pre-deployment,Initiated,In-house,Developed in-house.,,Mission-Enabling,,,
2024-0386,2024,DOI,NGWOS External R&D - Using advanced computing techniques for mobile monitoring platforms,Pre-deployment,Acquisition and/or Development,In-house,Developed in-house.,,Mission-Enabling,,,
2024-0387,2024,DOI,Population and critical habitat modeling of overwintering monarch butterflies,Pilot,Implementation and Assessment,In-house,Developed in-house.,,Mission-Enabling,,,
2024-0388,2024,DOI,Automating the Detection and Classification of Wildlife in Aerial Imagery,Pilot,Implementation and Assessment,In-house,Developed in-house.,,Mission-Enabling,,,
2024-0389,2024,DOI,Machine Learning algorithm for stream velocity prediction,Pre-deployment,Acquisition and/or Development,In-house,Developed in-house.,,Mission-Enabling,,,
2024-0390,2024,DOI,Machine Learning for streamflow forecasting,Pre-deployment,Acquisition and/or Development,In-house,Developed in-house.,,Mission-Enabling,,,
2024-0391,2024,DOI,Automated otolith aging using image processing,Pilot,Implementation and Assessment,In-house,Developed in-house.,,Mission-Enabling,,,
2024-0392,2024,DOI,Automating blood smear cell counts using machine learning,Pilot,Implementation and Assessment,In-house,Developed in-house.,,Mission-Enabling,,,
2024-0393,2024,DOI,Machine learning for tsunami source zones,Pilot,Implementation and Assessment,In-house,Developed in-house.,,Mission-Enabling,,,
2024-0394,2024,DOI,Shoreline Modeling,Pilot,Implementation and Assessment,In-house,Developed in-house.,,Mission-Enabling,,,
2024-0395,2024,DOI,Determining the resource potential of critical minerals in seafloor massive sulfide deposits,Pilot,Implementation and Assessment,In-house,Developed in-house.,,Mission-Enabling,,,
2024-0396,2024,DOI,"Oceanographic, coastal, and geomorphic change analysis: data generation, QC/QA, and data management",Pilot,Implementation and Assessment,In-house,Developed in-house.,,Mission-Enabling,,,
2024-0397,2024,DOI,Synthesizing mapping and monitoring data to inform prairie dog management in National Parks,Pilot,Implementation and Assessment,In-house,Developed in-house.,,Mission-Enabling,,,
2024-0398,2024,DOI,"Quantifying the effects of land-use change and bioenergy crop production on pollinators, wildlife, a",Pilot,Implementation and Assessment,In-house,Developed in-house.,,Mission-Enabling,,,
2024-0399,2024,DOI,Computationally efficient emulation of spheroidal elastic deformation sources using machine learning,Pilot,Implementation and Assessment,In-house,Developed in-house.,,Mission-Enabling,,,
2024-0400,2024,DOI,Wildlife species recognition and distance from camera estimation,Pre-deployment,Acquisition and/or Development,In-house,Developed in-house.,,Mission-Enabling,,,
2024-0401,2024,DOI,Automating blood smear cell counts using machine learning,Pre-deployment,Initiated,In-house,Developed in-house.,,Mission-Enabling,,,
2024-0402,2024,DOI,Machine Learning to evaluate water quality,Pilot,Implementation and Assessment,In-house,Developed in-house.,,Mission-Enabling,,,
2024-0403,2024,DOI,Ecological niche models for bat species,Pilot,Implementation and Assessment,In-house,Developed in-house.,,Mission-Enabling,,,
2024-0404,2024,DOI,HotLINK: The volcanic hotspot learning and identification network,Deployed,Operation and Maintenance,In-house,Developed in-house.,,Mission-Enabling,,,
2024-0405,2024,DOI,Development of a Strategic Framework for Use and Implementation of Machine Learning in Energy Resour,Pre-deployment,Acquisition and/or Development,,,,Mission-Enabling,,,
2024-0406,2024,DOI,"Quantifying Watershed Controls on Fine Sediment Flux to Lake Tahoe, California/Nevada",Pilot,Implementation and Assessment,In-house,Developed in-house.,,Mission-Enabling,,,
2024-0407,2024,DOI,Seismology of Magmatic Injection,Pilot,Implementation and Assessment,In-house,Developed in-house.,,Mission-Enabling,,,
2024-0408,2024,DOI,Earthquake Catalog Development,Pilot,Implementation and Assessment,In-house,Developed in-house.,,Mission-Enabling,,,
2024-0409,2024,DOI,Seedling Identification and Percent Growth Analysis,Pilot,Implementation and Assessment,In-house,Developed in-house.,,Mission-Enabling,,,
2024-0410,2024,DOI,Gulf Coast Geologic Energy Machine Learning,Pilot,Implementation and Assessment,In-house,Developed in-house.,,Mission-Enabling,,,
2024-0411,2024,DOI,Flow Photo Explorer to estimate flow,Pilot,Implementation and Assessment,In-house,Developed in-house.,,Mission-Enabling,,,
2024-0412,2024,DOI,Predicting Sparse (Geothermal) Resources Availability by using Machine Learning,Pre-deployment,Acquisition and/or Development,In-house,Developed in-house.,,Mission-Enabling,,,
2024-0413,2024,DOI,National Wildlife Disease Database,Pre-deployment,Acquisition and/or Development,In-house,Developed in-house.,,Mission-Enabling,,,
2024-0414,2024,DOI,Landform Mapping GeoAI,Pre-deployment,Initiated,In-house,Developed in-house.,,Mission-Enabling,,,
2024-0415,2024,DOI,Using Machine Learning Methods for Automatic Discovery and Catalog of North Dakota Stock Ponds and Other Impoundments,Pre-deployment,Initiated,In-house,Developed in-house.,,Mission-Enabling,,,
2024-0416,2024,DOI,Improved point cloud classification of 3DEP lidar data using Deep Learning models,Pre-deployment,Initiated,In-house,Developed in-house.,,Mission-Enabling,,,
2024-0417,2024,DOI,Knowledge Graph development,Pre-deployment,Initiated,In-house,Developed in-house.,,Mission-Enabling,,,
2024-0418,2024,DOI,Predicting inundation dynamics of small forested wetlands,Pre-deployment,Acquisition and/or Development,In-house,Developed in-house.,,Mission-Enabling,,,
2024-0419,2024,DOI,Hydrograhy feature extraction from remotely sensed data,Pre-deployment,Initiated,In-house,Developed in-house.,,Mission-Enabling,,,
2024-0420,2024,DOI,Using machine learning to detect invasive bullfrogs,Pilot,Implementation and Assessment,In-house,Developed in-house.,,Mission-Enabling,,,
2024-0421,2024,DOI,"Deep Learning application for automated mapping of surficial landforms, surficial geological deposit",Pilot,Implementation and Assessment,In-house,Developed in-house.,,Mission-Enabling,,,
2024-0422,2024,DOI,Zero shot segmentation to expedite Quaternary geologic mapping,Pre-deployment,Acquisition and/or Development,In-house,Developed in-house.,,Mission-Enabling,,,
2024-0423,2024,DOI,Oil Spil Response for Ice-Covered Rivers,Deployed,Operation and Maintenance,In-house,Developed in-house.,,Mission-Enabling,,,
2024-0424,2024,DOI,Modeling Sediment Abundance in the Eastern Snake River Plain Aquifer Using Supervised Learning,Pre-deployment,Initiated,In-house,Developed in-house.,,Mission-Enabling,,,
2024-0425,2024,DOI,Pacific Northwest Stream Flow Permanence,Deployed,Operation and Maintenance,In-house,Developed in-house.,,Mission-Enabling,,,
2024-0426,2024,DOI,SAMPLE Toolbox,Pre-deployment,Acquisition and/or Development,In-house,Developed in-house.,,Mission-Enabling,,,
2024-0427,2024,DOI,Mapping wildfire fuels in previously burned landscapes,Pre-deployment,Acquisition and/or Development,In-house,Developed in-house.,,Mission-Enabling,,,
2024-0428,2024,DOI,Inventorying landforms with convolutional neural networks,Pilot,Implementation and Assessment,In-house,Developed in-house.,,Mission-Enabling,,,
2024-0429,2024,DOI,Lava lake thermal pattern classification using self organizing maps and relationships to eruption pr,Pilot,Implementation and Assessment,In-house,Developed in-house.,,Mission-Enabling,,,
2024-0430,2024,DOI,Advancing image-based surveys to support sea duck conservation along the Pacific Flyway,Pre-deployment,Acquisition and/or Development,In-house,Developed in-house.,,Mission-Enabling,,,
2024-0431,2024,DOI,Probabilistic source classification of large tephra producing eruptions using supervised machine lea,Pilot,Implementation and Assessment,In-house,Developed in-house.,,Mission-Enabling,,,
2024-0432,2024,DOI,InSAR and other geodetic studies at Volcanoes,Pilot,Implementation and Assessment,In-house,Developed in-house.,,Mission-Enabling,,,
2024-0433,2024,DOI,Climate Futures for Lizards and Snakes in Western North America,Deployed,Operation and Maintenance,In-house,Developed in-house.,,Mission-Enabling,,,
2024-0434,2024,DOI,Predicting inundation dynamics of small forested wetlands,Pre-deployment,Acquisition and/or Development,In-house,Developed in-house.,,Mission-Enabling,,,
2024-0435,2024,DOI,Intelligent National Map project,Pre-deployment,Initiated,In-house,Developed in-house.,,Mission-Enabling,,,
2024-0436,2024,DOI,Machine-learning model to delineate sub-surface agricultural drainage from satellite imagery,Pilot,Implementation and Assessment,In-house,Developed in-house.,,Mission-Enabling,,,
2024-0437,2024,DOI,Environmental streamflows in the United States: historical patterns and predictions,Pre-deployment,Acquisition and/or Development,In-house,Developed in-house.,,Mission-Enabling,,,
2024-0438,2024,DOI,PROSPER,Deployed,Operation and Maintenance,In-house,Developed in-house.,,Mission-Enabling,,,
2024-0439,2024,DOI,[Un]supervised clustering of [non-]earthquake signals commonly recorded on regional seismic networks,Pre-deployment,Initiated,In-house,Developed in-house.,,Mission-Enabling,,,L0217
2024-0440,2024,DOI,"Extracting robust, searchable data from narrative geologic descriptions",Pilot,Implementation and Assessment,In-house,Developed in-house.,,Mission-Enabling,,,
2024-0441,2024,DOI,Classifying GPS data to understand flight behavior of birds.,Pilot,Implementation and Assessment,In-house,Developed in-house.,,Mission-Enabling,,,
2024-0442,2024,DOI,Whole-lake indexing of round goby abundances with photographic catch data,Pilot,Implementation and Assessment,In-house,Developed in-house.,,Mission-Enabling,,,
2024-0443,2024,DOI,Predicting PFAS in shallow soils in northern New England,Pilot,Implementation and Assessment,In-house,Developed in-house.,,Mission-Enabling,,,
2024-0444,2024,DOI,Improving accuracy and precision of sonar-based estimates of fish abundance,Pilot,Implementation and Assessment,In-house,Developed in-house.,,Mission-Enabling,,,
2024-0445,2024,DOI,Classifying GPS data to understand flight behavior of birds.,Pilot,Implementation and Assessment,In-house,Developed in-house.,,Mission-Enabling,,,
2024-0446,2024,DOI,Machine learning-based landscape feature classification using satellite and airborne imagery,Pilot,Implementation and Assessment,In-house,Developed in-house.,,Mission-Enabling,,,
2024-0447,2024,DOI,Predicting PFAS occurrence in groundwater using machine learning,Pilot,Implementation and Assessment,In-house,Developed in-house.,,Mission-Enabling,,,
2024-0448,2024,DOI,Machine Learning Image Classification,Pilot,Implementation and Assessment,In-house,Developed in-house.,,Mission-Enabling,,,
2024-0449,2024,DOI,Zero shot segmentation to expedite Quaternary geologic mapping,Pre-deployment,Acquisition and/or Development,In-house,Developed in-house.,,Mission-Enabling,,,
2024-0450,2024,DOI,Inventorying landforms with convolutional neural networks,Pilot,Implementation and Assessment,In-house,Developed in-house.,,Mission-Enabling,,,
2024-0451,2024,DOI,Tracking wetlands and water movement across watersheds,Pre-deployment,Acquisition and/or Development,In-house,Developed in-house.,,Mission-Enabling,,,
2024-0452,2024,DOI,"Everglades-Flux, Digital Surveys",Pre-deployment,Acquisition and/or Development,In-house,Developed in-house.,,Mission-Enabling,,,
2024-0453,2024,DOI,Cooperative Agreement Oakridge National Lab-USGS Research:  Using Artificial Intelligence to Improve,Pre-deployment,Initiated,In-house,Developed in-house.,,Mission-Enabling,,,
2024-0454,2024,DOI,Improved earthquake detection for research studies,Pre-deployment,Acquisition and/or Development,In-house,Developed in-house.,,Mission-Enabling,,,
2024-0455,2024,DOI,Machine learning for tsunami source zones,Pre-deployment,Acquisition and/or Development,In-house,Developed in-house.,,Mission-Enabling,,,
2024-0456,2024,DOI,Mendenhall postdoctoral fellow using machine learning,Pilot,Implementation and Assessment,In-house,Developed in-house.,,Mission-Enabling,,,
2024-0457,2024,DOI,Critical Mineral Assessment with AI Support (CriticalMAAS),Pre-deployment,Acquisition and/or Development,In-house,Developed in-house.,,Mission-Enabling,,,
2024-0458,2024,DOI,Shoreline modeling,Pilot,Implementation and Assessment,In-house,Developed in-house.,,Mission-Enabling,,,
2024-0459,2024,DOI,Cell Phone Application for Oil Spill Detection,Pre-deployment,Acquisition and/or Development,In-house,Developed in-house.,,Mission-Enabling,,,
2024-0460,2024,DOI,Wave runup and total water level observations from time series imagery at several sites with varying,Pilot,Implementation and Assessment,In-house,Developed in-house.,,Mission-Enabling,,,
2024-0461,2024,DOI,Development of a Ploidy Distinction Application: A Machine Learning Approach for Discriminating Trip,Pre-deployment,Initiated,In-house,Developed in-house.,,Mission-Enabling,,,
2024-0462,2024,DOI,Storm Induced Erosion Response Network,Pre-deployment,Initiated,In-house,Developed in-house.,,Mission-Enabling,,,L0218
2024-0463,2024,DOI,Coastal Ecosystem Prediction System,Pre-deployment,Initiated,In-house,Developed in-house.,,Mission-Enabling,,,
2024-0464,2024,DOI,National Wildlife Disease Database,Pre-deployment,Acquisition and/or Development,In-house,Developed in-house.,,Mission-Enabling,,,
2024-0465,2024,DOI,Sediment Transport in Coastal Environments (funded by San Francisco Bay-Delta PES),Pilot,Implementation and Assessment,In-house,Developed in-house.,,Mission-Enabling,,,
2024-0466,2024,DOI,"Machine learning based shoreline time-series imputation, classification and forecasting (time-series",Pilot,Implementation and Assessment,In-house,Developed in-house.,,Mission-Enabling,,,
2024-0467,2024,DOI,National Oceanographic Partnership Program (NOPP),Pilot,Implementation and Assessment,In-house,Developed in-house.,,Mission-Enabling,,,
2024-0468,2024,DOI,RSCC and TCA projects.,Pilot,Implementation and Assessment,In-house,Developed in-house.,,Mission-Enabling,,,
2024-0469,2024,DOI,Machinine Learning based shoreline detection and sea ice dynamics using coastal cameras,Pre-deployment,Acquisition and/or Development,In-house,Developed in-house.,,Mission-Enabling,,,
2024-0470,2024,DOI,Using Machine Learning in USGS StreamStats to make suspended sediment and bedload predictions,Deployed,Operation and Maintenance,In-house,Developed in-house.,,Mission-Enabling,,,
2024-0471,2024,DOI,Merbok Supplemental,Pilot,Implementation and Assessment,In-house,Developed in-house.,,Mission-Enabling,,,
2024-0472,2024,DOI,Annual National Land Cover Database Deep Learning,Deployed,Operation and Maintenance,In-house,Developed in-house.,,Mission-Enabling,,,
2024-0473,2024,DOI,"Event and sequence (life-stage, behavior, activity, movement modality) identification, segmentation,",Pre-deployment,Initiated,In-house,Developed in-house.,,Mission-Enabling,,,
2024-0474,2024,DOI,Data-driven approaches to filling missing time-series data within the San Francisco Bay-Delta,Pre-deployment,Acquisition and/or Development,In-house,Developed in-house.,,Mission-Enabling,,,
2024-0475,2024,DOI,Seabird and Marine Mammal Surveys Near Potential Renewable Energy Sites Offshore Central and Souther,Pilot,Implementation and Assessment,In-house,Developed in-house.,,Mission-Enabling,,,
2024-0476,2024,DOI,Data-driven approaches to filling missing time-series data within the San Francisco Bay-Delta,Pre-deployment,Acquisition and/or Development,In-house,Developed in-house.,,Mission-Enabling,,,
2024-0477,2024,DOI,Image classification from images on robotic platforms,Pilot,Implementation and Assessment,In-house,Developed in-house.,,Mission-Enabling,,,
2024-0478,2024,DOI,ChatGPT to write Python scripts for ArcGIS Pro Maps to be CVD-Friendly,Pre-deployment,Acquisition and/or Development,In-house,Developed in-house.,,Mission-Enabling,,,
2024-0479,2024,DOI,Analytical Chemistry & Geologic Resources Identification from Laser Spectroscopy,Pilot,Implementation and Assessment,In-house,Developed in-house.,,Mission-Enabling,,,
2024-0480,2024,DOI,Analytical Chemistry & Geologic Resources Identification from X-rays,Pilot,Implementation and Assessment,In-house,Developed in-house.,,Mission-Enabling,,,
2024-0481,2024,DOI,Retrieval-Augmented Generation Using USGS Documentation,Pre-deployment,Initiated,In-house,Developed in-house.,,Mission-Enabling,,,
2024-0482,2024,DOI,Foundation Models to Advance Earth Science,Pilot,Implementation and Assessment,In-house,Developed in-house.,,Mission-Enabling,,,
2024-0483,2024,DOI,Rangeland Condition Monitoring Assessment and Projection (RCMAP),Deployed,Operation and Maintenance,In-house,Developed in-house.,,Mission-Enabling,,,
2024-0484,2024,DOI,Global Food Security-Support Analysis Data (GFSAD) Project,Pre-deployment,Acquisition and/or Development,In-house,Developed in-house.,,Mission-Enabling,,,
2024-0485,2024,DOI,Extracting analysis ready information from narrative geologic descriptions,Pre-deployment,Initiated,In-house,Developed in-house.,,Mission-Enabling,,,
2024-0486,2024,DOI,21st Century Prospecting: AI-assisted Surveying of Critical Mineral Potential,Pre-deployment,Acquisition and/or Development,,Data not reported by submitter and will be updated once additional information is collected,,Mission-Enabling,,,
2024-0487,2024,DOI,Articulate Training Develpment AI Add On,Pre-deployment,Initiated,,,,Mission-Enabling,,,
2024-0488,2024,DOI,Machine Learning Applied to Geotechnical Engineering: Statistical Methods Applied to Seismic Analysis 1,Pilot,Implementation and Assessment,In-house,Developed in-house.,,Mission-Enabling,,,
2024-0489,2024,DOI,Machine Learning Applied to Geotechnical Engineering: Statistical Methods Applied to Seismic Analysis 1,Pre-deployment,Acquisition and/or Development,In-house,Developed in-house.,,Mission-Enabling,,,
2024-0490,2024,DOI,Machine Learning Working Group,Pre-deployment,Acquisition and/or Development,In-house,Developed in-house.,,Mission-Enabling,,,
2024-0491,2024,DOI,Machine Learning for Chemical Savings at Reverse Osmosis Plants,Pilot,Implementation and Assessment,Vendor,Developed with contracting resources.,,Mission-Enabling,,,
2024-0492,2024,DOI,Machine Learning Refines Quagga Habitat Suitability,Pilot,Implementation and Assessment,In-house,Developed in-house.,,Mission-Enabling,,,
2024-0493,2024,DOI,Generative AI to Improve Visitor Experience on NPS.gov,Pre-deployment,Initiated,,,,Mission-Enabling,,,
2024-0494,2024,DOI,Autonomous Drone Inspections,Pre-deployment,Acquisition and/or Development,Vendor,Developed with contracting resources.,,Science & Space,,,L0219
2024-0495,2024,DOI,Well Activity Report Classification,Pre-deployment,Acquisition and/or Development,In-house,Developed in-house.,,Science & Space,,,L0220
2024-0496,2024,DOI,Level 1 Survey Report Corrosion Level Classification,Pre-deployment,Acquisition and/or Development,Vendor,Developed with contracting resources.,,Science & Space,,,L0221
2024-0497,2024,DOI,Well Risk Assessment,Pre-deployment,Acquisition and/or Development,Vendor and in-house,Developed with both contracting and in-house resources.,,Science & Space,,,
2024-0498,2024,DOI,Sustained Casing Pressure Identification,Pre-deployment,Acquisition and/or Development,Vendor,Developed with contracting resources.,,Science & Space,,,
2024-0499,2024,DOI,ROV Smart Touch Subsea Pipeline Inspections,Pre-deployment,Acquisition and/or Development,Vendor,Developed with contracting resources.,,Science & Space,,,L0222
2024-0500,2024,DOL,Form Recognition model for Benefits Forms,Deployed,Operation and Maintenance,Vendor and in-house,Developed with both contracting and in-house resources.,,Government Services (includes Benefits and Service Delivery),,,
2024-0501,2024,DOL,Language Translation,Pre-deployment,Initiated,,,,Mission-Enabling (internal agency support),,,L0223
2024-0502,2024,DOL,Audio Transcription,Deployed,Operation and Maintenance,Vendor,Developed with contracting resources.,,Mission-Enabling (internal agency support),,,L0224
2024-0503,2024,DOL,Text to Speech Conversion,Deployed,Operation and Maintenance,Vendor,Developed with contracting resources.,,Mission-Enabling (internal agency support),,,L0225
2024-0504,2024,DOL,Claims Document Processing,Retired,Retired,,,,Government Services (includes Benefits and Service Delivery),,,L0226
2024-0505,2024,DOL,Website Chatbot Assistant,Deployed,Operation and Maintenance,Vendor and in-house,Developed with both contracting and in-house resources.,,Mission-Enabling (internal agency support),,,L0227
2024-0506,2024,DOL,Data Ingestion of Payroll Forms,Retired,Retired,,,,Mission-Enabling (internal agency support),,,
2024-0507,2024,DOL,Hololens,Deployed,Operation and Maintenance,Vendor and in-house,Developed with both contracting and in-house resources.,,Education & Workforce,,,L0228
2024-0508,2024,DOL,DOL Intranet Website Chatbot Assistant,Deployed,Operation and Maintenance,Vendor and in-house,Developed with both contracting and in-house resources.,,Mission-Enabling (internal agency support),,,
2024-0509,2024,DOL,Official Document Validation,Retired,Retired,,,,Mission-Enabling (internal agency support),,,L0229
2024-0510,2024,DOL,Electronic Records Management,Pre-deployment,Initiated,,,,Mission-Enabling (internal agency support),,,L0230
2024-0511,2024,DOL,Call Recording Analysis,Deployed,Operation and Maintenance,Vendor and in-house,Developed with both contracting and in-house resources.,,Mission-Enabling (internal agency support),,,L0231
2024-0512,2024,DOL,Automatic Document Processing,Deployed,Operation and Maintenance,Vendor and in-house,Developed with both contracting and in-house resources.,,Government Services (includes Benefits and Service Delivery),,,L0232
2024-0513,2024,DOL,Automatic Data Processing Workflow with Form Recognizer,Pre-deployment,Acquisition and/or Development,Vendor and in-house,Developed with both contracting and in-house resources.,,Mission-Enabling (internal agency support),,,
2024-0514,2024,DOL,Case Recording summarization,Retired,Retired,,,,Mission-Enabling (internal agency support),,,L0233
2024-0515,2024,DOL,OEWS Occupation Autocoder,Deployed,Operation and Maintenance,In-house,Developed in-house.,,Mission-Enabling (internal agency support),,,L0234
2024-0516,2024,DOL,Scanner Data Product Classification,Deployed,Operation and Maintenance,In-house,Developed in-house.,,Mission-Enabling (internal agency support),,,L0235
2024-0517,2024,DOL,Expenditure Classification Autocoder,Deployed,Operation and Maintenance,Vendor and in-house,Developed with both contracting and in-house resources.,,Mission-Enabling (internal agency support),,,L0236
2024-0518,2024,DOL,Generative AI Assistant,Deployed,Operation and Maintenance,Vendor and in-house,Developed with both contracting and in-house resources.,,Mission-Enabling (internal agency support),,,
2024-0519,2024,DOL,Occupation Code Suggestion For Job Duties Data,Retired,Retired,,,,Mission-Enabling (internal agency support),,,L0237
2024-0520,2024,DOL,Notice of Deficiency (NOD) Text Generation using Generative AI model,Pre-deployment,Initiated,,,,Mission-Enabling (internal agency support),,,L0238
2024-0521,2024,DOL,PII Redaction,Deployed,Operation and Maintenance,Vendor and in-house,Developed with both contracting and in-house resources.,,Mission-Enabling (internal agency support),,,L0239
2024-0522,2024,DOL,Website Chatbot Assistant,Deployed,Operation and Maintenance,Vendor and in-house,Developed with both contracting and in-house resources.,,Mission-Enabling (internal agency support),,,
2024-0523,2024,DOL,Initial Determinations for incoming applications,Pre-deployment,Initiated,,,,Mission-Enabling (internal agency support),,,L0240
2024-0524,2024,DOL,AI Course Design Assistant,Deployed,Operation and Maintenance,,,,Education & Workforce,,,
2024-0525,2024,DOL,Worker PLUS Microsimulation Program,Deployed,Operation and Maintenance,Vendor,Developed with contracting resources.,,Government Services (includes Benefits and Service Delivery),,,L0241
2024-0526,2024,DOL,Computer-Assisted Coding: SOII Autocoder,Deployed,Operation and Maintenance,In-house,Developed in-house.,,Mission-Enabling (internal agency support),,,L0242
2024-0527,2024,DOL,CFOI Record Matching,Deployed,Operation and Maintenance,In-house,Developed in-house.,,Mission-Enabling (internal agency support),,,L0243
2024-0528,2024,DOL,OIICS Coding,Pre-deployment,Initiated,,,,Mission-Enabling (internal agency support),,,L0244
2024-0529,2024,DOL,AI Assisted coding -Microsoft GitHub Copilot,Deployed,Operation and Maintenance,In-house,Developed in-house.,,Mission-Enabling (internal agency support),,,
2024-0530,2024,DOL,CPS OTC Prediction,Deployed,Operation and Maintenance,In-house,Developed in-house.,,Mission-Enabling (internal agency support),,,L0245
2024-0531,2024,DOL,Sample Refinement: Frame API,Deployed,Operation and Maintenance,In-house,Developed in-house.,,Mission-Enabling (internal agency support),,,L0246
2024-0532,2024,DOL,CE Interview Item Code Estimation,Deployed,Operation and Maintenance,In-house,Developed in-house.,,Mission-Enabling (internal agency support),,,L0247
2024-0533,2024,DOL,CE Interview Imputations,Deployed,Operation and Maintenance,In-house,Developed in-house.,,Mission-Enabling (internal agency support),,,L0248
2024-0534,2024,DOL,Note taking bot,Pre-deployment,Initiated,,,,Mission-Enabling (internal agency support),,,L0249
2024-0535,2024,DOL,Determine Occupation Codes from Text (NIOCCS),Pre-deployment,Acquisition and/or Development,,,,Mission-Enabling (internal agency support),,,L0250
2024-0536,2024,DOL,Camtasia,Pre-deployment,Acquisition and/or Development,,,,Education & Workforce,,,
2024-0537,2024,DOL,Adobe Premier Pro,Deployed,Operation and Maintenance,,,,Mission-Enabling (internal agency support),,,
2024-0538,2024,DOL,Audiate,Pre-deployment,Acquisition and/or Development,,,,Education & Workforce,,,
2024-0539,2024,DOL,SnagIT,Pre-deployment,Acquisition and/or Development,,,,Education & Workforce,,,
2024-0540,2024,DOL,Facebook Mobile App,Deployed,Operation and Maintenance,,,,Mission-Enabling (internal agency support),,,
2024-0541,2024,DOL,Google Authenticator Mobile App,Deployed,Operation and Maintenance,,,,Mission-Enabling (internal agency support),,,
2024-0542,2024,DOL,Google Maps Mobile App,Deployed,Operation and Maintenance,,,,Mission-Enabling (internal agency support),,,
2024-0543,2024,DOL,Instagram Mobile App,Deployed,Operation and Maintenance,,,,Mission-Enabling (internal agency support),,,
2024-0544,2024,DOL,Microsoft Authenticator Mobile App,Deployed,Operation and Maintenance,,,,Mission-Enabling (internal agency support),,,
2024-0545,2024,DOL,Periscope Mobile App,Deployed,Operation and Maintenance,,,,Mission-Enabling (internal agency support),,,
2024-0546,2024,DOL,X (formerly Twitter) Mobile App,Pre-deployment,Acquisition and/or Development,,,,Mission-Enabling (internal agency support),,,
2024-0547,2024,DOL,Dragon Naturally Speaking,Deployed,Operation and Maintenance,,,,Mission-Enabling (internal agency support),,,
2024-0548,2024,DOL,ZoomText and ZoomText Professional,Deployed,Operation and Maintenance,,,,Education & Workforce,,,
2024-0549,2024,DOL,Visual Studio,Deployed,Operation and Maintenance,,,,Mission-Enabling (internal agency support),,,
2024-0550,2024,DOL,ABBYY FineReader,Deployed,Operation and Maintenance,,,,Mission-Enabling (internal agency support),,,
2024-0551,2024,DOL,Google Earth Pro,Deployed,Operation and Maintenance,,,,Mission-Enabling (internal agency support),,,
2024-0552,2024,DOL,Adobe Creative Cloud and Adobe Product Suite,Deployed,Operation and Maintenance,,,,Mission-Enabling (internal agency support),,,
2024-0553,2024,DOL,Autodesk,Deployed,Operation and Maintenance,,,,Mission-Enabling (internal agency support),,,
2024-0554,2024,DOL,AI Course Design Assistant,Deployed,Operation and Maintenance,,,,Mission-Enabling (internal agency support),,,
2024-0555,2024,DOL,Webex Meeting Transcription,Pre-deployment,Initiated,,,,Mission-Enabling (internal agency support),,,
2024-0556,2024,DOL,Omni Page Ultimate 19,Deployed,Operation and Maintenance,,,,Mission-Enabling (internal agency support),,,
2024-0557,2024,DOL,Tableau Public 2023,Deployed,Operation and Maintenance,,,,Mission-Enabling (internal agency support),,,
2024-0558,2024,DOL,Adobe Acrobat Professional Latest Version,Deployed,Operation and Maintenance,,,,Mission-Enabling (internal agency support),,,
2024-0559,2024,DOL,Tableau Creator (Desktop and Prep),Deployed,Operation and Maintenance,,,,Mission-Enabling (internal agency support),,,
2024-0560,2024,DOL,Grammarly 14,Deployed,Operation and Maintenance,,,,Mission-Enabling (internal agency support),,,
2024-0561,2024,DOL,Adobe Creative Cloud with Acrobat Pro Latest Version,Deployed,Operation and Maintenance,,,,Mission-Enabling (internal agency support),,,
2024-0562,2024,DOL,Microsoft Project Office 365,Deployed,Operation and Maintenance,,,,Mission-Enabling (internal agency support),,,
2024-0563,2024,DOL,Stata/MP 18,Deployed,Operation and Maintenance,,,,Mission-Enabling (internal agency support),,,
2024-0564,2024,DOL,Dragon Legal Individual (Speech Recognition),Deployed,Operation and Maintenance,,,,Mission-Enabling (internal agency support),,,
2024-0565,2024,DOL,Speechify Text to Speech Voice Reader Chrome Extension 9,Deployed,Operation and Maintenance,,,,Mission-Enabling (internal agency support),,,
2024-0566,2024,DOL,Adobe Creative Cloud / Adobe Express AI feature,Deployed,Operation and Maintenance,,,,Mission-Enabling (internal agency support),,,
2024-0567,2024,DOL,Westlaw Precision & CoCounsel,Deployed,Operation and Maintenance,,,,Law & Justice,,,
2024-0568,2024,DOL,Kurzweil,Deployed,Operation and Maintenance,,,,Mission-Enabling (internal agency support),,,
2024-0569,2024,DOL,Microsoft Office Suite,Deployed,Operation and Maintenance,,,,Mission-Enabling (internal agency support),,,
2024-0570,2024,EPA,GovChat,Deployed,Operation and Maintenance,In-house,Developed in-house.,,Government Services (includes Benefits and Service Delivery),,,
2024-0571,2024,EPA,Transitioning historical help desk knowledge to new help desk software,Pre-deployment,Initiated,,,,Energy & the Environment,,,L0251
2024-0572,2024,EPA,Emission monitoring program knowledge management system search and summary,Pre-deployment,Acquisition and/or Development,,,,Energy & the Environment,,,L0252
2024-0573,2024,EPA,Identification of lead service lines in drinking water distribution systems using bioindicators/biomarkers,Pre-deployment,Initiated,,,,Science & Space,,,
2024-0574,2024,EPA,Generative AI for Study Evaluation and Document Chat,Pre-deployment,Initiated,,,,Science & Space,,,
2024-0575,2024,EPA,Natural Gas STAR Videos,Pre-deployment,Acquisition and/or Development,,,,Energy & the Environment,,,L0253
2024-0576,2024,EPA,Agency Records Management System (ARMS),Deployed,Operation and Maintenance,In-house,Developed in-house.,,Mission-Enabling,,,L1098
2024-0577,2024,EPA,Use of Microsoft CoPilot within the M365 Purview Security Suite,Pre-deployment,Initiated,,,,Mission-Enabling,,,
2024-0578,2024,EPA,Use of AI tools within the Agency’s instance of ServiceNow,Pre-deployment,Initiated,,,,Mission-Enabling,,,
2024-0579,2024,EPA,Machine learning-assisted literature screening,Deployed,Operation and Maintenance,,,,Science & Space,,,
2024-0580,2024,EPA,Data Management and Analytics Platform (DMAP) Operations and Governance AI Use Cases,Pre-deployment,Initiated,,,,Mission-Enabling,,,
2024-0581,2024,EPA,Intelligent Superfund Search & Chatbot capabilities,Pre-deployment,Acquisition and/or Development,,,,Energy & the Environment,,,
2024-0582,2024,EPA,Resource Conservation and Recovery Act (RCRA) Predictive Analytics,Pilot,Implementation and Assessment,,,,Law & Justice,,,
2024-0583,2024,EPA,Clean Water Act (CWA)Predictive Analytics,Pre-deployment,Initiated,,,,Law & Justice,,,
2024-0584,2024,EPA,Clean Air Act (CAA) Predictive Analytics,Pre-deployment,Initiated,,,,Law & Justice,,,
2024-0585,2024,EPA,Extracting references from technical documents,Pre-deployment,Initiated,,,,Energy & the Environment,,,
2024-0586,2024,EPA,Streamflow Duration Assessment Modeling,Deployed,Operation and Maintenance,,,,Science & Space,,,L0254
2024-0587,2024,GSA,Solicitation Review Tool (SRT),Pilot,Implementation and Assessment,Vendor and in-house,Developed with both contracting and in-house resources.,,Other,,,L0255
2024-0588,2024,GSA,Acquisition Analytics,Pilot,Implementation and Assessment,Vendor and in-house,Developed with both contracting and in-house resources.,,Mission-Enabling,,,L0256
2024-0589,2024,GSA,City Pairs Program Ticket Forecast and Scenario Analysis Tools,Pilot,Implementation and Assessment,In-house,Developed in-house.,,Transportation,,,
2024-0590,2024,GSA,Category Taxonomy Classifier,Pilot,Implementation and Assessment,In-house,Developed in-house.,,Mission-Enabling,,,
2024-0591,2024,GSA,CPRM Contract Breach Forecast,Pilot,Implementation and Assessment,In-house,Developed in-house.,,Mission-Enabling,,,
2024-0592,2024,GSA,Category Taxonomy Refinement Using NLP,Retired,Retired,In-house,Developed in-house.,,Mission-Enabling,,,L0257
2024-0593,2024,GSA,Key KPI Forecasts for GWCM,Retired,Retired,Vendor,Developed with contracting resources.,,Mission-Enabling,,,
2024-0594,2024,GSA,Enterprise Brain,Retired,Retired,Vendor,Developed with contracting resources.,,Other,,,
2024-0595,2024,GSA,AWS Captcha Solver,Pre-deployment,Initiated,In-house,Developed in-house.,,Other,,,
2024-0596,2024,GSA,ServiceNow Generic Ticket Classification,Pre-deployment,Initiated,Vendor,Developed with contracting resources.,,Other,,,L0258
2024-0597,2024,GSA,ServiceNow Virtual Agent (Curie),Pre-deployment,Initiated,Vendor,Developed with contracting resources.,,Other,,,L0259
2024-0598,2024,GSA,GREX AI Document Classification,Pre-deployment,Acquisition and/or Development,Vendor,Developed with contracting resources.,,Government Services (includes Benefits and Service Delivery),,,
2024-0599,2024,GSA,Contract Acquisition Lifecycle Intelligence (CALI),Retired,Retired,Vendor,Developed with contracting resources.,,Mission-Enabling,,,
2024-0600,2024,GSA,Survey Comment Ham / Spam Tester,Retired,Retired,Vendor and in-house,Developed with both contracting and in-house resources.,,Other,,,
2024-0601,2024,GSA,Classifying Qualitative Data with Medallia,Pre-deployment,Acquisition and/or Development,Vendor,Developed with contracting resources.,,Other,,,
2024-0602,2024,GSA,Elastic Machine Learning Threat Detection,Pre-deployment,Acquisition and/or Development,Vendor and in-house,Developed with both contracting and in-house resources.,,Other,,,L1108
2024-0603,2024,GSA,Elastic Machine Learning Threat Detection - Phase 2,Pre-deployment,Initiated,Vendor,Developed with contracting resources.,,Other,,,L0260
2024-0604,2024,GSA,Chatbot for Federal Acquisition Community,Pre-deployment,Initiated,Vendor and in-house,Developed with both contracting and in-house resources.,,Other,,,
2024-0605,2024,GSA,Document Workflow / Intelligent Data Capture and Extraction,Retired,Retired,Vendor,Developed with contracting resources.,,Other,,,
2024-0606,2024,GSA,OAS Kudos Chatbot,Retired,Retired,Vendor,Developed with contracting resources.,,Other,,,
2024-0607,2024,GSA,NCMMS AI Chatbot,Pre-deployment,Acquisition and/or Development,Vendor,Developed with contracting resources.,,Other,,,
2024-0608,2024,GSA,Login.gov,Pilot,Implementation and Assessment,Vendor,Developed with contracting resources.,,Other,,,
2024-0609,2024,GSA,Gemini for Workspace,Pre-deployment,Acquisition and/or Development,Vendor,Developed with contracting resources.,,Government Services (includes Benefits and Service Delivery),,,
2024-0610,2024,GSA,Test Fit Layouts,Pre-deployment,Acquisition and/or Development,Vendor,Developed with contracting resources.,,Government Services (includes Benefits and Service Delivery),,,
2024-0611,2024,HHS,Design Your Facility,Pre-deployment,Acquisition and/or Development,Vendor,Developed with contracting resources.,,Mission-Enabling (internal agency support),,,L0261
2024-0612,2024,HHS,Discover Financial Business Intelligence System (FBIS) Report Analysis (Sub-CAN Line Items),Pre-deployment,Acquisition and/or Development,Vendor,Developed with contracting resources.,,Mission-Enabling (internal agency support),,,L0262
2024-0613,2024,HHS,Grant Spend Health Analysis,Pre-deployment,Acquisition and/or Development,Vendor,Developed with contracting resources.,,Mission-Enabling (internal agency support),,,L0263
2024-0614,2024,HHS,Structuring and Validating Completeness of Case Data Information,Pre-deployment,Acquisition and/or Development,Vendor,Developed with contracting resources.,,Mission-Enabling (internal agency support),,,L0264
2024-0615,2024,HHS,Triaging Notice of Concern Submissions,Pre-deployment,Acquisition and/or Development,Vendor,Developed with contracting resources.,,Government Services (includes Benefits and Service Delivery),,,
2024-0616,2024,HHS,Unaccompanied Children Program Policy & Procedure Research Tool,Pre-deployment,Acquisition and/or Development,Vendor,Developed with contracting resources.,,Mission-Enabling (internal agency support),,,L0265
2024-0617,2024,HHS,Unaccompanied Children Process Model Digital Twins,Pre-deployment,Initiated,,,,Mission-Enabling (internal agency support),,,L0266
2024-0618,2024,HHS,Analyzing Public Comments on Proposed Rule,Retired,Retired,,,,Mission-Enabling (internal agency support),,,L0267
2024-0619,2024,HHS,Outreach List Segmentation,Retired,Retired,,,,Mission-Enabling (internal agency support),,,L0268
2024-0620,2024,HHS,Ask HR Policy,Deployed,Operation and Maintenance,Vendor,Developed with contracting resources.,,Mission-Enabling (internal agency support),,,L0269
2024-0621,2024,HHS,Child Welfare Information Gateway OneReach Application,Deployed,Operation and Maintenance,Vendor,Developed with contracting resources.,,Government Services (includes Benefits and Service Delivery),,,
2024-0622,2024,HHS,Collective Bargaining Compass,Deployed,Operation and Maintenance,Vendor,Developed with contracting resources.,,Mission-Enabling (internal agency support),,,L0270
2024-0623,2024,HHS,Discover User Assistant,Deployed,Operation and Maintenance,Vendor,Developed with contracting resources.,,Mission-Enabling (internal agency support),,,L0271
2024-0624,2024,HHS,Policy Knowledge Base Data Migration,Deployed,Operation and Maintenance,Vendor and in-house,Developed with both contracting and in-house resources.,,Mission-Enabling (internal agency support),,,L0272
2024-0625,2024,HHS,Qualitative analysis,Deployed,Operation and Maintenance,In-house,Developed in-house.,,Mission-Enabling (internal agency support),,,L0273
2024-0626,2024,HHS,AHRQ Search,Deployed,Operation and Maintenance,Vendor,Developed with contracting resources.,,Mission-Enabling (internal agency support),,,L0274
2024-0627,2024,HHS,Chatbot,Deployed,Operation and Maintenance,Vendor,Developed with contracting resources.,,Mission-Enabling (internal agency support),,,L0275
2024-0628,2024,HHS,Chatbot,Pre-deployment,Initiated,,,,Mission-Enabling (internal agency support),,,L1064
2024-0629,2024,HHS,Enhancing Diversity in Peer Review - Pilot,Pre-deployment,Initiated,,,,Mission-Enabling (internal agency support),,,L0276
2024-0630,2024,HHS,NLQuery- As Data or Pulse,Pre-deployment,Initiated,,,,Mission-Enabling (internal agency support),,,L0277
2024-0631,2024,HHS,Quality and Safety Review System AI-enabled automated abstraction,Pre-deployment,Acquisition and/or Development,Vendor,Developed with contracting resources.,,Mission-Enabling (internal agency support),,,L0278
2024-0632,2024,HHS,Document Q&A Interface,Pre-deployment,Acquisition and/or Development,Vendor,Developed with contracting resources.,,Law & Justice,,,
2024-0633,2024,HHS,Emergency Inventory Redistribution Model,Pilot,Implementation and Assessment,Vendor,Developed with contracting resources.,,Emergency Management,,,
2024-0634,2024,HHS,emPOWER AI,Deployed,Operation and Maintenance,Vendor,Developed with contracting resources.,,Health & Medical,,,L0279
2024-0635,2024,HHS,Entity Resolution Tool,Pilot,Implementation and Assessment,Vendor,Developed with contracting resources.,,Mission-Enabling (internal agency support),,,
2024-0636,2024,HHS,Executive Report Generation AI Copilot,Deployed,Operation and Maintenance,Vendor,Developed with contracting resources.,,Mission-Enabling (internal agency support),,,
2024-0637,2024,HHS,Flow Model Edge Prioritization Estimation Tool,Deployed,Operation and Maintenance,Vendor,Developed with contracting resources.,,Emergency Management,,,
2024-0638,2024,HHS,Generalized Demand Model Sensitivity Analyzer,Deployed,Operation and Maintenance,Vendor,Developed with contracting resources.,,Mission-Enabling (internal agency support),,,
2024-0639,2024,HHS,Google Search Model Alerts,Deployed,Operation and Maintenance,Vendor,Developed with contracting resources.,,Mission-Enabling (internal agency support),,,
2024-0640,2024,HHS,Google Search Model Rising Trend Entity Extraction,Deployed,Operation and Maintenance,Vendor,Developed with contracting resources.,,Mission-Enabling (internal agency support),,,
2024-0641,2024,HHS,Manufacturer Name Standardization,Deployed,Operation and Maintenance,Vendor,Developed with contracting resources.,,Mission-Enabling (internal agency support),,,
2024-0642,2024,HHS,Model based open source reporting search and summarization,Pre-deployment,Initiated,Vendor,Developed with contracting resources.,,Law & Justice,,,
2024-0643,2024,HHS,PPE Product Classification Model,Deployed,Operation and Maintenance,Vendor,Developed with contracting resources.,,Mission-Enabling (internal agency support),,,
2024-0644,2024,HHS,Adverse Childhood Experiences (ACEs) Literature Review Dashboard,Pre-deployment,Acquisition and/or Development,Vendor,Developed with contracting resources.,,Mission-Enabling (internal agency support),,,L0280
2024-0645,2024,HHS,Automated Analysis of Injury Control Research Center (ICRC) Annual Progress Reports (APRs) using Large Language Models,Pre-deployment,Acquisition and/or Development,In-house,Developed in-house.,,Mission-Enabling (internal agency support),,,L0281
2024-0646,2024,HHS,Detecting Stimulant and Opioid Misuse and Illicit Use,Pre-deployment,Acquisition and/or Development,In-house,Developed in-house.,,Health & Medical,,,L0282
2024-0647,2024,HHS,DHP Virtual Assistant,Pre-deployment,Acquisition and/or Development,In-house,Developed in-house.,,Mission-Enabling (internal agency support),,,L0283
2024-0648,2024,HHS,Fuzzy matching tool,Pre-deployment,Acquisition and/or Development,In-house,Developed in-house.,,Mission-Enabling (internal agency support),,,L0284
2024-0649,2024,HHS,Global (GIB) Initiative for Influenza Vaccine Equity (GIIVE): Ensuring Universal Access,Pre-deployment,Acquisition and/or Development,In-house,Developed in-house.,,Health & Medical,,,
2024-0650,2024,HHS,HIV Data Virtual Assistant,Pre-deployment,Acquisition and/or Development,In-house,Developed in-house.,,Mission-Enabling (internal agency support),,,L0285
2024-0651,2024,HHS,Identify infrastructure supports for physical activity (e.g. sidewalks) in satellite and roadway images,Pre-deployment,Acquisition and/or Development,Vendor and in-house,Developed with both contracting and in-house resources.,,Health & Medical,,,L0286
2024-0652,2024,HHS,Immunization Information Systems Guidance Documentation Navigation and Management (IDAB EDAV Azure OpenAI Technology Use),Pre-deployment,Acquisition and/or Development,Vendor and in-house,Developed with both contracting and in-house resources.,,Mission-Enabling (internal agency support),,,L0287
2024-0653,2024,HHS,LaserAI,Pre-deployment,Acquisition and/or Development,Vendor,Developed with contracting resources.,,Health & Medical,,,L0288
2024-0654,2024,HHS,NewsScape,Pre-deployment,Acquisition and/or Development,Vendor and in-house,Developed with both contracting and in-house resources.,,Mission-Enabling (internal agency support),,,L0289
2024-0655,2024,HHS,RAPID Analysis of Policy and Program Documents (RAPID),Pre-deployment,Acquisition and/or Development,Vendor,Developed with contracting resources.,,Mission-Enabling (internal agency support),,,L0290
2024-0656,2024,HHS,SewerScout: Automated on-site sewage facility detection from aerial imagery to identify failed systems,Pre-deployment,Acquisition and/or Development,In-house,Developed in-house.,,Health & Medical,,,L0291
2024-0657,2024,HHS,Sidekick Comms bot Offering User-friendly Tips (SCOUT),Pre-deployment,Acquisition and/or Development,Vendor,Developed with contracting resources.,,Mission-Enabling (internal agency support),,,L0292
2024-0658,2024,HHS,Transcribing Cognitive Interviews with Whisper,Pre-deployment,Acquisition and/or Development,In-house,Developed in-house.,,Mission-Enabling (internal agency support),,,L0293
2024-0659,2024,HHS,Use of Natural Language Processing for Topic Modeling to Automate Review of Public Comments to Notice of Proposed Rulemaking,Pre-deployment,Acquisition and/or Development,In-house,Developed in-house.,,Mission-Enabling (internal agency support),,,L0294
2024-0660,2024,HHS,Center for Forecasting and Outbreak Analytics Disease Modeling,Pilot,Implementation and Assessment,Vendor and in-house,Developed with both contracting and in-house resources.,,Health & Medical,,,
2024-0661,2024,HHS,ChatCDC- CDC Enterprise GenAI Chatbot: Bring your own Enterprise Data (Data Analysis),Pilot,Implementation and Assessment,Vendor and in-house,Developed with both contracting and in-house resources.,,Mission-Enabling (internal agency support),,,
2024-0662,2024,HHS,ChatCDC- CDC Enterprise GenAI Chatbot: Bring your own Enterprise Data (Summarization),Pilot,Implementation and Assessment,Vendor and in-house,Developed with both contracting and in-house resources.,,Mission-Enabling (internal agency support),,,
2024-0663,2024,HHS,Leveraging AI for Metadata Tagging for Enterprise Data Catalog of CDC,Pilot,Implementation and Assessment,In-house,Developed in-house.,,Mission-Enabling (internal agency support),,,L0295
2024-0664,2024,HHS,Malaria parasites DNA barcode geography classification,Pilot,Implementation and Assessment,In-house,Developed in-house.,,Health & Medical,,,L0296
2024-0665,2024,HHS,The School Closure Awareness System,Pilot,Implementation and Assessment,In-house,Developed in-house.,,Emergency Management,,,L0297
2024-0666,2024,HHS,Using Generative AI for Stance Analysis of Public Comments on CDC’s Proposed Rules,Pilot,Implementation and Assessment,In-house,Developed in-house.,,Mission-Enabling (internal agency support),,,L0298
2024-0667,2024,HHS,A reusable NLP pipeline for clinical narratives preprocessing and characterization,Pre-deployment,Initiated,,,,Health & Medical,,,L0299
2024-0668,2024,HHS,Autocoding to Support Adverse Drug Event Surveillance,Pre-deployment,Initiated,,,,Mission-Enabling (internal agency support),,,L0300
2024-0669,2024,HHS,Automating LIMS Bioinformatics Workflow Configuration and Enhancing Lab Quality Management with AI,Pre-deployment,Initiated,,,,Mission-Enabling (internal agency support),,,L0301
2024-0670,2024,HHS,DGMH AI Chatbot,Pre-deployment,Initiated,,,,Mission-Enabling (internal agency support),,,L0302
2024-0671,2024,HHS,Distiller SR: AI to screen research articles for Community Guide reviews,Pre-deployment,Initiated,,,,Mission-Enabling (internal agency support),,,L0303
2024-0672,2024,HHS,Evaluating Generative AI for polio containment.,Pre-deployment,Initiated,,,,Health & Medical,,,L0304
2024-0673,2024,HHS,Respiratory Virus Response (RVR) Data Analysis Concept,Pre-deployment,Initiated,,,,Health & Medical,,,L0305
2024-0674,2024,HHS,School LLM initial abstract review process,Pre-deployment,Initiated,,,,Mission-Enabling (internal agency support),,,L0306
2024-0675,2024,HHS,ChatCDC - CDC Enterprise Generative AI Chatbot (Content Editing),Deployed,Operation and Maintenance,Vendor and in-house,Developed with both contracting and in-house resources.,,Mission-Enabling (internal agency support),,,
2024-0676,2024,HHS,ChatCDC - CDC Enterprise Generative AI Chatbot (Data Extraction),Deployed,Operation and Maintenance,Vendor and in-house,Developed with both contracting and in-house resources.,,Mission-Enabling (internal agency support),,,
2024-0677,2024,HHS,ChatCDC - CDC Enterprise Generative AI Chatbot (Ideation),Deployed,Operation and Maintenance,Vendor and in-house,Developed with both contracting and in-house resources.,,Mission-Enabling (internal agency support),,,
2024-0678,2024,HHS,ChatCDC - CDC Enterprise Generative AI Chatbot (Software Development),Deployed,Operation and Maintenance,Vendor and in-house,Developed with both contracting and in-house resources.,,Mission-Enabling (internal agency support),,,
2024-0679,2024,HHS,ChatCDC - CDC Enterprise Generative AI Chatbot (Summarization),Deployed,Operation and Maintenance,Vendor and in-house,Developed with both contracting and in-house resources.,,Mission-Enabling (internal agency support),,,
2024-0680,2024,HHS,DCIPHER (SEDRIC) AIP for Advanced Foodborne Outbreak Investigation (AI Summarization),Deployed,Operation and Maintenance,Vendor,Developed with contracting resources.,,Mission-Enabling (internal agency support),,,
2024-0681,2024,HHS,DCIPHER (SEDRIC) AIP for Advanced Foodborne Outbreak Investigation (Receipt Reading),Deployed,Operation and Maintenance,Vendor,Developed with contracting resources.,,Mission-Enabling (internal agency support),,,
2024-0682,2024,HHS,DFWED Food Vehicle Investigation Module,Deployed,Operation and Maintenance,In-house,Developed in-house.,,Mission-Enabling (internal agency support),,,
2024-0683,2024,HHS,Genetic distance computation method for comparing complex multi-locus parasite (Cyclospora) genotypes,Deployed,Operation and Maintenance,In-house,Developed in-house.,,Health & Medical,,,L0307
2024-0684,2024,HHS,MedCoder - Coding literal text cause of death information reported on death certificates to ICD-10,Deployed,Operation and Maintenance,In-house,Developed in-house.,,Health & Medical,,,L0308
2024-0685,2024,HHS,NCIRD SmartFind ChatBots - Public and Internal,Deployed,Operation and Maintenance,Vendor and in-house,Developed with both contracting and in-house resources.,,Mission-Enabling (internal agency support),,,L0309
2024-0686,2024,HHS,NIOSH Industry and Occupation Computerized Coding System (NIOCCS),Deployed,Operation and Maintenance,In-house,Developed in-house.,,Mission-Enabling (internal agency support),,,L0310
2024-0687,2024,HHS,Nowcasting Injury Trends,Deployed,Operation and Maintenance,In-house,Developed in-house.,,Health & Medical,,,L0311
2024-0688,2024,HHS,Risk Assessment Module (RAM) for the National Diabetes Prevention Program (National DPP) Operations Center.,Deployed,Operation and Maintenance,Vendor,Developed with contracting resources.,,Mission-Enabling (internal agency support),,,L0312
2024-0689,2024,HHS,Semi-Automated Nonresponse Detection for Surveys (SANDS),Deployed,Operation and Maintenance,In-house,Developed in-house.,,Mission-Enabling (internal agency support),,,L0313
2024-0690,2024,HHS,Sequential Coverage Algorithm (SCA) and partial Expectation-Maximization (EM) estimation in Record Linkage,Deployed,Operation and Maintenance,Vendor,Developed with contracting resources.,,Health & Medical,,,L0314
2024-0691,2024,HHS,TowerScout: Automated cooling tower detection from aerial imagery for Legionnaires' Disease outbreak investigation,Deployed,Operation and Maintenance,Vendor,Developed with contracting resources.,,Health & Medical,,,L0315
2024-0692,2024,HHS,Creation of synthetic Survey-like Insurance Names for use coding NHIS private insurance responses,Retired,Retired,,,,Health & Medical,,,
2024-0693,2024,HHS,Development of in-silico genomic and patient datasets using generative ML algorithms,Retired,Retired,,,,Mission-Enabling (internal agency support),,,L0316
2024-0694,2024,HHS,Mastering Metadata: AI-Powered Governance for Data Insights,Retired,Retired,,,,Mission-Enabling (internal agency support),,,
2024-0695,2024,HHS,PII detection using Private AI,Retired,Retired,,,,Mission-Enabling (internal agency support),,,
2024-0696,2024,HHS,Reddit Post Analysis for Sexual Health Using Large Language Models,Retired,Retired,,,,Health & Medical,,,
2024-0697,2024,HHS,Retrieval Augmented Generation (RAG) with Q-Bank,Retired,Retired,,,,Mission-Enabling (internal agency support),,,L0317
2024-0698,2024,HHS,Using generative AI to gain insight of older adult falls,Retired,Retired,,,,Health & Medical,,,L0318
2024-0699,2024,HHS,AI-assisted comment triaging tool,Deployed,Operation and Maintenance,Vendor,Developed with contracting resources.,,Mission-Enabling (internal agency support),,,L0319
2024-0700,2024,HHS,Bankruptcy BOT,Deployed,Operation and Maintenance,Vendor,Developed with contracting resources.,,Mission-Enabling (internal agency support),,,
2024-0701,2024,HHS,Central Data Abstraction Tool-Modernized (Modernized-CDAT)- Intake Process Automation (PA) Tool,Deployed,Operation and Maintenance,Vendor,Developed with contracting resources.,,Law & Justice,,,
2024-0702,2024,HHS,CMS Enterprise Portal Services (CMS Enterprise Portal-Chatbot),Deployed,Operation and Maintenance,Vendor,Developed with contracting resources.,,Mission-Enabling (internal agency support),,,
2024-0703,2024,HHS,Enhanced Direct Enrollment Outlier Detection,Deployed,Operation and Maintenance,Vendor,Developed with contracting resources.,,Mission-Enabling (internal agency support),,,L0320
2024-0704,2024,HHS,Exchange Complaints Review Categorization  ML/AI,Deployed,Operation and Maintenance,Vendor and in-house,Developed with both contracting and in-house resources.,,Law & Justice,,,
2024-0705,2024,HHS,Feedback Analysis Solution (FAS),Deployed,Operation and Maintenance,Vendor and in-house,Developed with both contracting and in-house resources.,,Mission-Enabling (internal agency support),,,L0321
2024-0706,2024,HHS,IT System Utilization Optimization,Deployed,Operation and Maintenance,Vendor,Developed with contracting resources.,,Mission-Enabling (internal agency support),,,L0322
2024-0707,2024,HHS,Knowledge Management Platform,Deployed,Operation and Maintenance,Vendor,Developed with contracting resources.,,Mission-Enabling (internal agency support),,,
2024-0708,2024,HHS,Risk Adjustment Outlier Analysis,Deployed,Operation and Maintenance,Vendor,Developed with contracting resources.,,Mission-Enabling (internal agency support),,,L0323
2024-0709,2024,HHS,Agent/Broker Fraud Analysis,Deployed,Operation and Maintenance,Vendor,Developed with contracting resources.,,Mission-Enabling (internal agency support),,,L1112
2024-0710,2024,HHS,CCSQ ServiceNow AI Search,Deployed,Operation and Maintenance,Vendor,Developed with contracting resources.,,Government Services (includes Benefits and Service Delivery),,,L0324
2024-0711,2024,HHS,MSP Assignment Bot,Pilot,Implementation and Assessment,In-house,Developed in-house.,,Mission-Enabling (internal agency support),,,
2024-0712,2024,HHS,"Relationships, Events, Contacts, and Outreach Network (RECON)",Retired,Retired,,,,Mission-Enabling (internal agency support),,,
2024-0713,2024,HHS,Complaint Analysis POC,Pre-deployment,Initiated,,,,Health & Medical,,,L1113
2024-0714,2024,HHS,Data Lake/Load-Extract-Transform-Load (L-ETL),Pre-deployment,Initiated,,,,Mission-Enabling (internal agency support),,,
2024-0715,2024,HHS,FOIA Document Review/Redaction Automation,Pre-deployment,Initiated,,,,Mission-Enabling (internal agency support),,,
2024-0716,2024,HHS,Help Desk Responses,Pre-deployment,Initiated,,,,Government Services (includes Benefits and Service Delivery),,,L0325
2024-0717,2024,HHS,508 Accessibility Automation for Documents,Pre-deployment,Initiated,,,,Mission-Enabling (internal agency support),,,
2024-0718,2024,HHS,Brand vs Generic Market Share,Pre-deployment,Initiated,,,,Health & Medical,,,
2024-0719,2024,HHS,Chat Client - Resource Library,Pre-deployment,Initiated,,,,Education & Workforce,,,
2024-0720,2024,HHS,Chatbot within Hub,Pre-deployment,Initiated,,,,Government Services (includes Benefits and Service Delivery),,,L0326
2024-0721,2024,HHS,Drug cost anomaly detection,Pre-deployment,Initiated,,,,Health & Medical,,,
2024-0722,2024,HHS,Drug Cost Increase Predictions,Pre-deployment,Initiated,,,,Health & Medical,,,
2024-0723,2024,HHS,Medicare Part C/D Marketing Material Review,Pre-deployment,Initiated,,,,Mission-Enabling (internal agency support),,,L0327
2024-0724,2024,HHS,Medicare Part C/D Plan Oversight of AI Used for Prior Authorization and Utilization Management,Pre-deployment,Initiated,,,,Law & Justice,,,
2024-0725,2024,HHS,Negotiated Drug Predictions,Pre-deployment,Initiated,,,,Health & Medical,,,
2024-0726,2024,HHS,QPP Admin Bot,Pre-deployment,Initiated,,,,Mission-Enabling (internal agency support),,,L0328
2024-0727,2024,HHS,Operational Efficiency Analytics ,Pre-deployment,Initiated,,,,Health & Medical,,,
2024-0728,2024,HHS,ICPG Governance Tool,Pilot,Implementation and Assessment,Vendor,Developed with contracting resources.,,Mission-Enabling (internal agency support),,,
2024-0729,2024,HHS,Innovation Center Investment Proposal (ICIP) Model Analysis POC,Pilot,Implementation and Assessment,Vendor,Developed with contracting resources.,,Mission-Enabling (internal agency support),,,
2024-0730,2024,HHS,OAGM Rate Card,Pilot,Implementation and Assessment,Vendor,Developed with contracting resources.,,Mission-Enabling (internal agency support),,,
2024-0731,2024,HHS,CCSQ Now Assist for CSM,Pilot,Implementation and Assessment,Vendor,Developed with contracting resources.,,Government Services (includes Benefits and Service Delivery),,,L0329
2024-0732,2024,HHS,AI Workspace,Pre-deployment,Acquisition and/or Development,Vendor,Developed with contracting resources.,,Mission-Enabling (internal agency support),,,L0330
2024-0733,2024,HHS,Citation Analysis and Survey Assistant (CASA - Nursing Home Survey CMS 2567),Pre-deployment,Acquisition and/or Development,Vendor and in-house,Developed with both contracting and in-house resources.,,Law & Justice,,,L0331
2024-0734,2024,HHS,Hazards & Threats Awareness Data Processing Automation,Pre-deployment,Acquisition and/or Development,Vendor and in-house,Developed with both contracting and in-house resources.,,Mission-Enabling (internal agency support),,,
2024-0735,2024,HHS,Independent Dispute Resolution (IDR) Eligibility Rules Engine,Pre-deployment,Acquisition and/or Development,Vendor,Developed with contracting resources.,,Mission-Enabling (internal agency support),,,L0332
2024-0736,2024,HHS,Medicare Fee for Service Requirements Modernization (MFRM),Pre-deployment,Acquisition and/or Development,Vendor,Developed with contracting resources.,,Government Services (includes Benefits and Service Delivery),,,
2024-0737,2024,HHS,Review Regulatory Comments,Pre-deployment,Initiated,Vendor,Developed with contracting resources.,,Mission-Enabling (internal agency support),,,L0333
2024-0738,2024,HHS,Improved Data Quality Checks,Pre-deployment,Acquisition and/or Development,Vendor,Developed with contracting resources.,,Mission-Enabling (internal agency support),,,L0334
2024-0739,2024,HHS,Plan Certification Recommendation Model,Pre-deployment,Acquisition and/or Development,Vendor,Developed with contracting resources.,,Mission-Enabling (internal agency support),,,
2024-0740,2024,HHS,AI-Assisted Data Entry,Deployed,Operation and Maintenance,,,,Mission-Enabling (internal agency support),,,
2024-0741,2024,HHS,Transcription in Zoom and Teams,Deployed,Operation and Maintenance,,,,Mission-Enabling (internal agency support),,,
2024-0742,2024,HHS,Email Prioritization in Outlook,Deployed,Operation and Maintenance,,,,Mission-Enabling (internal agency support),,,
2024-0743,2024,HHS,AI-assisted Pattern Detection,Deployed,Operation and Maintenance,,,,Mission-Enabling (internal agency support),,,
2024-0744,2024,HHS,Report Summarization by commercial GenAI platform,Deployed,Operation and Maintenance,,,,Mission-Enabling (internal agency support),,,
2024-0745,2024,HHS,Information Search from Google,Deployed,Operation and Maintenance,,,,Mission-Enabling (internal agency support),,,
2024-0746,2024,HHS,Document Digitization by AdobePro,Deployed,Operation and Maintenance,,,,Mission-Enabling (internal agency support),,,
2024-0747,2024,HHS,Autocorrect in MS Word,Deployed,Operation and Maintenance,,,,Mission-Enabling (internal agency support),,,
2024-0748,2024,HHS,AI-Assisted Real-time Collaboration,Deployed,Operation and Maintenance,,,,Mission-Enabling (internal agency support),,,
2024-0749,2024,HHS,Presentation Design by MS PowerPoint,Deployed,Operation and Maintenance,,,,Mission-Enabling (internal agency support),,,
2024-0750,2024,HHS,Data modeling and visualization by MS Excel,Deployed,Operation and Maintenance,,,,Mission-Enabling (internal agency support),,,
2024-0751,2024,HHS,News from commercial publisher such as Google News,Deployed,Operation and Maintenance,,,,Mission-Enabling (internal agency support),,,
2024-0752,2024,HHS,Travel Route Optimization by Google Maps and Apple Maps,Deployed,Operation and Maintenance,,,,Mission-Enabling (internal agency support),,,
2024-0753,2024,HHS,AI-Powered Travel Booking,Deployed,Operation and Maintenance,,,,Mission-Enabling (internal agency support),,,
2024-0754,2024,HHS,Facial Recognition Unlock,Deployed,Operation and Maintenance,,,,Mission-Enabling (internal agency support),,,
2024-0755,2024,HHS,AI to Improve Public Access to the Administrative Appeals Process,Pre-deployment,Acquisition and/or Development,In-house,Developed in-house.,,Mission-Enabling (internal agency support),,,L0335
2024-0756,2024,HHS,AI Use Policy Tool,Pre-deployment,Acquisition and/or Development,In-house,Developed in-house.,,Mission-Enabling (internal agency support),,,L0336
2024-0757,2024,HHS,Resources to Assist the Advisory Board In Identifying AI Tools for Use In An Adjudication Environment,Pre-deployment,Acquisition and/or Development,In-house,Developed in-house.,,Mission-Enabling (internal agency support),,,L0337
2024-0758,2024,HHS,356H ML Facility Supply Chain Role Classification,Deployed,Operation and Maintenance,Vendor and in-house,Developed with both contracting and in-house resources.,,Mission-Enabling (internal agency support),,,
2024-0759,2024,HHS,AI Tool for Risk-based FAR Review & Decision Support,Deployed,Operation and Maintenance,In-house,Developed in-house.,,Mission-Enabling (internal agency support),,,
2024-0760,2024,HHS,Analytics-Driven Supplement Evaluation (ASE),Pre-deployment,Acquisition and/or Development,In-house,Developed in-house.,,Mission-Enabling (internal agency support),,,L0338
2024-0761,2024,HHS,Augmenting death and cause of death ascertainment in observational data sources,Deployed,Operation and Maintenance,Vendor,Developed with contracting resources.,,Health & Medical,,,
2024-0762,2024,HHS,CLAT (Computerized Labeling Assessment Tool),Pre-deployment,Acquisition and/or Development,Vendor,Developed with contracting resources.,,Mission-Enabling (internal agency support),,,
2024-0763,2024,HHS,Empirical evaluation of EHR-based signal detection approaches,Pre-deployment,Acquisition and/or Development,Vendor,Developed with contracting resources.,,Health & Medical,,,
2024-0764,2024,HHS,FAR-based Facility Signal Detection Tool,Deployed,Operation and Maintenance,In-house,Developed in-house.,,Mission-Enabling (internal agency support),,,
2024-0765,2024,HHS,MedWatch Dashboard,Deployed,Operation and Maintenance,In-house,Developed in-house.,,Mission-Enabling (internal agency support),,,L0339
2024-0766,2024,HHS,Quality Surveillance Dashboard (QSD),Deployed,Operation and Maintenance,In-house,Developed in-house.,,Mission-Enabling (internal agency support),,,L0340
2024-0767,2024,HHS,Scalable automated NLP-assisted chart abstraction and feature extraction tool,Pre-deployment,Acquisition and/or Development,Vendor,Developed with contracting resources.,,Mission-Enabling (internal agency support),,,
2024-0768,2024,HHS,Annual Report CMC,Deployed,Operation and Maintenance,Vendor and in-house,Developed with both contracting and in-house resources.,,Mission-Enabling (internal agency support),,,L0341
2024-0769,2024,HHS,Application-DMF Reference,Deployed,Operation and Maintenance,Vendor and in-house,Developed with both contracting and in-house resources.,,Mission-Enabling (internal agency support),,,
2024-0770,2024,HHS,Artificial Intelligence-based Deduplication Algorithm for Classification of Duplicate Reports in the FDA Adverse Event Reports (FAERS),Pilot,Implementation and Assessment,Vendor,Developed with contracting resources.,,Mission-Enabling (internal agency support),,,
2024-0771,2024,HHS,Development of automation tools and data warehouse to facilitate BE assessments,Pre-deployment,Acquisition and/or Development,Vendor and in-house,Developed with both contracting and in-house resources.,,Mission-Enabling (internal agency support),,,
2024-0772,2024,HHS,DMF (Drug Master File) Facilites,Deployed,Operation and Maintenance,Vendor and in-house,Developed with both contracting and in-house resources.,,Mission-Enabling (internal agency support),,,
2024-0773,2024,HHS,Four Part Harmony Identification,Pre-deployment,Acquisition and/or Development,In-house,Developed in-house.,,Mission-Enabling (internal agency support),,,
2024-0774,2024,HHS,Information Visualization Platform (InfoViP) to Support Analysis of adverse event reports,Pre-deployment,Acquisition and/or Development,Vendor,Developed with contracting resources.,,Mission-Enabling (internal agency support),,,
2024-0775,2024,HHS,LLM-Assisted VAERS Analyses,Pre-deployment,Acquisition and/or Development,In-house,Developed in-house.,,Health & Medical,,,L0342
2024-0776,2024,HHS,Pharmacovigilance machine learning to detect excess safety signal,Deployed,Operation and Maintenance,Vendor,Developed with contracting resources.,,Government Services (includes Benefits and Service Delivery),,,
2024-0777,2024,HHS,Module 3 Facilties,Deployed,Operation and Maintenance,Vendor and in-house,Developed with both contracting and in-house resources.,,Mission-Enabling (internal agency support),,,
2024-0778,2024,HHS,OPPQ Policy Bot (AKA Policy and Guidance Documents Search),Pilot,Implementation and Assessment,Vendor and in-house,Developed with both contracting and in-house resources.,,Mission-Enabling (internal agency support),,,
2024-0779,2024,HHS,Packaging Materials and Suppliers,Deployed,Operation and Maintenance,Vendor and in-house,Developed with both contracting and in-house resources.,,Mission-Enabling (internal agency support),,,L0343
2024-0780,2024,HHS,Process Large Amount of Submitted Docket Comments,Pilot,Implementation and Assessment,In-house,Developed in-house.,,Mission-Enabling (internal agency support),,,L0344
2024-0781,2024,HHS,Real World Data/Evidence,Pilot,Implementation and Assessment,Vendor and in-house,Developed with both contracting and in-house resources.,,Mission-Enabling (internal agency support),,,L0345
2024-0782,2024,HHS,Regulatory Starting Material,Deployed,Operation and Maintenance,Vendor and in-house,Developed with both contracting and in-house resources.,,Mission-Enabling (internal agency support),,,L0346
2024-0783,2024,HHS,Resource Capacity Planning,Deployed,Operation and Maintenance,Vendor and in-house,Developed with both contracting and in-house resources.,,Mission-Enabling (internal agency support),,,L0347
2024-0784,2024,HHS,Supply Chain Resilience Program,Deployed,Operation and Maintenance,Vendor,Developed with contracting resources.,,Emergency Management,,,
2024-0785,2024,HHS,AI Audit Resolution Assistant,Pilot,Implementation and Assessment,Vendor and in-house,Developed with both contracting and in-house resources.,,Mission-Enabling (internal agency support),,,L1110
2024-0786,2024,HHS,Knowledge Navigator,Pre-deployment,Acquisition and/or Development,Vendor and in-house,Developed with both contracting and in-house resources.,,Government Services (includes Benefits and Service Delivery),,,L0348
2024-0787,2024,HHS,Policy Assistant,Pre-deployment,Initiated,,,,Mission-Enabling (internal agency support),,,
2024-0788,2024,HHS,Scholar Match,Pre-deployment,Initiated,,,,Government Services (includes Benefits and Service Delivery),,,L0349
2024-0789,2024,HHS,Scholarship Insight,Pre-deployment,Initiated,,,,Government Services (includes Benefits and Service Delivery),,,L0350
2024-0790,2024,HHS,Site Application Analysis,Pre-deployment,Initiated,,,,Government Services (includes Benefits and Service Delivery),,,L0351
2024-0791,2024,HHS,A Cluster-Based Machine Learning Approach for Evaluating Factors Associated with Plasma Neurodegenerative Biomarkers,Retired,Retired,,,,Health & Medical,,,
2024-0792,2024,HHS,AccessGUDID Data Validation,Pre-deployment,Initiated,,,,Government Services (includes Benefits and Service Delivery),,,
2024-0793,2024,HHS,AI Solution for Image Duplication Detection,Pre-deployment,Initiated,,,,Government Services (includes Benefits and Service Delivery),,,
2024-0794,2024,HHS,AI Solution for Research Funding Gap Analysis (RF-GAP),Pre-deployment,Initiated,,,,Government Services (includes Benefits and Service Delivery),,,
2024-0795,2024,HHS,AI/ML for Study Section Prediction in NICHD,Pilot,Implementation and Assessment,In-house,Developed in-house.,,Government Services (includes Benefits and Service Delivery),,,
2024-0796,2024,HHS,AI-enabled landscape analysis of New Approach Methodologies (NAMs) in biomedical research literature,Pilot,Implementation and Assessment,Vendor,Developed with contracting resources.,,Health & Medical,,,
2024-0797,2024,HHS,Applying for Grants Chat Bot,Pre-deployment,Initiated,,,,Government Services (includes Benefits and Service Delivery),,,L0352
2024-0798,2024,HHS,Assessment of DTT/NTP research effectiveness,Pre-deployment,Acquisition and/or Development,Vendor,Developed with contracting resources.,,Health & Medical,,,
2024-0799,2024,HHS,Assisted Referral Tool,Deployed,Operation and Maintenance,In-house,Developed in-house.,,Health & Medical,,,L1104
2024-0800,2024,HHS,Autism Spectrum Disorder (ASD) Classification Model for Children using Deep Neural Network,Retired,Retired,,,,Health & Medical,,,L0353
2024-0801,2024,HHS,Automated annotation of study data using knowledge organization systems,Pilot,Implementation and Assessment,Vendor,Developed with contracting resources.,,Health & Medical,,,
2024-0802,2024,HHS,Automated approaches for table extraction,Retired,Retired,,,,Health & Medical,,,L0354
2024-0803,2024,HHS,Automated Basic-Applied Categorization of extramural grants,Pre-deployment,Acquisition and/or Development,In-house,Developed in-house.,,Government Services (includes Benefits and Service Delivery),,,L0355
2024-0804,2024,HHS,Automated extraction of study methods and assessment of reliability,Pre-deployment,Acquisition and/or Development,Vendor,Developed with contracting resources.,,Health & Medical,,,
2024-0805,2024,HHS,Automation of Receipt & Referral Process of NIDDK grant applications,Deployed,Operation and Maintenance,Vendor,Developed with contracting resources.,,Government Services (includes Benefits and Service Delivery),,,
2024-0806,2024,HHS,Best Match: New relevance search for PubMed,Deployed,Operation and Maintenance,In-house,Developed in-house.,,Government Services (includes Benefits and Service Delivery),,,
2024-0807,2024,HHS,Biomedical Citation Selector (BmCS),Pilot,Implementation and Assessment,In-house,Developed in-house.,,Government Services (includes Benefits and Service Delivery),,,L0356
2024-0808,2024,HHS,Chatbot for researchers to find data sets for environmental health research efforts,Pre-deployment,Acquisition and/or Development,Vendor,Developed with contracting resources.,,Health & Medical,,,
2024-0809,2024,HHS,Clinical Trial Predictor,Pilot,Implementation and Assessment,In-house,Developed in-house.,,Government Services (includes Benefits and Service Delivery),,,L0357
2024-0810,2024,HHS,ClinicalTrials.gov Protocol Registration and Results System Review Assistant,Pre-deployment,Acquisition and/or Development,Vendor,Developed with contracting resources.,,Government Services (includes Benefits and Service Delivery),,,L0358
2024-0811,2024,HHS,Collections Summarization Chatbot,Pre-deployment,Initiated,,,,Government Services (includes Benefits and Service Delivery),,,L0359
2024-0812,2024,HHS,Computed Author: author name disambiguation for PubMed,Deployed,Operation and Maintenance,In-house,Developed in-house.,,Government Services (includes Benefits and Service Delivery),,,
2024-0813,2024,HHS,COVID-19 Pandemic Vulnerability Index Dashboard,Deployed,Operation and Maintenance,In-house,Developed in-house.,,Government Services (includes Benefits and Service Delivery),,,
2024-0814,2024,HHS,CSR Public Chatbot (CPC),Deployed,Operation and Maintenance,In-house,Developed in-house.,,Health & Medical,,,L0360
2024-0815,2024,HHS,DAIT AIDS-Related Research Solution,Deployed,Operation and Maintenance,Vendor,Developed with contracting resources.,,Government Services (includes Benefits and Service Delivery),,,L0361
2024-0816,2024,HHS,Detecting Overlapping Science (DOS),Deployed,Operation and Maintenance,In-house,Developed in-house.,,Health & Medical,,,L0362
2024-0817,2024,HHS,Detection of Implementation Science focus within incoming grant applications,Deployed,Operation and Maintenance,Vendor,Developed with contracting resources.,,Government Services (includes Benefits and Service Delivery),,,L0363
2024-0818,2024,HHS,DEXTR - automated data extraction tool,Pilot,Implementation and Assessment,Vendor,Developed with contracting resources.,,Health & Medical,,,
2024-0819,2024,HHS,Division of International Services Customer Service Chatbot,Pre-deployment,Initiated,,,,Government Services (includes Benefits and Service Delivery),,,
2024-0820,2024,HHS,Enhance NLM Website Accessibility,Pre-deployment,Acquisition and/or Development,Vendor,Developed with contracting resources.,,Government Services (includes Benefits and Service Delivery),,,
2024-0821,2024,HHS,Enhancing Responses to Customer Questions about NLM Products,Pre-deployment,Acquisition and/or Development,Vendor,Developed with contracting resources.,,Government Services (includes Benefits and Service Delivery),,,
2024-0822,2024,HHS,Environmental health research annotation for model development,Pre-deployment,Acquisition and/or Development,Vendor,Developed with contracting resources.,,Government Services (includes Benefits and Service Delivery),,,
2024-0823,2024,HHS,Expansion of Generative AI (GenAI) Caption Generation for all Collections Videos,Pilot,Implementation and Assessment,Vendor,Developed with contracting resources.,,Government Services (includes Benefits and Service Delivery),,,L0364
2024-0824,2024,HHS,Federal IT Acquisition Reform Act (FITARA) Tool,Deployed,Operation and Maintenance,Vendor,Developed with contracting resources.,,Government Services (includes Benefits and Service Delivery),,,L0365
2024-0825,2024,HHS,Generative AI (GenAI) Still Image Tagging,Pre-deployment,Initiated,,,,Government Services (includes Benefits and Service Delivery),,,L0366
2024-0826,2024,HHS,Grant Application Subject-Matter Classification Tool,Deployed,Operation and Maintenance,Vendor,Developed with contracting resources.,,Health & Medical,,,
2024-0827,2024,HHS,HIV-related grant classifier tool,Pilot,Implementation and Assessment,In-house,Developed in-house.,,Health & Medical,,,
2024-0828,2024,HHS,Improving Customer Response,Pre-deployment,Acquisition and/or Development,Vendor,Developed with contracting resources.,,Government Services (includes Benefits and Service Delivery),,,
2024-0829,2024,HHS,Improving Metadata Retrieval and Transformation for Metadata Management,Pre-deployment,Acquisition and/or Development,Vendor,Developed with contracting resources.,,Government Services (includes Benefits and Service Delivery),,,
2024-0830,2024,HHS,Internal Referral Module,Deployed,Operation and Maintenance,Vendor,Developed with contracting resources.,,Government Services (includes Benefits and Service Delivery),,,L1100
2024-0831,2024,HHS,IT System Outage Alerts,Pre-deployment,Initiated,,,,Government Services (includes Benefits and Service Delivery),,,
2024-0832,2024,HHS,JIT Automated Calculator (JAC),Deployed,Operation and Maintenance,In-house,Developed in-house.,,Government Services (includes Benefits and Service Delivery),,,L0367
2024-0833,2024,HHS,Large Language Automation,Pre-deployment,Initiated,,,,Government Services (includes Benefits and Service Delivery),,,
2024-0834,2024,HHS,Leveraging User-Generated Content for Digital Behavioral Interventions,Pilot,Implementation and Assessment,Vendor,Developed with contracting resources.,,Health & Medical,,,
2024-0835,2024,HHS,LLM Support for Admin Services,Pre-deployment,Initiated,,,,Government Services (includes Benefits and Service Delivery),,,L0368
2024-0836,2024,HHS,Mapping Sequence Data to Research Outcomes,Pre-deployment,Initiated,,,,Government Services (includes Benefits and Service Delivery),,,L0369
2024-0837,2024,HHS,Medical Text Indexer-NeXt Generation (MTIX) MEDLINE Indexing,Deployed,Operation and Maintenance,Vendor,Developed with contracting resources.,,Government Services (includes Benefits and Service Delivery),,,L0370
2024-0838,2024,HHS,MetaMap,Deployed,Operation and Maintenance,Vendor,Developed with contracting resources.,,Government Services (includes Benefits and Service Delivery),,,
2024-0839,2024,HHS,MicroStrategy Evaluation,Pre-deployment,Initiated,,,,Government Services (includes Benefits and Service Delivery),,,L0371
2024-0840,2024,HHS,MTIX,Pilot,Implementation and Assessment,Vendor,Developed with contracting resources.,,Government Services (includes Benefits and Service Delivery),,,
2024-0841,2024,HHS,NanCI: Connecting Scientists,Deployed,Operation and Maintenance,Vendor,Developed with contracting resources.,,Government Services (includes Benefits and Service Delivery),,,L0372
2024-0842,2024,HHS,NBS Virtual Assistant,Pilot,Implementation and Assessment,Vendor,Developed with contracting resources.,,Government Services (includes Benefits and Service Delivery),,,L0373
2024-0843,2024,HHS,"NCI-DOE Collaboration, MOSSAIC project (Modeling Outcomes using Surveillance Data and Scalable AI for Cancer)",Pilot,Implementation and Assessment,Vendor,Developed with contracting resources.,,Health & Medical,,,L0374
2024-0844,2024,HHS,NHLBI Chat,Deployed,Operation and Maintenance,In-house,Developed in-house.,,Health & Medical,,,L0375
2024-0845,2024,HHS,NIAID GenAI Toolkit,Deployed,Operation and Maintenance,Vendor,Developed with contracting resources.,,Government Services (includes Benefits and Service Delivery),,,
2024-0846,2024,HHS,NIAMS AI Chatbot Pilot,Pre-deployment,Acquisition and/or Development,Vendor,Developed with contracting resources.,,Government Services (includes Benefits and Service Delivery),,,L0376
2024-0847,2024,HHS,NICHD RPAB AI/ML Application Referral System,Pilot,Implementation and Assessment,In-house,Developed in-house.,,Government Services (includes Benefits and Service Delivery),,,L0377
2024-0848,2024,HHS,NLM-Chem: towards automatic chemical indexing in PubMed articles,Pre-deployment,Initiated,,,,Government Services (includes Benefits and Service Delivery),,,
2024-0849,2024,HHS,NLM-Gene: towards automatic gene indexing in PubMed articles,Pre-deployment,Initiated,,,,Government Services (includes Benefits and Service Delivery),,,
2024-0850,2024,HHS,NLP Automated Referral,Deployed,Operation and Maintenance,In-house,Developed in-house.,,Government Services (includes Benefits and Service Delivery),,,L0378
2024-0851,2024,HHS,OCIO GenAI Advisor,Pre-deployment,Initiated,,,,Government Services (includes Benefits and Service Delivery),,,L0379
2024-0852,2024,HHS,OIT Help Desk Chatbot,Pre-deployment,Initiated,,,,Government Services (includes Benefits and Service Delivery),,,L0380
2024-0853,2024,HHS,Person-level disambiguation for PubMed authors and NIH grant applicants,Deployed,Operation and Maintenance,Vendor,Developed with contracting resources.,,Government Services (includes Benefits and Service Delivery),,,L0381
2024-0854,2024,HHS,Portfolio Analysis Summarization Tool (PAST),Pre-deployment,Initiated,,,,Government Services (includes Benefits and Service Delivery),,,L0382
2024-0855,2024,HHS,Program Classification Coding,Pre-deployment,Initiated,,,,Government Services (includes Benefits and Service Delivery),,,L0383
2024-0856,2024,HHS,RCDC AI Validation Tool,Retired,Retired,,,,Government Services (includes Benefits and Service Delivery),,,L0384
2024-0857,2024,HHS,Remediate Adobe .pdf documents to be more accessible,Pre-deployment,Initiated,,,,Government Services (includes Benefits and Service Delivery),,,
2024-0858,2024,HHS,Research Performance Progress Report (RPPR) Report Comparison,Pre-deployment,Initiated,,,,Government Services (includes Benefits and Service Delivery),,,L0385
2024-0859,2024,HHS,Scientific summaries tool,Pilot,Implementation and Assessment,In-house,Developed in-house.,,Government Services (includes Benefits and Service Delivery),,,L0386
2024-0860,2024,HHS,Semantic group prediction in the UMLS Metathesaurus,Pre-deployment,Acquisition and/or Development,Vendor,Developed with contracting resources.,,Government Services (includes Benefits and Service Delivery),,,
2024-0861,2024,HHS,Similarity-based Application and Investigator Matching (SAIM),Deployed,Operation and Maintenance,In-house,Developed in-house.,,Government Services (includes Benefits and Service Delivery),,,L0387
2024-0862,2024,HHS,SingleCite: Improving single citation search in PubMed,Deployed,Operation and Maintenance,In-house,Developed in-house.,,Government Services (includes Benefits and Service Delivery),,,
2024-0863,2024,HHS,SRDMS NLP COI,Deployed,Operation and Maintenance,Vendor,Developed with contracting resources.,,Government Services (includes Benefits and Service Delivery),,,L0388
2024-0864,2024,HHS,Stem Cell Auto Coder,Pilot,Implementation and Assessment,In-house,Developed in-house.,,Government Services (includes Benefits and Service Delivery),,,L0389
2024-0865,2024,HHS,Study Section Clustering Tool (SSCT),Deployed,Operation and Maintenance,Vendor,Developed with contracting resources.,,Health & Medical,,,L0390
2024-0866,2024,HHS,Synonymy prediction in the UMLS Metathesaurus,Pre-deployment,Acquisition and/or Development,Vendor,Developed with contracting resources.,,Government Services (includes Benefits and Service Delivery),,,L0391
2024-0867,2024,HHS,TB Case Browser Image Text Detection,Deployed,Operation and Maintenance,Vendor,Developed with contracting resources.,,Health & Medical,,,L0392
2024-0868,2024,HHS,Tech Support Chatbot,Pre-deployment,Initiated,,,,Government Services (includes Benefits and Service Delivery),,,
2024-0869,2024,HHS,Tool for PO Lookup Assignment (TPAL),Deployed,Operation and Maintenance,In-house,Developed in-house.,,Government Services (includes Benefits and Service Delivery),,,L0393
2024-0870,2024,HHS,Transformative Research Award Anonymization Check (TRAAC),Deployed,Operation and Maintenance,In-house,Developed in-house.,,Health & Medical,,,L0394
2024-0871,2024,HHS,Machine learning pipeline for mining citations from full-text scientific articles,Retired,Retired,,,,Health & Medical,,,L0395
2024-0872,2024,HHS,Machine learning system to predict translational progress in biomedical research,Retired,Retired,,,,Health & Medical,,,L0396
2024-0873,2024,HHS,"Assessing developing possible version of ""HHSGPT"" for OIDP-specific internal use",Pre-deployment,Initiated,,,,Mission-Enabling (internal agency support),,,
2024-0874,2024,HHS,Informal generative AI research for OIDP's HIV.gov,Pilot,Implementation and Assessment,Vendor and in-house,Developed with both contracting and in-house resources.,,Education & Workforce,,,
2024-0875,2024,HHS,Presenting/providing technical assistance on HIV.gov's cautious & transparent use of generative AI,Deployed,Operation and Maintenance,Vendor and in-house,Developed with both contracting and in-house resources.,,Education & Workforce,,,
2024-0876,2024,HHS,Utilizing HHSGPT Pilot for writing/editing,Deployed,Operation and Maintenance,In-house,Developed in-house.,,Mission-Enabling (internal agency support),,,
2024-0877,2024,HHS,HHSGPT,Pre-deployment,Acquisition and/or Development,In-house,Developed in-house.,,Government Services (includes Benefits and Service Delivery),,,
2024-0878,2024,HHS,DECIDE,Pre-deployment,Initiated,,,,Health & Medical,,,L0397
2024-0879,2024,HHS,Document drafting and editing,Pre-deployment,Initiated,,,,Mission-Enabling (internal agency support),,,L0398
2024-0880,2024,HHS,Document summarization,Pre-deployment,Initiated,,,,Mission-Enabling (internal agency support),,,L0399
2024-0881,2024,HHS,Smart Search,Pre-deployment,Initiated,,,,Government Services (includes Benefits and Service Delivery),,,
2024-0882,2024,HUD,Counterparty Risk Anomaly Detection,Deployed,Operation and Maintenance,Vendor,Developed with contracting resources.,,Mission-Enabling,,,L0400
2024-0883,2024,HUD,Subledger Data Quality Machine Learning,Deployed,Operation and Maintenance,Vendor,Developed with contracting resources.,,Mission-Enabling,,,L0401
2024-0884,2024,HUD,Automating Draft Counterparty Credit Narrative Reports,Deployed,Operation and Maintenance,Vendor,Developed with contracting resources.,,Mission-Enabling,,,
2024-0885,2024,HUD,Voice of the Customer,Deployed,Operation and Maintenance,Vendor,Developed with contracting resources.,,Mission-Enabling,,,L0402
2024-0886,2024,HUD,Quantitative Text Analysis,Retired,Retired,Vendor,Developed with contracting resources.,,Mission-Enabling,,,L0403
2024-0887,2024,HUD,Translation of Digital Media,Deployed,Operation and Maintenance,In-house,Developed in-house.,,Mission-Enabling,,,L0404
2024-0888,2024,NASA,NextGen Advanced Methods: Air Traffic Control System Command Center (ATCSCC) Webinar Speech2Text and Analysis,Deployed,In production,Vendor and in-house,Developed with both contracting and in-house resources.,,Natural Language Processing,,,
2024-0889,2024,NASA,NextGen Data Analytics: Letters of Agreement,Deployed,In production,Vendor and in-house,Developed with both contracting and in-house resources.,,Natural Language Processing,,,L0405
2024-0890,2024,NASA,AEGIS: Autonomous Exploration for Gathering Increased Science,Deployed,In production,Vendor and in-house,Developed with both contracting and in-house resources.,,Deep Learning,,,L0406
2024-0891,2024,NASA,ASPEN Mission Planner,Deployed,In mission,Vendor and in-house,Developed with both contracting and in-house resources.,,Statistical Methods,,,L0407
2024-0892,2024,NASA,CLASP Coverage Planning & Scheduling,Deployed,In mission,Vendor and in-house,Developed with both contracting and in-house resources.,,Statistical Methods,,,L0408
2024-0893,2024,NASA,Enhanced AutoNav for Perseverance Rover on Mars,Deployed,In production,Vendor and in-house,Developed with both contracting and in-house resources.,,Classification,,,L0409
2024-0894,2024,NASA,Mars2020 Rover (Perseverance),Deployed,In production,Vendor and in-house,Developed with both contracting and in-house resources.,,Other,,,L0410
2024-0895,2024,NASA,MLNav (Machine Learning Navigation),Deployed,In production,Vendor and in-house,Developed with both contracting and in-house resources.,,Deep Learning,,,L0411
2024-0896,2024,NASA,Perseverance Rover on Mars - Terrain Relative Navigation,Deployed,In production,Vendor and in-house,Developed with both contracting and in-house resources.,,Deep Learning,,,L0412
2024-0897,2024,NASA,SPOC (Soil Property and Object Classification),Deployed,In production,Vendor and in-house,Developed with both contracting and in-house resources.,,Deep Learning,,,L0413
2024-0898,2024,NASA,Volcano SensorWeb,Deployed,In production,Vendor and in-house,Developed with both contracting and in-house resources.,,AIML Platform/Environment,,,L0414
2024-0899,2024,NASA,NASA OCIO STI Concept Tagging Service,Deployed,In production,Vendor and in-house,Developed with both contracting and in-house resources.,,Natural Language Processing,,,L0415
2024-0900,2024,NASA,Autonomous WAiting Room Evaluation (AWARE),Deployed,In production,Vendor and in-house,Developed with both contracting and in-house resources.,,Deep Learning,,,L0416
2024-0901,2024,NASA,Onboard Planner for Mars2020 Rover (Perseverance),Deployed,In mission,Vendor and in-house,Developed with both contracting and in-house resources.,,Other,,,L0417
2024-0902,2024,NASA,"SensorWeb: Volcano, Flood, Wildfire, and others.",Deployed,In mission,Vendor and in-house,Developed with both contracting and in-house resources.,,Statistical Methods,,,L0418
2024-0903,2024,NASA,"Global, Seasonal Mars Frost Maps",Deployed,In production,Vendor and in-house,Developed with both contracting and in-house resources.,,Deep Learning,,,L0419
2024-0904,2024,NASA,Purchase Card Management System (PCMS),Deployed,In production,Vendor and in-house,Developed with both contracting and in-house resources.,,NLP,,,L0420
2024-0905,2024,NASA,New Technology and Software Reporting (NTR),Deployed,In production,Vendor and in-house,Developed with both contracting and in-house resources.,,NLP,,,L0421
2024-0906,2024,NSF,"ServiceNow GenAI ""Now Assist""",Pre-deployment,Acquisition and/or Development,,,,Mission-Enabling,,,L0422
2024-0907,2024,NSF,Budget Area Topic Classification Tool,Pre-deployment,Acquisition and/or Development,,,,Mission-Enabling,,,L0423
2024-0908,2024,NSF,AI voice over,Deployed,Operation and Maintenance,,,,Mission-Enabling,,,L0424
2024-0909,2024,NSF,Adobe Photoshop,Pilot,Implementation and Assessment,,,,Mission-Enabling,,,L0425
2024-0910,2024,NSF,Resubmit Checker,Pilot,Implementation and Assessment,,,,Mission-Enabling,,,L0426
2024-0911,2024,NSF,AWS Assisted Software Development,Pre-deployment,Acquisition and/or Development,,,,Mission-Enabling,,,
2024-0912,2024,NSF,Mine Potential Reviewer's Area of Expertise,Pre-deployment,Acquisition and/or Development,,,,Mission-Enabling,,,L1070
2024-0913,2024,NSF,Finding the State,Pilot,Implementation and Assessment,,,,Mission-Enabling,,,
2024-0914,2024,NSF,Enhancing TIP Awards: Efficient Tagging for the 10 Key Technology Areas (KTA),Pre-deployment,Acquisition and/or Development,,,,Mission-Enabling,,,
2024-0915,2024,NSF,Data Access Alternatives: Artificial Intelligence Supported Interfaces,Pre-deployment,Initiated,Vendor and in-house,Developed with both contracting and in-house resources.,,Mission-Enabling,,,
2024-0916,2024,NSF,FOIA processing,Pre-deployment,Initiated,,,,Mission-Enabling,,,
2024-0917,2024,NSF,Alt text Generator for Images in NSF's Media Hub,Pre-deployment,Initiated,,,,Mission-Enabling,,,
2024-0918,2024,NSF,Exploring the use of BERTopic Modeling for a portfolio analysis,Pre-deployment,Initiated,Vendor and in-house,Developed with both contracting and in-house resources.,,Mission-Enabling,,,
2024-0919,2024,NSF,Open-source topic identification for the Public Engagement with Science Initiative data analysis.,Pre-deployment,Initiated,,,,Mission-Enabling,,,L0427
2024-0920,2024,NSF,Hand-written text extraction using Textract for the Public Engagement with Science Initiative,Deployed,Operation and Maintenance,,,,Mission-Enabling,,,L0428
2024-0921,2024,NSF,Ask NSF Initial Pilot,Pre-deployment,Initiated,,,,Mission-Enabling,,,
2024-0922,2024,OPM,USA Class,Pre-deployment,Acquisition and/or Development,Vendor and in-house,Developed with both contracting and in-house resources.,,Mission-Enabling,,,
2024-0923,2024,OPM,Copilot for Microsoft 365,Pre-deployment,Acquisition and/or Development,,,,Mission-Enabling,,,
2024-0924,2024,SSA,Insight,Deployed,Operation and Maintenance,Vendor and in-house,Developed with both contracting and in-house resources.,,Government Services (includes Benefits and Service Delivery),,,L0429
2024-0925,2024,SSA,Intelligent Medical Language Analysis Generation (IMAGEN),Deployed,Operation and Maintenance,Vendor and in-house,Developed with both contracting and in-house resources.,,Government Services (includes Benefits and Service Delivery),,,L0430
2024-0926,2024,SSA,Duplicate Identification Process,Deployed,Operation and Maintenance,Vendor,Developed with contracting resources.,,Government Services (includes Benefits and Service Delivery),,,L0431
2024-0927,2024,SSA,Handwriting Recognition of Forms; Intelligent Document Processing Platform - Forms Classification and Data Extraction,Deployed,Operation and Maintenance,Vendor,Developed with contracting resources.,,Government Services (includes Benefits and Service Delivery),,,L0432
2024-0928,2024,SSA,Modernized Development Worksheet (MDW),Deployed,Operation and Maintenance,In-house,Developed in-house.,,Government Services (includes Benefits and Service Delivery),,,L0433
2024-0929,2024,SSA,Anomalous iClaim Predictive Model,Deployed,Operation and Maintenance,In-house,Developed in-house.,,Government Services (includes Benefits and Service Delivery),,,
2024-0930,2024,SSA,Pre-Effectuation Review / Targeted Denial Review Models,Deployed,Operation and Maintenance,In-house,Developed in-house.,,Government Services (includes Benefits and Service Delivery),,,L1094
2024-0931,2024,SSA,Representative Payee Misuse Model,Deployed,Operation and Maintenance,In-house,Developed in-house.,,Government Services (includes Benefits and Service Delivery),,,
2024-0932,2024,SSA,Continuing Disability Review Model,Deployed,Operation and Maintenance,In-house,Developed in-house.,,Government Services (includes Benefits and Service Delivery),,,L0434
2024-0933,2024,SSA,Social Security Income Redetermination Model,Deployed,Operation and Maintenance,In-house,Developed in-house.,,Government Services (includes Benefits and Service Delivery),,,L1079
2024-0934,2024,SSA,Proactive Triage and Analysis of Hearings (PATH),Deployed,Operation and Maintenance,In-house,Developed in-house.,,Government Services (includes Benefits and Service Delivery),,,L0435
2024-0935,2024,SSA,Quick Disability Determinations Model,Deployed,Operation and Maintenance,Vendor,Developed with contracting resources.,,Government Services (includes Benefits and Service Delivery),,,L0436
2024-0936,2024,SSA,Mobile Wage Reporting (MOBWR),Deployed,Operation and Maintenance,Vendor,Developed with contracting resources.,,Government Services (includes Benefits and Service Delivery),,,
2024-0937,2024,SSA,SSA 800# Public Question & Answer Bot,Deployed,Operation and Maintenance,Vendor,Developed with contracting resources.,,Government Services (includes Benefits and Service Delivery),,,
2024-0938,2024,SSA,Generative AI for Analytic Insights,Deployed,Operation and Maintenance,Vendor,Developed with contracting resources.,,Government Services (includes Benefits and Service Delivery),,,
2024-0939,2024,SSA,PolicyNet Plain Language Search Engine,Deployed,Operation and Maintenance,Vendor,Developed with contracting resources.,,Government Services (includes Benefits and Service Delivery),,,L0437
2024-0940,2024,SSA,Speech to Text Video Transcription,Deployed,Operation and Maintenance,Vendor,Developed with contracting resources.,,Mission-Enabling,,,L0438
2024-0941,2024,SSA,Customer Insight Tool,Deployed,Operation and Maintenance,Vendor,Developed with contracting resources.,,Government Services (includes Benefits and Service Delivery),,,L0439
2024-0942,2024,SSA,Benefit and Earnings Public Use File,Deployed,Operation and Maintenance,In-house,Developed in-house.,,Government Services (includes Benefits and Service Delivery),,,L0440
2024-0943,2024,SSA,Therapy Chatbot - Text-Based Mental Health Support for SSA Employees,Deployed,Operation and Maintenance,Vendor,Developed with contracting resources.,,Health & Medical,,,L0441
2024-0944,2024,SSA,Agency Support Companion (ASC) chatbot,Pre-deployment,Acquisition and/or Development,Vendor,Developed with contracting resources.,,Mission-Enabling,,,L0442
2024-0945,2024,SSA,Intelligent generation of modernized code.,Deployed,Operation and Maintenance,Vendor,Developed with contracting resources.,,Government Services (includes Benefits and Service Delivery),,,L0443
2024-0946,2024,SSA,Data Governance Product (DGP) -  Data cataloging and predictive analysis of data assets.,Deployed,Operation and Maintenance,Vendor,Developed with contracting resources.,,Government Services (includes Benefits and Service Delivery),,,L0444
2024-0947,2024,STATE,Product Service Code Automation ML Model,Retired,Retired,,N/A,,Mission-Enabling (internal agency support),,,
2024-0948,2024,STATE,Tailored Integration Logistics Management System (ILMS) User Analytics,Retired,Retired,,N/A,,Mission-Enabling (internal agency support),,,
2024-0949,2024,STATE,Property and Procurement Analytics,Pre-deployment,Planned,,N/A,,Mission-Enabling (internal agency support),,,L0445
2024-0950,2024,STATE,AI input in Translation,Pilot,Implementation and Assessment,Vendor and in-house,Developed with both contracting and in-house resources.,,Mission-Enabling,,,L0446
2024-0951,2024,STATE,FOIA Web ML Document Indexer,Pre-deployment,Planned,,N/A,,Mission-Enabling (internal agency support),,,L0447
2024-0952,2024,STATE,BudgetChat AI Tool,Pre-deployment,Acquisition and/or Development,Vendor and in-house,Developed with both contracting and in-house resources.,,Mission-Enabling (internal agency support),,,L0448
2024-0953,2024,STATE,Travel.state.gov (TSG) Content Refinement with AI Text Editor,Pre-deployment,Acquisition and/or Development,,,,Other,,,L0449
2024-0954,2024,STATE,Predictive Analytics Platform,Pre-deployment,Acquisition and/or Development,Vendor and in-house,Developed with both contracting and in-house resources.,,Other,,,L0450
2024-0955,2024,STATE,Consular Affairs Photo Quality Service (PQS) / FaceVACS,Pilot,Implementation and Assessment,Vendor and in-house,Developed with both contracting and in-house resources.,,Other,,,
2024-0956,2024,STATE,Innovation and Transformation Measurement and Prediction,Pre-deployment,Initiated,,N/A,,Other; Mission-Enabling (internal agency support),,,L0451
2024-0957,2024,STATE,Evaluating Customer Feedback and Sentiments with AI,Pre-deployment,Initiated,,N/A,,Other; Mission-Enabling (internal agency support),,,L0452
2024-0958,2024,STATE,Translation of Consular Content using AI,Pre-deployment,Planned,,N/A,,Other,,,L0453
2024-0959,2024,STATE,Travel.State.Gov (TSG) Enhanced Search and Chatbot,Pre-deployment,Acquisition and/or Development,Vendor and in-house,Developed with both contracting and in-house resources.,,Other,,,L0454
2024-0960,2024,STATE,CodeGen - AI-assisted IT Application Development,Pre-deployment,Acquisition and/or Development,Vendor and in-house,Developed with both contracting and in-house resources.,,Other; Mission-Enabling (internal agency support),,,L0455
2024-0961,2024,STATE,Violence Against Civilians Model,Pilot,Implementation and Assessment,Vendor and in-house,Developed with both contracting and in-house resources.,,Other,,,L0456
2024-0962,2024,STATE,Automated Damage Assessments,Retired,Retired,,N/A,,Diplomacy & Trade,,,
2024-0963,2024,STATE,Automated Burning Detection,Retired,Retired,,N/A,,Diplomacy & Trade,,,
2024-0964,2024,STATE,Senturion Alpha,Pilot,Implementation and Assessment,,,,Other,,,L0457
2024-0965,2024,STATE,Mass Mobilization Model,Pilot,Implementation and Assessment,Vendor and in-house,Developed with both contracting and in-house resources.,,Other,,,L0458
2024-0966,2024,STATE,Apptio,Pre-deployment,Initiated,,N/A,,Mission-Enabling (internal agency support),,,
2024-0967,2024,STATE,DT Data Analytics and Assessment (DAA) AI Use Case ITCP data harvest,Pre-deployment,Planned,,N/A,,Other,,,L0459
2024-0968,2024,STATE,ServiceNow AI-Powered Virtual Agent (Chatbot),Retired,Retired,,N/A,,Mission-Enabling (internal agency support),,,
2024-0969,2024,STATE,POA&M Orchestration,Pre-deployment,Planned,,N/A,,Mission-Enabling (internal agency support),,,L0460
2024-0970,2024,STATE,NLP for Foreign Assistance Appropriations Analysis,Pre-deployment,Acquisition and/or Development,Vendor and in-house,Developed with both contracting and in-house resources.,,Mission-Enabling (internal agency support),,,
2024-0971,2024,STATE,ForeignAssistance.gov Processing for Mismatched Data,Pre-deployment,Acquisition and/or Development,Vendor and in-house,Developed with both contracting and in-house resources.,,Other,,,L0461
2024-0972,2024,STATE,Creating Persistent Virtual Reality Personas for dynamic training,Pre-deployment,Planned,,N/A,,Education & Workforce,,,L0462
2024-0973,2024,STATE,FSI Enterprise Operations - Gaming and Simulations,Pre-deployment,Planned,,N/A,,Education & Workforce,,,L0463
2024-0974,2024,STATE,FSI Continuous Learning Solutions,Pre-deployment,Planned,,N/A,,Education & Workforce,,,L0464
2024-0975,2024,STATE,Enhancing Training Effectiveness in FSILearn Using AI,Pre-deployment,Planned,,N/A,,Education & Workforce,,,L0465
2024-0976,2024,STATE,J Reports Data Collection & Management Tool (DCT),Pilot,Implementation and Assessment,Vendor and in-house,Developed with both contracting and in-house resources.,,Diplomacy & Trade; Mission-Enabling (internal agency support),,,L0466
2024-0977,2024,STATE,TIP Report Research Translation,Deployed,Operation and Maintenance,,,,Mission-Enabling (internal agency support),,,L0467
2024-0978,2024,STATE,FOIA 360 AI Matching Tool,Pilot,Implementation and Assessment,Vendor and in-house,Developed with both contracting and in-house resources.,,Other,,,L0468
2024-0979,2024,STATE,StateChat,Pilot,Implementation and Assessment,Vendor and in-house,Developed with both contracting and in-house resources.,,Mission-Enabling (internal agency support),,,L0469
2024-0980,2024,STATE,Crisis Campaign Cable Analytics,Retired,Retired,,N/A,,Mission-Enabling (internal agency support),,,
2024-0981,2024,STATE,NLP to pull key information from unstructured text,Pilot,Implementation and Assessment,Vendor and in-house,Developed with both contracting and in-house resources.,,Mission-Enabling (internal agency support),,,
2024-0982,2024,STATE,ECA Program Management and Outreach - Summarization,Pre-deployment,Planned,,N/A,,Mission-Enabling (internal agency support),,,L0470
2024-0983,2024,STATE,Storyzy,Deployed,Operation and Maintenance,Vendor and in-house,Developed with both contracting and in-house resources.,,Other,,,L0471
2024-0984,2024,STATE,Optical Character Recognition - Text Extraction,Retired,Retired,,N/A,,Diplomacy & Trade,,,
2024-0985,2024,STATE,Topic Modeling,Retired,Retired,,N/A,,Diplomacy & Trade,,,
2024-0986,2024,STATE,Forecasting,Retired,Retired,,N/A,,Diplomacy & Trade,,,
2024-0987,2024,STATE,Deepfake Detector,Retired,Retired,,N/A,,Diplomacy & Trade,,,
2024-0988,2024,STATE,SentiBERTIQ,Retired,Retired,,N/A,,Diplomacy & Trade,,,
2024-0989,2024,STATE,TOPIQ,Retired,Retired,,N/A,,Diplomacy & Trade,,,
2024-0990,2024,STATE,Text Similarity,Retired,Retired,,N/A,,Diplomacy & Trade,,,
2024-0991,2024,STATE,Image Clustering,Retired,Retired,,N/A,,Diplomacy & Trade,,,
2024-0992,2024,STATE,Louvain Community Detection,Retired,Retired,,N/A,,Diplomacy & Trade,,,
2024-0993,2024,STATE,Fast Text Word Builder,Retired,Retired,,N/A,,Diplomacy & Trade,,,
2024-0994,2024,STATE,Digital Media Analytics Platform,Pilot,Implementation and Assessment,Vendor and in-house,Developed with both contracting and in-house resources.,,Mission-Enabling (internal agency support),,,L0472
2024-0995,2024,STATE,Geospatial Mapping of Historical Survey Data,Retired,Retired,,N/A,,Mission-Enabling (internal agency support),,,
2024-0996,2024,STATE,AI Tools to Enhance PD Workflows,Pre-deployment,Planned,,N/A,,Mission-Enabling (internal agency support),,,L0473
2024-0997,2024,STATE,LEO - Budget Office Inquiries,Pre-deployment,Acquisition and/or Development,Vendor and in-house,Developed with both contracting and in-house resources.,,Mission-Enabling (internal agency support),,,
2024-0998,2024,TREAS,Collections Chatbot,Deployed,Operation and Maintenance,Vendor,Developed with contracting resources.,,Mission-Enabling,,,
2024-0999,2024,TREAS,Systran Translation Software,Deployed,Operation and Maintenance,Vendor,Developed with contracting resources.,,Mission-Enabling,,,
2024-1000,2024,TREAS,Automated Underreporter (AUR) Voicebot,Deployed,Operation and Maintenance,Vendor,Developed with contracting resources.,,Mission-Enabling,,,
2024-1001,2024,TREAS,Employee Resource Center (ERC) Chatbot,Deployed,Operation and Maintenance,Vendor,Developed with contracting resources.,,Mission-Enabling,,,L0474
2024-1002,2024,TREAS,Robotic Process Automation for Form 941-X Extraction,Deployed,Operation and Maintenance,Vendor and in-house,Developed with both contracting and in-house resources.,,Mission-Enabling,,,L0475
2024-1003,2024,TREAS,Taxpayer Services Chatbot,Deployed,Operation and Maintenance,Vendor,Developed with contracting resources.,,Mission-Enabling,,,L0476
2024-1004,2024,TREAS,Winnie Chatbot for Employee IT FAQs,Deployed,Operation and Maintenance,Vendor,Developed with contracting resources.,,Mission-Enabling,,,L0477
2024-1005,2024,TREAS,DATA Act Bot for Procurement Data Matching,Deployed,Operation and Maintenance,Vendor,Developed with contracting resources.,,Mission-Enabling,,,L0478
2024-1006,2024,TREAS,Taxpayer Services Form 1040 Voicebot,Deployed,Operation and Maintenance,Vendor,Developed with contracting resources.,,Mission-Enabling,,,
2024-1007,2024,TREAS,Where's My Refund and Where's My Amended Return Voicebot,Deployed,Operation and Maintenance,Vendor,Developed with contracting resources.,,Mission-Enabling,,,
2024-1008,2024,TREAS,Simulation of the Nation (SimoN) Synthetic Data Engine,Deployed,Operation and Maintenance,Vendor,Developed with contracting resources.,,Mission-Enabling,,,
2024-1009,2024,TREAS,Machine Translation,Deployed,Operation and Maintenance,Vendor,Developed with contracting resources.,,Mission-Enabling,,,L0479
2024-1010,2024,TREAS,Economic Impact Payment (EIP) FAQ Voicebot,Deployed,Operation and Maintenance,Vendor,Developed with contracting resources.,,Mission-Enabling,,,
2024-1011,2024,TREAS,One-Time Payment Voicebot,Deployed,Operation and Maintenance,Vendor,Developed with contracting resources.,,Mission-Enabling,,,
2024-1012,2024,TREAS,FAQs / Notice Clarifications Voicebot,Deployed,Operation and Maintenance,Vendor,Developed with contracting resources.,,Mission-Enabling,,,
2024-1013,2024,TREAS,Advance Child Tax Credit (AdvCTC) Voicebot,Deployed,Operation and Maintenance,Vendor,Developed with contracting resources.,,Mission-Enabling,,,
2024-1014,2024,TREAS,Small Business/Self Employed (SBSE) FAQ Voicebot,Deployed,Operation and Maintenance,Vendor,Developed with contracting resources.,,Mission-Enabling,,,
2024-1015,2024,TREAS,Insolvency and Offer in Compromise Voicebot,Deployed,Operation and Maintenance,Vendor,Developed with contracting resources.,,Mission-Enabling,,,
2024-1016,2024,TREAS,Financial Relief Voicebot,Pre-deployment,Acquisition and/or Development,Vendor and in-house,Developed with both contracting and in-house resources.,,Mission-Enabling,,,
2024-1017,2024,TREAS,Generative AI Toolbox for Contract Document Assistance,Pre-deployment,Acquisition and/or Development,,,,Government Services (includes Benefits and Service Delivery),,,
2024-1018,2024,TREAS,Integrate Google Doc AI for Digitalization,Pilot,Implementation and Assessment,Vendor,Developed with contracting resources.,,Mission-Enabling,,,
2024-1019,2024,TREAS,Modernization Accelerator - Legacy Applications Chatbot & Code Conversion,Pilot,Implementation and Assessment,Vendor,Developed with contracting resources.,,Mission-Enabling,,,L0480
2024-1020,2024,TREAS,Modernization Accelerator - International Business Machines (IBM) Cognitive Data Mapper (CDM) and AWS SageMaker+LLAMA,Pre-deployment,Acquisition and/or Development,Vendor,Developed with contracting resources.,,Mission-Enabling,,,
2024-1021,2024,TREAS,Joint Committee on Taxation Research Aide,Pre-deployment,Acquisition and/or Development,Vendor,Developed with contracting resources.,,Mission-Enabling,,,L1102
2024-1022,2024,TREAS,Technical Demo of Large Language Models for Code Development,Pre-deployment,Initiated,,,,Mission-Enabling,,,
2024-1023,2024,TREAS,Internal Revenue Manual Research Aid (IRMA),Pre-deployment,Acquisition and/or Development,Vendor,Developed with contracting resources.,,Mission-Enabling,,,L0481
2024-1024,2024,TREAS,Tax Payer Notice Modernization,Pre-deployment,Acquisition and/or Development,,,,Mission-Enabling,,,
2024-1025,2024,TREAS,Enable Face ID to unlock M365 apps on Government iPhone and iPad,Pilot,Implementation and Assessment,,,,Mission-Enabling,,,
2024-1026,2024,TREAS,Data Integration using Informatica Data Management Cloud,Pre-deployment,Acquisition and/or Development,Vendor,Developed with contracting resources.,,Mission-Enabling,,,L0482
2024-1027,2024,TREAS,Answering Employee Questions with Natural Language Processing in IRWorks,Deployed,Operation and Maintenance,Vendor,Developed with contracting resources.,,Mission-Enabling,,,L0483
2024-1028,2024,TREAS,Compliance Data Warehouse Data Access Log Monitoring,Pre-deployment,Acquisition and/or Development,Vendor,Developed with contracting resources.,,Mission-Enabling,,,
2024-1029,2024,TREAS,Volunteer Income Tax Assistance (VITA) Generative AI Chatbot Proof of Concept,Pre-deployment,Acquisition and/or Development,,,,Mission-Enabling,,,L0484
2024-1030,2024,TREAS,Ask-CFO Research Aide,Pre-deployment,Acquisition and/or Development,Vendor,Developed with contracting resources.,,Mission-Enabling,,,L0485
2024-1031,2024,TREAS,Redaction Studio - Redaction Assistant,Pilot,Implementation and Assessment,Vendor,Developed with contracting resources.,,Mission-Enabling,,,
2024-1032,2024,TREAS,Intelligent Document Management System (IDMS),Pre-deployment,Initiated,,,,Mission-Enabling,,,
2024-1033,2024,TREAS,Taxpayer 90 (Palantir prototype),Pre-deployment,Acquisition and/or Development,Vendor,Developed with contracting resources.,,Mission-Enabling,,,
2024-1034,2024,TREAS,Expanded Systran Translation Software,Pre-deployment,Acquisition and/or Development,Vendor,Developed with contracting resources.,,Mission-Enabling,,,
2024-1035,2024,TREAS,Transcription -- Evidence.com,Pilot,Implementation and Assessment,,,,Mission-Enabling,,,
2024-1036,2024,TREAS,Digital Forensics Chatbot for IRS Employees,Pre-deployment,Acquisition and/or Development,,,,Mission-Enabling,,,L0486
2024-1037,2024,TREAS,Generative AI for Form 1040X: Tax Examiner Assistant,Pre-deployment,Acquisition and/or Development,Vendor,Developed with contracting resources.,,Mission-Enabling,,,
2024-1038,2024,TREAS,ServiceNow Generative AI Pilot,Pre-deployment,Initiated,,,,Mission-Enabling,,,
2024-1039,2024,TREAS,Circular Dependencies (Individual Master File Modernization),Pre-deployment,Initiated,,,,Mission-Enabling,,,
2024-1040,2024,TREAS,Synthetic Test Data Generation (Individual Master File Modernization),Pre-deployment,Initiated,,,,Mission-Enabling,,,
2024-1041,2024,TREAS,Auto Tech Debt Remedy (Individual Master File Modernization),Pre-deployment,Initiated,,,,Mission-Enabling,,,
2024-1042,2024,TREAS,M365 Copilot,Pre-deployment,Initiated,,,,Mission-Enabling,,,
2024-1043,2024,TREAS,Copilot for Power Platform,Pre-deployment,Initiated,,,,Mission-Enabling,,,
2024-1044,2024,TREAS,Copilot for M365 (Criminal Investigation Unit),Pre-deployment,Acquisition and/or Development,,,,Mission-Enabling,,,
2024-1045,2024,TREAS,Automated Collection System (ACS) Voicebot,Deployed,Operation and Maintenance,Vendor,Developed with contracting resources.,,Mission-Enabling,,,
2024-1046,2024,TREAS,Customer Experience Analytics,Pre-deployment,Acquisition and/or Development,Vendor,Developed with contracting resources.,,Mission-Enabling,,,
2024-1047,2024,TREAS,Exercise Design,Deployed,Operation and Maintenance,,,,Mission-Enabling,,,
2024-1048,2024,TREAS,Incident Coordination and Reporting Support,Deployed,Operation and Maintenance,,,,Mission-Enabling,,,
2024-1049,2024,TREAS,EFTPS Fraud Monitoring,Deployed,Operation and Maintenance,,,,Mission-Enabling,,,
2024-1050,2024,TREAS,Digitization of Microfilm,Pilot,Implementation and Assessment,,,,Mission-Enabling,,,
2024-1051,2024,TREAS,Check Fraud Pipeline,Pilot,Implementation and Assessment,,,,Mission-Enabling,,,
2024-1052,2024,USAID,Gender differentiated credit scoring,Retired,Retired,,,,Diplomacy & Trade,,,
2024-1053,2024,USAID,Using ML for predicting treatment interruption among PLHIV in Nigeria,Retired,Retired,,,,Health & Medical,,,
2024-1054,2024,USAID,Machine Learning for Peace,Deployed,Operation and Maintenance,Vendor,Developed with contracting resources.,,Diplomacy & Trade,,,
2024-1055,2024,USAID,Long-term impacts of land-use/land-cover dynamics on surface water quality in Botswana’s reservoirs using satellite data and artificial intelligence methods: Case study of the Botswana’s Limpopo River Basin (1984-2019),Retired,Retired,,,,Science & Space,,,
2024-1056,2024,USAID,Morogoro youth empowerment through establishment of social innovation (YEESI) lab for problem-centered training in machine vision,Retired,Retired,,,,Diplomacy & Trade,,,
2024-1057,2024,USAID,Breakthrough RESEARCH’s Social Media Listening,Retired,Retired,,,,Diplomacy & Trade,,,
2024-1058,2024,USAID,Serbia: AI predictions for the utilization of hospital beds,Retired,Retired,,,,Health & Medical,,,
2024-1059,2024,USAID,Qure.AI integrated in mobile X-ray screening to improve community TB case finding,Deployed,Operation and Maintenance,Vendor,Developed with contracting resources.,,Health & Medical,,,
2024-1060,2024,USAID,AI for Predictive Analysis of patients on HIV treatment,Retired,Retired,,,,Health & Medical,,,
2024-1061,2024,USAID,Private Sector Engagement Evidence Gap Map Analytical Pilot,Retired,Retired,,,,Mission-Enabling,,,
2024-1062,2024,USAID,Risk-based modeling of poacher movements in protected areas,Retired,Retired,,,,Diplomacy & Trade,,,
2024-1063,2024,USAID,CARI/El Salvador: Risk factors at community level that cause Internal Displacement,Retired,Retired,,,,Diplomacy & Trade,,,
2024-1064,2024,USAID,"Chemonics International Inc.'s ""Disinformation Monitoring and Sentiment Analysis""",Retired,Retired,,,,Diplomacy & Trade,,,
2024-1065,2024,USAID,PEER 8-161: A wood species identification tool to aid in compliance and enforcement of Peruvian timber regulations,Retired,Retired,,,,Diplomacy & Trade,,,
2024-1066,2024,USAID,PEER 9-452: Long-term impacts of land-use/land-cover dynamics on surface water quality in Botswana’s reservoirs using satellite data and artificial intelligence methods: Case study of the Botswana’s Limpopo River Basin (1984-2019),Retired,Retired,,,,Science & Space,,,
2024-1067,2024,USAID,BA Cote d'Ivoire Public Social Media Data,Retired,Retired,,,,Diplomacy & Trade,,,
2024-1068,2024,USAID,USING PREDICTIVE ANALYTICS TO IMPROVE CARE,Pilot,Implementation and Assessment,Vendor,Developed with contracting resources.,,Health & Medical,,,
2024-1069,2024,USAID,Smart Supervision Platform - Superintendencia Financiera de Colombia (Colombian Financial Regulator),Retired,Retired,,,,Diplomacy & Trade,,,
2024-1070,2024,USAID,Feed the Future Innovation Lab for Applied Wheat Genomics,Retired,Retired,,,,Science & Space,,,
2024-1071,2024,USAID,Market segmentation,Retired,Retired,Vendor,Developed with contracting resources.,,Diplomacy & Trade,,,
2024-1072,2024,USAID,Climate-based malaria forecast,Pre-deployment,Initiated,,,,Health & Medical,,,
2024-1073,2024,USAID,Covid Decision Support,Retired,Retired,,,,Health & Medical,,,
2024-1074,2024,USAID,Artificial Intelligence for observing Hand Hygiene,Retired,Retired,,,,Health & Medical,,,
2024-1075,2024,USAID,Cough Against Covid,Retired,Retired,,,,Health & Medical,,,
2024-1076,2024,USAID,Automated interpretation of Line Probe Assay strips using computer vision,Pre-deployment,Acquisition and/or Development,Vendor,Developed with contracting resources.,,Health & Medical,,,
2024-1077,2024,USAID,Prediction of risk for Loss to Follow Up (LFU) among TB patients using AI,Deployed,Operation and Maintenance,Vendor,Developed with contracting resources.,,Health & Medical,,,
2024-1078,2024,USAID,Leveraging Artificial Intelligence for TB screening,Retired,Retired,,,,Health & Medical,,,
2024-1079,2024,USAID,"Social listening to inform youth programming in Colombia (previously ""Communications Strategy"")",Retired,Retired,Vendor,Developed with contracting resources.,,Diplomacy & Trade,,,
2024-1080,2024,USAID,AI Pilot- Detection of data exfiltration,Retired,Retired,,,,Mission-Enabling,,,
2024-1081,2024,USAID,Global Antimicrobial Resistance Surveillance System,Retired,Retired,,,,Science & Space,,,
2024-1082,2024,USAID,GXAlert,Retired,Retired,,,,Health & Medical,,,
2024-1083,2024,USAID,DataToCare,Retired,Retired,,,,Diplomacy & Trade,,,
2024-1084,2024,USAID,CAD4TB: AI-Powered Tuberculosis Detection Software,Retired,Retired,,,,Diplomacy & Trade,,,
2024-1085,2024,USAID,DeepGreen Ukraine,Retired,Retired,,,,Energy & the Environment,,,
2024-1086,2024,USAID,"National Park information classification using AI, Garamba National Park, DRC",Retired,Retired,,,,Science & Space,,,
2024-1087,2024,USAID,"Wildlife identification using computer vision (Mbaza), DRC",Retired,Retired,,,,Science & Space,,,
2024-1088,2024,USAID,AI-enabled presentation design,Deployed,Operation and Maintenance,,,,Diplomacy & Trade,,,
2024-1089,2024,USAID,"AI tools for learning, evaluation, and research",Deployed,Operation and Maintenance,,,,Diplomacy & Trade,,,
2024-1090,2024,USAID,AI-enabled classification for Standardized Program Structure and Definitions,Deployed,Operation and Maintenance,Vendor,Developed with contracting resources.,,Diplomacy & Trade,,,
2024-1091,2024,USAID,MENA Assessment Chatbot,Pilot,Implementation and Assessment,,,,Diplomacy & Trade,,,
2024-1092,2024,USAID,Generating reports for program monitoring and evaluation and literature reviews and syntheses to inform activity design and contribute to learning and knowledge management,Deployed,Operation and Maintenance,,,,Diplomacy & Trade,,,
2024-1093,2024,USAID,AI tools for grant application application review,Pre-deployment,Initiated,,,,Diplomacy & Trade,,,
2024-1094,2024,USAID,Natural Language Processing to detect gender-based violence in Kenya,Pre-deployment,Acquisition and/or Development,Vendor,Developed with contracting resources.,,Diplomacy & Trade,,,
2024-1095,2024,USAID,Identifying harmful social media content in Sinhala and Tamil,Pre-deployment,Acquisition and/or Development,Vendor,Developed with contracting resources.,,Diplomacy & Trade,,,
2024-1096,2024,USAID,Value4Her Connect Digital Platform,Pre-deployment,Initiated,Vendor,Developed with contracting resources.,,Diplomacy & Trade,,,
2024-1097,2024,USAID,"SERVIR Agriculture and Food Security: SERVIR is using machine learning techniques to interpret satellite data to improve crop area, crop type, crop condition, and yield estimates at the scale of 10s of meters, aggregated to country, district, province, or country.",Pilot,Implementation and Assessment,In-house,Developed in-house.,,Science & Space,,,
2024-1098,2024,USAID,"SERVIR Water Security: SERVIR is applying deep learning on in situ and global/regional hydrologic forecasts to fill gaps in historic and recent streamflow and river elevation estimates, and improve streamflow forecasts, to a vertical precision of meters to centimeters, potentially for thousands to millions or river reaches worldwide.",Pre-deployment,Acquisition and/or Development,In-house,Developed in-house.,,Science & Space,,,
2024-1099,2024,USAID,"SERVIR Ecosystem and Carbon Management: Automation of land cover and change mapping, including forest disturbance due to roads and mining. SERVIR is applying machine learning and deep learning techniques on satellite data to automate the classification and identification of land surface activities at the scale of 10s of meters.",Pilot,Implementation and Assessment,In-house,Developed in-house.,,Science & Space,,,
2024-1100,2024,USAID,"SERVIR Weather & Climate Resilience: Short-term and seasonal weather prediction and hazard mapping. SERVIR is mapping floods and landslides with machine learning classification techniques, on the order of 10m to 10km. SERVIR is exploring the performance of weather foundational models versus numerical weather predictions on the 4-10km scale.",Pre-deployment,Acquisition and/or Development,In-house,Developed in-house.,,Science & Space,,,
2024-1101,2024,USAID,"SERVIR Air Quality and Health: Processing modeled air quality forecasts and assimilating large volumes of data from satellite instruments. SERVIR is downscaling satellite- and model-derived air quality predictions with neural networks, down to 5km spatial resolution.",Pilot,Implementation and Assessment,In-house,Developed in-house.,,Science & Space,,,
2024-1102,2024,USAID,Amazonía Mia - AI for environmental law enforcement in Colombia,Deployed,Operation and Maintenance,Vendor,Developed with contracting resources.,,Law & Justice,,,
2024-1103,2024,USAID,Knowledge management and situational awareness for civil society in Colombia,Deployed,Operation and Maintenance,Vendor,Developed with contracting resources.,,Diplomacy & Trade,,,
2024-1104,2024,USAID,Virtual host for attendees of the Invest for Climate activity,Deployed,Operation and Maintenance,Vendor,Developed with contracting resources.,,Diplomacy & Trade,,,
2024-1105,2024,USAID,Farmer support chatbot in Colombia,Deployed,Operation and Maintenance,Vendor,Developed with contracting resources.,,Diplomacy & Trade,,,
2024-1106,2024,USAID,"LIDA: Instant Messaging System in the Family Commissioner's Office of Montería - Córdoba, Colombia",Deployed,Operation and Maintenance,Vendor,Developed with contracting resources.,,Government Services (includes Benefits and Service Delivery),,,
2024-1107,2024,USAID,AI assistant for Colombia Partners for Transparency,Deployed,Operation and Maintenance,Vendor,Developed with contracting resources.,,Diplomacy & Trade,,,
2024-1108,2024,USAID,Twitter trend analysis in Colombia,Deployed,Operation and Maintenance,Vendor,Developed with contracting resources.,,Diplomacy & Trade,,,
2024-1109,2024,USAID,Project Data Machine: Open governance data in Colombia,Deployed,Operation and Maintenance,Vendor,Developed with contracting resources.,,Diplomacy & Trade,,,
2024-1110,2024,USAID,Mibanco: Equitable Finance Activity in Colombia,Deployed,Operation and Maintenance,Vendor,Developed with contracting resources.,,Diplomacy & Trade,,,
2024-1111,2024,USAID,Remote sensing for land cover identificiation in Colombia,Deployed,Operation and Maintenance,Vendor,Developed with contracting resources.,,Science & Space,,,
2024-1112,2024,USAID,AI to support road construction in rural Colombia,Deployed,Operation and Maintenance,Vendor,Developed with contracting resources.,,Diplomacy & Trade,,,
2024-1113,2024,USAID,Mobile application for reading rapid cryptococcosis tests,Pilot,Implementation and Assessment,Vendor,Developed with contracting resources.,,Health & Medical,,,
2024-1114,2024,USAID,Chatbot to respond to teachers' questions about how to prevent student dropout,Pre-deployment,Acquisition and/or Development,Vendor,Developed with contracting resources.,,Education & Workforce,,,
2024-1115,2024,USAID,Predictive analytics model to predict HIV Treatment Interruption Risk,Pre-deployment,Acquisition and/or Development,Vendor,Developed with contracting resources.,,Health & Medical,,,
2024-1116,2024,USAID,Anti-Money Laundering and Shareholders Transparency IT System,Deployed,Operation and Maintenance,Vendor,Developed with contracting resources.,,Diplomacy & Trade,,,
2024-1117,2024,USAID,AI analysis of Moldova's media content and social media landscape,Deployed,Operation and Maintenance,Vendor,Developed with contracting resources.,,Diplomacy & Trade,,,
2024-1118,2024,USAID,"""Bu Mira"" financial inclusion chatbot",Deployed,Operation and Maintenance,Vendor,Developed with contracting resources.,,Diplomacy & Trade,,,
2024-1119,2024,USAID,Machine translation for communication with country teams,Pilot,Implementation and Assessment,Vendor,Developed with contracting resources.,,Diplomacy & Trade,,,
2024-1120,2024,USAID,E-Audit system for the tax department in Jordan,Deployed,Operation and Maintenance,Vendor,Developed with contracting resources.,,Diplomacy & Trade,,,
2024-1121,2024,USAID,Crop2Cash National Hotline for Agriculture,Pre-deployment,Acquisition and/or Development,Vendor,Developed with contracting resources.,,Diplomacy & Trade,,,
2024-1122,2024,USAID,FarmerChart,Deployed,Operation and Maintenance,Vendor,Developed with contracting resources.,,Diplomacy & Trade,,,
2024-1123,2024,USAID,Automated due diligence for corruption risks,Pre-deployment,Initiated,Vendor,Developed with contracting resources.,,Diplomacy & Trade,,,
2024-1124,2024,USAID,AI-powered portal for the Development Experience Clearinghouse,Deployed,Operation and Maintenance,Vendor,Developed with contracting resources.,,Diplomacy & Trade,,,
2024-1125,2024,USAID,ARTS - Automated Indirect Cost and Tracking System,Pre-deployment,Initiated,,,,Mission-Enabling,,,
2024-1126,2024,USAID,Crop pest identification and advisory,Deployed,Operation and Maintenance,Vendor,Developed with contracting resources.,,Diplomacy & Trade,,,
2024-1127,2024,USAID,AI-enabled agricultural logistics in Mozambique,Deployed,Operation and Maintenance,Vendor,Developed with contracting resources.,,Diplomacy & Trade,,,
2024-1128,2024,USAID,Using AI to detect information manipulation,Deployed,Operation and Maintenance,Vendor,Developed with contracting resources.,,Diplomacy & Trade,,,
2024-1129,2024,USAID,HelloTask: multichannel job platform for blue-collar workers,Pre-deployment,Acquisition and/or Development,Vendor,Developed with contracting resources.,,Diplomacy & Trade,,,
2024-1130,2024,USAID,Georgian speech-to-text transcription,Deployed,Operation and Maintenance,Vendor,Developed with contracting resources.,,Diplomacy & Trade,,,
2024-1131,2024,USAID,Skhivi: AI tools for Georgian journalists,Pilot,Implementation and Assessment,Vendor,Developed with contracting resources.,,Diplomacy & Trade,,,
2024-1132,2024,USAID,Intelligent forecasting for Family Planning products (Cote d'Ivoire),Pilot,Implementation and Assessment,Vendor,Developed with contracting resources.,,Diplomacy & Trade,,,
2024-1133,2024,USAID,Intelligent forecasting for Malaria products (Cote d'Ivoire),Pre-deployment,Acquisition and/or Development,Vendor,Developed with contracting resources.,,Diplomacy & Trade,,,
2024-1134,2024,USAID,Intelligent forecasting for Routine Vaccines (Serbia),Pilot,Implementation and Assessment,Vendor,Developed with contracting resources.,,Diplomacy & Trade,,,
2024-1135,2024,USAID,Intelligent forecasting for COVID-19 vaccines (Mali),Pilot,Implementation and Assessment,Vendor,Developed with contracting resources.,,Diplomacy & Trade,,,
2024-1136,2024,USAID,Intelligent forecasting for TB products (Indonesia),Pre-deployment,Acquisition and/or Development,Vendor,Developed with contracting resources.,,Diplomacy & Trade,,,
2024-1137,2024,USAID,Drip irrigation system with AI control,Pilot,Implementation and Assessment,Vendor,Developed with contracting resources.,,Diplomacy & Trade,,,
2024-1138,2024,USAID,Streamlining recruitment with AI-powered online testing,Pre-deployment,Initiated,,,,Diplomacy & Trade,,,
2024-1139,2024,USAID,Qualitative Analysis of Countering Violent Extremism (CVE) Community Perception Data,Retired,Retired,,,,Diplomacy & Trade,,,
2024-1140,2024,USAID,AI-based translation for key Global Health documents,Pre-deployment,Acquisition and/or Development,In-house,Developed in-house.,,Diplomacy & Trade,,,
2024-1141,2024,USAID,Retrieval-augmented generation for government-to-government due diligence,Pre-deployment,Acquisition and/or Development,In-house,Developed in-house.,,Diplomacy & Trade,,,
2024-1142,2024,USAID,ESDB/IDEA Series Classification,Pre-deployment,Initiated,,,,Mission-Enabling,,,
2024-1143,2024,USAID,CDR Document Data Improvement with AI,Pre-deployment,Initiated,,,,Mission-Enabling,,,
2024-1144,2024,USAID,Evaluation Registry Abstracts Generator,Pre-deployment,Initiated,,,,Mission-Enabling,,,
2024-1145,2024,USAID,FADB QA Support Automation,Pre-deployment,Initiated,Vendor,Developed with contracting resources.,,Mission-Enabling,,,
2024-1146,2024,USAID,TOSSD Data Curation Automation,Pre-deployment,Initiated,Vendor,Developed with contracting resources.,,Mission-Enabling,,,
2024-1147,2024,USAID,BHA/DMEAL: Application Review Processes Automation,Pre-deployment,Initiated,Vendor,Developed with contracting resources.,,Mission-Enabling,,,
2024-1148,2024,USAID,BHA/DDAIM: Decision Support via CHOPP,Pre-deployment,Initiated,Vendor,Developed with contracting resources.,,Mission-Enabling,,,
2024-1149,2024,USAID,GenDev Key Issue Narrative Generation,Pre-deployment,Initiated,Vendor,Developed with contracting resources.,,Mission-Enabling,,,
2024-1150,2024,USAID,USAID CDM-XDR (Extended Detection and Response),Pre-deployment,Initiated,Vendor,Developed with contracting resources.,,Mission-Enabling,,,
2024-1151,2024,USAID,Boomitra: Accelerating soil carbon removal on a planetary scale.,Pilot,Implementation and Assessment,Vendor,Developed with contracting resources.,,Diplomacy & Trade,,,
2024-1152,2024,USAID,"DARTS: Accurate, accountable cash transfer data and reconciliation",Pilot,Implementation and Assessment,Vendor,Developed with contracting resources.,,Diplomacy & Trade,,,
2024-1153,2024,USAID,EYouth: Learning and training opportunities for refugees and host communities,Pilot,Implementation and Assessment,Vendor,Developed with contracting resources.,,Diplomacy & Trade,,,
2024-1154,2024,USAID,Ignitia: AI-powered weather forceasts for smallholder farmers,Pilot,Implementation and Assessment,Vendor,Developed with contracting resources.,,Diplomacy & Trade,,,
2024-1155,2024,USAID,SKAI: Large-scale assessment of building damage,Pilot,Implementation and Assessment,Vendor,Developed with contracting resources.,,Emergency Management,,,
2024-1156,2024,USAID,NEMO: Real-time categorization of hotline calls,Pilot,Implementation and Assessment,Vendor,Developed with contracting resources.,,Emergency Management,,,
2024-1157,2024,USAID,"WFP AI Sandbox: Platform to innovate, pilot, and scale AI models and use cases",Pilot,Implementation and Assessment,Vendor,Developed with contracting resources.,,Diplomacy & Trade,,,
2024-1158,2024,USAID,Enhancing Smart Agriculture in Rural Africa,Pilot,Implementation and Assessment,Vendor,Developed with contracting resources.,,Diplomacy & Trade,,,
2024-1159,2024,USAID,Emata: Affordable digital finance for farmers,Pilot,Implementation and Assessment,Vendor,Developed with contracting resources.,,Diplomacy & Trade,,,
2024-1160,2024,USAID,SoilPro 2.0: Advancing impact monitoring & monetization,Pilot,Implementation and Assessment,Vendor,Developed with contracting resources.,,Diplomacy & Trade,,,
2024-1161,2024,USAID,RAG system for FEWS NET food security reports,Pre-deployment,Acquisition and/or Development,Vendor,Developed with contracting resources.,,Mission-Enabling,,,
2024-1162,2024,USAID,Generating SQL queries from natural language,Pre-deployment,Acquisition and/or Development,Vendor,Developed with contracting resources.,,Mission-Enabling,,,
2024-1163,2024,USAID,API queries from natural language prompts,Pre-deployment,Acquisition and/or Development,Vendor,Developed with contracting resources.,,Mission-Enabling,,,
2024-1164,2024,USAID,Interactive exploration of FEWS NET food security reports,Pre-deployment,Acquisition and/or Development,Vendor,Developed with contracting resources.,,Mission-Enabling,,,
2024-1165,2024,USAID,Media synthesis for food security,Pre-deployment,Acquisition and/or Development,Vendor,Developed with contracting resources.,,Diplomacy & Trade,,,
2024-1166,2024,USAID,"AI translation of water, sanitation, and hygiene learning materials",Pre-deployment,Initiated,,,,Diplomacy & Trade,,,
2024-1167,2024,USAID,Labeling and classifying food security activities,Retired,Retired,Vendor,Developed with contracting resources.,,Mission-Enabling,,,
2024-1168,2024,USAID,SOPHIA: Solutions Platform for Humanitarian analysis,Deployed,Operation and Maintenance,Vendor,Developed with contracting resources.,,Diplomacy & Trade,,,
2024-1169,2024,USAID,DEEP: Data Entry and Exploration Platform,Pilot,Implementation and Assessment,Vendor,Developed with contracting resources.,,Mission-Enabling,,,
2024-1170,2024,USAID,AI for humanitarian logistics,Retired,Retired,Vendor,Developed with contracting resources.,,Emergency Management,,,
2024-1171,2024,USAID,"SMARTplus: digital system for fast, reliable malnutrition data tackling the health-crisis in Somalia",Pilot,Implementation and Assessment,Vendor,Developed with contracting resources.,,Health & Medical,,,
2024-1172,2024,USAID,HOPE and HELP: Modeling for complex humanitarian engagement,Pilot,Implementation and Assessment,Vendor,Developed with contracting resources.,,Emergency Management,,,
2024-1173,2024,USAID,Advanced language technology in marginalized languages for efficient information gathering,Pilot,Implementation and Assessment,Vendor,Developed with contracting resources.,,Mission-Enabling,,,
2024-1174,2024,USAID,Camp forecast: AI-driven supply chain forecasting to reach 7% more refugees without spending more,Pilot,Implementation and Assessment,Vendor,Developed with contracting resources.,,Diplomacy & Trade,,,
2024-1175,2024,USAID,Humanitarian language toolkit: AI-enabled qualitative engagement with conflict populations,Pilot,Implementation and Assessment,Vendor,Developed with contracting resources.,,Diplomacy & Trade,,,
2024-1176,2024,USAID,Chatbot photo diagnosis for malnutrition,Pilot,Implementation and Assessment,Vendor,Developed with contracting resources.,,Health & Medical,,,
2024-1177,2024,USAID,PathVis: A water monitoring device for Vibrio cholerae detection,Pilot,Implementation and Assessment,Vendor,Developed with contracting resources.,,Diplomacy & Trade,,,
2024-1178,2024,USAID,NeedsBot - Aggregating real-time needs from anywhere via chatbot,Pilot,Implementation and Assessment,Vendor,Developed with contracting resources.,,Emergency Management,,,
2024-1179,2024,USAID,Using technology to combat violence against female refugees,Pilot,Implementation and Assessment,Vendor,Developed with contracting resources.,,Diplomacy & Trade,,,
2024-1180,2024,USAID,AutoAnthro: 3D scanning for improved malnutrition assessment in conflict areas,Pilot,Implementation and Assessment,Vendor,Developed with contracting resources.,,Health & Medical,,,
2024-1181,2024,USAID,Machine learning enabled safe water optimization tool for humanitarian response,Pilot,Implementation and Assessment,Vendor,Developed with contracting resources.,,Emergency Management,,,
2024-1182,2024,USAID,Combatting health misinformation in Yemen,Pilot,Implementation and Assessment,Vendor,Developed with contracting resources.,,Diplomacy & Trade,,,
2024-1183,2024,USAID,AI-enabled air raid sirens and war crime documentation,Pilot,Implementation and Assessment,Vendor,Developed with contracting resources.,,Emergency Management,,,
2024-1184,2024,USAID,AI tools for volunteer mapping,Pilot,Implementation and Assessment,Vendor,Developed with contracting resources.,,Diplomacy & Trade,,,
2024-1185,2024,USAID,Chatbot to provide accurate COVID-19 information,Pilot,Implementation and Assessment,Vendor,Developed with contracting resources.,,Diplomacy & Trade,,,
2024-1186,2024,USAID,Imagery authentication from conflict zones,Pilot,Implementation and Assessment,Vendor,Developed with contracting resources.,,Diplomacy & Trade,,,
2024-1187,2024,USAID,Tracking COVID-19 misinformation on social media,Pilot,Implementation and Assessment,Vendor,Developed with contracting resources.,,Diplomacy & Trade,,,
2024-1188,2024,USAID,Bambara language processing tool,Pre-deployment,Acquisition and/or Development,,,,Diplomacy & Trade,,,
2024-1189,2024,USDA,Repair Spend,Deployed,Operation and Maintenance,Vendor and in-house,Developed with both contracting and in-house resources.,,Mission-Enabling,,,L0487
2024-1190,2024,USDA,ARS Project Mapping,Deployed,Operation and Maintenance,Vendor,Developed with contracting resources.,,Science & Space,,,L0488
2024-1191,2024,USDA,NAL Automated Indexing,Deployed,Operation and Maintenance,Vendor and in-house,Developed with both contracting and in-house resources.,,Science & Space,,,L0489
2024-1192,2024,USDA,Predictive Modeling of Invasive Pest Species,Deployed,Operation and Maintenance,In-house,Developed in-house.,,Mission-Enabling,,,L0490
2024-1193,2024,USDA,Detection of Pre-symptomatic HLB Infected Citrus,Retired,Retired,,,,Science & Space,,,
2024-1194,2024,USDA,High Throughput Phenotyping in Citrus Orchards,Retired,Retired,,,,Science & Space,,,
2024-1195,2024,USDA,Detection of Aquatic Weeds,Retired,Retired,,,,Science & Space,,,
2024-1196,2024,USDA,Automated Detection & Mapping of Host Plants from Ground Level Imagery,Retired,Retired,,,,Science & Space,,,
2024-1197,2024,USDA,Democratizing Data,Deployed,Operation and Maintenance,Vendor,Developed with contracting resources.,,Mission-Enabling,,,L0491
2024-1198,2024,USDA,Land Change Analysis Tool (LCAT),Pilot,Implementation and Assessment,In-house,Developed in-house.,,Mission-Enabling,,,
2024-1199,2024,USDA,OCIO/CDO Council Comment Analysis Tool,Pre-deployment,Acquisition and/or Development,Vendor,Developed with contracting resources.,,Mission-Enabling,,,
2024-1200,2024,USDA,Retailer Receipt Analysis,Pre-deployment,Acquisition and/or Development,Vendor,Developed with contracting resources.,,Government Services (includes Benefits and Service Delivery),,,L0492
2024-1201,2024,USDA,Ecosystem Management Decision Support System (EMDS),Deployed,Operation and Maintenance,Vendor,Developed with contracting resources.,,Energy & the Environment,,,L0493
2024-1202,2024,USDA,Cross-Laminated Timber (CLT) Knowledge Database,Deployed,Operation and Maintenance,Vendor,Developed with contracting resources.,,Energy & the Environment,,,L0494
2024-1203,2024,USDA,Raster Tools,Pilot,Implementation and Assessment,In-house,Developed in-house.,,Science & Space,,,L0495
2024-1204,2024,USDA,TreeMap and FuelMap (all versions),Deployed,Operation and Maintenance,In-house,Developed in-house.,,Energy & the Environment,,,L0496
2024-1205,2024,USDA,Landscape Change Monitoring System (LCMS),Deployed,Operation and Maintenance,In-house,Developed in-house.,,Science & Space,,,L0497
2024-1206,2024,USDA,Forest Health Detection Monitoring,Pilot,Implementation and Assessment,Vendor and in-house,Developed with both contracting and in-house resources.,,Energy & the Environment,,,L0498
2024-1207,2024,USDA,Cropland Data Layer,Deployed,Operation and Maintenance,In-house,Developed in-house.,,Other,,,L0499
2024-1208,2024,USDA,List Frame Deadwood Identification,Deployed,Operation and Maintenance,In-house,Developed in-house.,,Other,,,L0500
2024-1209,2024,USDA,Climate Change Classification NLP,Pre-deployment,Acquisition and/or Development,Vendor and in-house,Developed with both contracting and in-house resources.,,Mission-Enabling,,,L0501
2024-1210,2024,USDA,Video Surveillance System,Deployed,Operation and Maintenance,Vendor and in-house,Developed with both contracting and in-house resources.,,Mission-Enabling,,,L0502
2024-1211,2024,USDA,Aquisition Approval Request Compliance Tool,Pre-deployment,Acquisition and/or Development,Vendor and in-house,Developed with both contracting and in-house resources.,,Mission-Enabling,,,L0503
2024-1212,2024,USDA,Operational Water Supply Forecasting for Western US Rivers,Deployed,Operation and Maintenance,In-house,Developed in-house.,,Mission-Enabling,,,L0504
2024-1213,2024,USDA,Standardization of Cut Flower Business Names for Message Set Data,Retired,Retired,,,,Mission-Enabling,,,L0505
2024-1214,2024,USDA,Intelligent Ticket Routing,Deployed,Operation and Maintenance,Vendor and in-house,Developed with both contracting and in-house resources.,,Mission-Enabling,,,L0506
2024-1215,2024,USDA,Predictive Maintenance Impacts,Deployed,Operation and Maintenance,Vendor and in-house,Developed with both contracting and in-house resources.,,Mission-Enabling,,,L0507
2024-1216,2024,USDA,Artificial Intelligence SPAM Mitigation Project,Retired,Retired,,,,Government Services (includes Benefits and Service Delivery),,,
2024-1217,2024,USDA,Approximate String Matching (aka fuzzy matching) to Standardize Data,Deployed,Operation and Maintenance,In-house,Developed in-house.,,Mission-Enabling,,,L0508
2024-1218,2024,USDA,Automated PDF Document Processing and Information Extraction,Deployed,Operation and Maintenance,In-house,Developed in-house.,,Mission-Enabling,,,L0509
2024-1219,2024,USDA,Census Propensity Scores via ML,Deployed,Operation and Maintenance,In-house,Developed in-house.,,Other,,,
2024-1220,2024,USDA,Ecological Site Descriptions (Machine Learning),Retired,Retired,,,,Mission-Enabling,,,
2024-1221,2024,USDA,Conservation Effects Assessment Project,Pre-deployment,Acquisition and/or Development,In-house,Developed in-house.,,Mission-Enabling,,,L0510
2024-1222,2024,USDA,Digital Imagery (no-change) for NRI Program,Pre-deployment,Initiated,,,,Mission-Enabling,,,L0511
2024-1223,2024,USDA,Nutrition Education & Local Access Dashboard,Deployed,Operation and Maintenance,Vendor and in-house,Developed with both contracting and in-house resources.,,Government Services (includes Benefits and Service Delivery),,,L0512
2024-1224,2024,USDA,Survey Text Remarks Value Scoring,Deployed,Operation and Maintenance,In-house,Developed in-house.,,Mission-Enabling,,,L0513
2024-1225,2024,USDA,Survey Outlier Detection Model,Deployed,Operation and Maintenance,In-house,Developed in-house.,,Other,,,L0514
2024-1226,2024,USDA,Multilingual Translation of Recalls and Public Health Alerts,Pre-deployment,Acquisition and/or Development,Vendor and in-house,Developed with both contracting and in-house resources.,,Government Services (includes Benefits and Service Delivery),,,L0515
2024-1227,2024,USDA,Genomic Analyses of Pathogen Subtypes,Pre-deployment,Acquisition and/or Development,In-house,Developed in-house.,,Science & Space,,,L0516
2024-1228,2024,USDA,Foodborne Illness Source Attribution,Pre-deployment,Acquisition and/or Development,In-house,Developed in-house.,,Science & Space,,,L0517
2024-1229,2024,USDA,Public Comments Analysis,Pre-deployment,Acquisition and/or Development,In-house,Developed in-house.,,Mission-Enabling,,,L0518
2024-1230,2024,USDA,Rangeland Analysis Platform,Deployed,Operation and Maintenance,In-house,Developed in-house.,,Energy & the Environment,,,L0519
2024-1231,2024,USDA,Predictive Cropland Data Layer,Deployed,Operation and Maintenance,In-house,Developed in-house.,,Other,,,L0520
2024-1232,2024,USDA,Dam Inspection Report Document Processing,Deployed,Operation and Maintenance,In-house,Developed in-house.,,Mission-Enabling,,,L0521
2024-1233,2024,USDA,Portfolio Approval and Management (PAM) Bot,Pre-deployment,Initiated,,,,Mission-Enabling,,,L0522
2024-1234,2024,USDA,GIS Invasive Tree Extraction for Field Level Users,Deployed,Operation and Maintenance,In-house,Developed in-house.,,Energy & the Environment,,,L0523
2024-1235,2024,USDA,DISTRIB-II: Habitat Suitability of Eastern United States Tree,Deployed,Operation and Maintenance,In-house,Developed in-house.,,Science & Space,,,L0524
2024-1236,2024,USDA,FSA FLP Chatbot,Pre-deployment,Acquisition and/or Development,In-house,Developed in-house.,,Mission-Enabling,,,L0525
2024-1237,2024,USDA,ROE Document Recognition - RoeDR,Deployed,Operation and Maintenance,In-house,Developed in-house.,,Mission-Enabling,,,L0526
2024-1238,2024,USDA,IRIS,Deployed,Operation and Maintenance,Vendor,Developed with contracting resources.,,Science & Space,,,L0527
2024-1239,2024,USDA,Ticket Resolution Categorization (Incident/Change),Deployed,Operation and Maintenance,Vendor and in-house,Developed with both contracting and in-house resources.,,Mission-Enabling,,,L0528
2024-1240,2024,USDA,Ticket Templatization,Pre-deployment,Acquisition and/or Development,Vendor,Developed with contracting resources.,,Mission-Enabling,,,L0529
2024-1241,2024,USDA,File Rename Automation,Pilot,Implementation and Assessment,In-house,Developed in-house.,,Mission-Enabling,,,
2024-1242,2024,USDA,Rapid Drafting of ARS Research Summaries,Pre-deployment,Initiated,,,,Mission-Enabling,,,L0530
2024-1243,2024,USDA,DS Hub Geo-metadata generation,Pre-deployment,Initiated,,,,Government Services (includes Benefits and Service Delivery),,,L0531
2024-1244,2024,USDA,Dynamic Soils Hub,Pilot,Implementation and Assessment,Vendor,Developed with contracting resources.,,Science & Space,,,L0532
2024-1245,2024,USDA,Cover Crop Mapping,Pre-deployment,Acquisition and/or Development,Vendor and in-house,Developed with both contracting and in-house resources.,,Law & Justice,,,L0533
2024-1246,2024,USDA,Planting Date Detection,Pre-deployment,Acquisition and/or Development,Vendor and in-house,Developed with both contracting and in-house resources.,,Law & Justice,,,L0534
2024-1247,2024,USDA,Acreage and Crop Type Validation,Pre-deployment,Acquisition and/or Development,Vendor and in-house,Developed with both contracting and in-house resources.,,Law & Justice,,,L0535
2024-1248,2024,USDA,U.S. Poultry Operations and Populations Dataset,Deployed,Operation and Maintenance,In-house,Developed in-house.,,Emergency Management,,,
2024-1249,2024,USDA,Equine Operations and Populations Dataset for the U.S.,Pre-deployment,Acquisition and/or Development,Vendor and in-house,Developed with both contracting and in-house resources.,,Emergency Management,,,L0536
2024-1250,2024,USDA,NASS - Naggle 2.0 Automated Editing Tool,Pre-deployment,Initiated,,,,Other,,,
2024-1251,2024,USDA,County-level remotely-sensed corn and soybean yield estimation,Deployed,Operation and Maintenance,In-house,Developed in-house.,,Other,,,L0537
2024-1252,2024,USDA,NASSportal Intranet Bot,Pre-deployment,Initiated,,,,Mission-Enabling,,,L1107
2024-1253,2024,USDA,XyloTron/XyloPhone Wood Identification System,Pilot,Implementation and Assessment,In-house,Developed in-house.,,Law & Justice,,,L0538
2024-1254,2024,USDA,Incident Invoice Document Understanding,Pre-deployment,Acquisition and/or Development,Vendor,Developed with contracting resources.,,Mission-Enabling,,,L0539
2024-1255,2024,USDA,Forest disease detection and screening,Pre-deployment,Acquisition and/or Development,In-house,Developed in-house.,,Science & Space,,,L0540
2024-1256,2024,USDA,Use of LLMs for data extraction,Pre-deployment,Initiated,,,,Mission-Enabling,,,L0541
2024-1257,2024,USDA,IPWG Application Survey Analysis,Pre-deployment,Acquisition and/or Development,In-house,Developed in-house.,,Mission-Enabling,,,L0542
2024-1258,2024,USDA,Fire Resilent Landscapes,Pilot,Implementation and Assessment,In-house,Developed in-house.,,Science & Space,,,L1072
2024-1259,2024,USDA,PC Rasterize,Pilot,Implementation and Assessment,In-house,Developed in-house.,,Science & Space,,,L0543
2024-1260,2024,USDA,Spread and Balance Sample Design,Pilot,Implementation and Assessment,In-house,Developed in-house.,,Science & Space,,,L0544
2024-1261,2024,USDA,"Regression, Classification, Clustering with Hilbert Curves",Pilot,Implementation and Assessment,In-house,Developed in-house.,,Science & Space,,,L0545
2024-1262,2024,USDA,"The Big Data, Mapping, and Analytics Platform (BIGMAP) Project",Deployed,Operation and Maintenance,Vendor and in-house,Developed with both contracting and in-house resources.,,Science & Space,,,L0546
2024-1263,2024,USDA,BirdNET to detect bird vocalizations for research and species monitoring,Deployed,Operation and Maintenance,In-house,Developed in-house.,,Science & Space,,,L0547
2024-1264,2024,USDA,Hurricane impact descriptions,Pre-deployment,Acquisition and/or Development,In-house,Developed in-house.,,Mission-Enabling,,,
2024-1265,2024,USDA,Predictive flood modeling,Pre-deployment,Initiated,,,,Transportation,,,L0548
2024-1266,2024,USDA,FuelCast,Deployed,Operation and Maintenance,Vendor and in-house,Developed with both contracting and in-house resources.,,Emergency Management,,,L0549
2024-1267,2024,USDA,R1 Forest Vegetation Modeling,Pre-deployment,Initiated,,,,Energy & the Environment,,,L0550
2024-1268,2024,USDA,ESRI Support Chat Bot,Pre-deployment,Initiated,,,,Science & Space,,,L0551
2024-1269,2024,USDA,Wildlife deterrent system,Pilot,Implementation and Assessment,Vendor,Developed with contracting resources.,,Science & Space,,,L0552
2024-1270,2024,USDA,The Lost Meadows Model,Deployed,Operation and Maintenance,In-house,Developed in-house.,,Energy & the Environment,,,L0553
2024-1271,2024,USDA,Markov random fields,Pre-deployment,Acquisition and/or Development,In-house,Developed in-house.,,Science & Space,,,
2024-1272,2024,USDA,AI for regional forest mapping and monitoring,Deployed,Operation and Maintenance,Vendor,Developed with contracting resources.,,Energy & the Environment,,,L0554
2024-1273,2024,USDA,IOL Focus Group and Survey Sensemaking,Pre-deployment,Initiated,,,,Education & Workforce,,,L0555
2024-1274,2024,USDA,Esri ArcGIS Pro Deep Learning Modules,Deployed,Operation and Maintenance,In-house,Developed in-house.,,Mission-Enabling,,,L0556
2024-1275,2024,USDA,EMC Comment Parsing and Analysis,Pre-deployment,Initiated,,,,Government Services (includes Benefits and Service Delivery),,,
2024-1276,2024,USDA,QUIC-Fire processing and analysis,Pre-deployment,Initiated,,,,Science & Space,,,L0557
2024-1277,2024,USDA,Analysis of prescribed fire turbulence data,Pre-deployment,Acquisition and/or Development,In-house,Developed in-house.,,Science & Space,,,L0558
2024-1278,2024,CFPB,Complaint Summarization,Pre-deployment,Initiated,,,,Mission-Enabling,,,
2024-1279,2024,CFPB,Ask Complaints,Pre-deployment,Initiated,,,,Mission-Enabling,,,
2024-1280,2024,CFPB,Complaint Narrative Redaction,Pre-deployment,Initiated,,,,Mission-Enabling,,,
2024-1281,2024,CFPB,Document Review Tool,Pre-deployment,Initiated,,,,Law & Justice,,,
2024-1282,2024,CFTC,Anomaly Detection for Data Quality,Deployed,Operation and Maintenance,Vendor and in-house,Developed with both contracting and in-house resources.,,Mission-Enabling,,,L0559
2024-1283,2024,CFTC,Spoofing Detection AI/ML Project,Retired,Retired,Vendor and in-house,Developed with both contracting and in-house resources.,,Law & Justice,,,
2024-1284,2024,CFTC,Stress Testing Scenarios with Deep Learning,Pre-deployment,Acquisition and/or Development,Vendor and in-house,Developed with both contracting and in-house resources.,,Mission-Enabling,,,L0560
2024-1285,2024,CFTC,MPD Entity Risk Modeling,Pre-deployment,Initiated,In-house,Developed in-house.,,Mission-Enabling,,,L0561
2024-1286,2024,EAC,Microsoft Copilot Integration,Deployed,Operation and Maintenance,,,,Mission-Enabling,,,
2024-1287,2024,EAC,Clearinghouse Network,Deployed,Operation and Maintenance,,,,Government Services (includes Benefits and Service Delivery),,,
2024-1288,2024,EEOC,Language Translation,Deployed,Operation and Maintenance,,,,Government Services (includes Benefits and Service Delivery),,,
2024-1289,2024,EEOC,Reasonable Accommodation,Deployed,Operation and Maintenance,,,,Government Services (includes Benefits and Service Delivery),,,
2024-1290,2024,EEOC,Virtual Assistants,Deployed,Operation and Maintenance,,,,Government Services (includes Benefits and Service Delivery),,,
2024-1291,2024,EEOC,Employee Training and Professional Development,Deployed,Operation and Maintenance,,,,Education & Workforce,,,
2024-1292,2024,EEOC,Legal Research & Discovery,Deployed,Operation and Maintenance,,,,Law & Justice,,,
2024-1293,2024,EEOC,Records Management,Deployed,Operation and Maintenance,,,,Mission-Enabling,,,
2024-1294,2024,EEOC,FOIA,Deployed,Operation and Maintenance,,,,Mission-Enabling,,,
2024-1295,2024,EEOC,Cybersecurity,Deployed,Operation and Maintenance,,,,Mission-Enabling,,,
2024-1296,2024,FDIC,Invoice and Contract Data Extraction,Pre-deployment,Acquisition and/or Development,Vendor and in-house,Developed with both contracting and in-house resources.,,Mission-Enabling,,,
2024-1297,2024,FDIC,Server Failure Prediction,Pre-deployment,Acquisition and/or Development,,,,Mission-Enabling,,,
2024-1298,2024,FDIC,Plain Language Policy Assistant,Pre-deployment,Initiated,,,,Mission-Enabling,,,L0562
2024-1299,2024,FDIC,Knowledge Article Generation,Pre-deployment,Acquisition and/or Development,,,,Mission-Enabling,,,L0563
2024-1300,2024,FDIC,AI Coding Assistant,Pre-deployment,Initiated,,,,Mission-Enabling,,,
2024-1301,2024,FDIC,Content Creation,Pre-deployment,Initiated,,,,Mission-Enabling,,,
2024-1302,2024,FDIC,Immersive Learning,Pre-deployment,Acquisition and/or Development,Vendor,Developed with contracting resources.,,Mission-Enabling,,,L0564
2024-1303,2024,FDIC,Course Recommendation,Pre-deployment,Initiated,,,,Mission-Enabling,,,
2024-1304,2024,FDIC,Student Monitoring,Pre-deployment,Initiated,,,,Mission-Enabling,,,L0565
2024-1305,2024,FDIC,Plagiarism Detection,Pre-deployment,Initiated,,,,Mission-Enabling,,,L0566
2024-1306,2024,FDIC,Student Outcome Projection,Pre-deployment,Initiated,,,,Mission-Enabling,,,L0567
2024-1307,2024,FDIC,Facilitating Status,Pre-deployment,Initiated,,,,Mission-Enabling,,,L0568
2024-1308,2024,FDIC,AI Assisted Data Collection,Pre-deployment,Acquisition and/or Development,In-house,Developed in-house.,,Other,,,L0569
2024-1309,2024,FDIC,AI Assisted Time Management,Pre-deployment,Initiated,,,,Other,,,L0570
2024-1310,2024,FDIC,Compliance Risk Monitoring,Pre-deployment,Acquisition and/or Development,In-house,Developed in-house.,,Other,,,L0571
2024-1311,2024,FDIC,Analysis of Consumer Complaints,Pre-deployment,Initiated,,,,Other,,,
2024-1312,2024,FDIC,Pre-Examination Planning Monitoring,Deployed,Operation and Maintenance,In-house,Developed in-house.,,Other,,,L0572
2024-1313,2024,FDIC,Einstein Call Center Assistance,Pre-deployment,Initiated,,,,Other,,,
2024-1314,2024,FDIC,HMDA (Home Mortgage Disclosure Act) Outlier Screen,Deployed,Operation and Maintenance,In-house,Developed in-house.,,Other,,,L0573
2024-1315,2024,FDIC,FDIC Deposit Insurance Misrepresentation,Pre-deployment,Initiated,,,,Other,,,L0574
2024-1316,2024,FDIC,Aggregating Complaint Data,Pre-deployment,Initiated,,,,Other,,,
2024-1317,2024,FDIC,Financial Well-Being Project,Retired,Retired,,,,Other,,,L0575
2024-1318,2024,FDIC,Generative Artificial Intelligence (AI) for Legal Research,Pre-deployment,Initiated,,,,Mission-Enabling,,,L0576
2024-1319,2024,FDIC,Outlook Unstructured Text Extraction,Pre-deployment,Initiated,,,,Mission-Enabling,,,
2024-1320,2024,FDIC,Public-Facing ChatBot,Pre-deployment,Initiated,,,,Other,,,
2024-1321,2024,FDIC,Purchase Card Activity Monitoring,Pre-deployment,Initiated,,,,Other,,,
2024-1322,2024,FDIC,AI-driven Workflow Automations to Improve Business Operations,Pre-deployment,Initiated,,,,Mission-Enabling,,,
2024-1323,2024,FDIC,Automatically-Scored Writing Assessment (AWA),Deployed,Operation and Maintenance,Vendor,Developed with contracting resources.,,Mission-Enabling,,,L0577
2024-1324,2024,FDIC,Structured Interview (SI) tool,Pre-deployment,Initiated,,,,Mission-Enabling,,,
2024-1325,2024,FDIC,FDIC Predictive Budget Analysis,Pre-deployment,Initiated,,,,Mission-Enabling,,,L0578
2024-1326,2024,FDIC,CFOO Assessment Chatbot,Pre-deployment,Acquisition and/or Development,In-house,Developed in-house.,,Mission-Enabling,,,
2024-1327,2024,FDIC,Goals and Workload Assumptions,Pre-deployment,Initiated,,,,Mission-Enabling,,,L0579
2024-1328,2024,FDIC,CFOO Admin Chatbot,Deployed,Operation and Maintenance,In-house,Developed in-house.,,Mission-Enabling,,,L0580
2024-1329,2024,FDIC,CFOO Travel Chatbot,Deployed,Operation and Maintenance,In-house,Developed in-house.,,Mission-Enabling,,,L0581
2024-1330,2024,FDIC,CFOO Transactional Data Analysis,Pre-deployment,Initiated,,,,Mission-Enabling,,,L0582
2024-1331,2024,FDIC,FDIC Staffing Model,Pre-deployment,Initiated,,,,Mission-Enabling,,,L0583
2024-1332,2024,FDIC,FDIC Financial Audit Report,Pre-deployment,Initiated,,,,Mission-Enabling,,,L0584
2024-1333,2024,FDIC,Risk Identification and Response,Pre-deployment,Initiated,,,,Mission-Enabling,,,L0585
2024-1334,2024,FDIC,FDIC Narrative Reports Generation,Pilot,Implementation and Assessment,,,,Mission-Enabling,,,
2024-1335,2024,FDIC,FDIC Investment Portfolio Management,Pre-deployment,Initiated,,,,Mission-Enabling,,,L0586
2024-1336,2024,FDIC,Analytics on Loan Data,Pre-deployment,Initiated,,,,Other,,,L0587
2024-1337,2024,FDIC,Analytics on Securities Data,Pre-deployment,Initiated,,,,Other,,,L0588
2024-1338,2024,FDIC,Business Data Extraction from Loan Files,Pre-deployment,Initiated,,,,Other,,,L0589
2024-1339,2024,FDIC,Data Extraction from Security Prospectus,Pre-deployment,Initiated,,,,Other,,,L0590
2024-1340,2024,FDIC,Deposit Insurance Determination,Pre-deployment,Initiated,,,,Other,,,
2024-1341,2024,FDIC,Initial Deposit File Analysis,Pre-deployment,Initiated,,,,Other,,,L0591
2024-1342,2024,FDIC,Owned Real Estate (ORE) Property Appraisal,Pre-deployment,Initiated,,,,Other,,,L0592
2024-1343,2024,FDIC,Trust Document Entity Extraction,Pre-deployment,Acquisition and/or Development,In-house,Developed in-house.,,Other,,,L0593
2024-1344,2024,FDIC,Trust Document Entity Extraction - LLM,Pre-deployment,Initiated,,,,Other,,,L0594
2024-1345,2024,FDIC,Post Examination Survey Comment Analysis,Pre-deployment,Initiated,,,,Other,,,
2024-1346,2024,FDIC,Extracting IT information,Deployed,Operation and Maintenance,,,,Other,,,L0595
2024-1347,2024,FDIC,Transcribing Structured Interviews,Pre-deployment,Acquisition and/or Development,,,,Other,,,L0596
2024-1348,2024,FDIC,New Offsite Models,Pre-deployment,Initiated,,,,Other,,,L0597
2024-1349,2024,FDIC,Document Indexing,Pre-deployment,Initiated,,,,Other,,,
2024-1350,2024,FDIC,eDiscovery Organize & Search,Deployed,Operation and Maintenance,,,,Mission-Enabling,,,
2024-1351,2024,FERC,Leverage AI in the Rulemaking Process Use Case,,,Vendor and in-house,Developed with both contracting and in-house resources.,,Mission-Enabling,,,
2024-1352,2024,FERC,Improve Safety Inspections Use Case,,,,,,Energy & the Environment,,,L0598
2024-1353,2024,FERC,Enhance Market Surveillance and Fraud Detection Use Case,,,,,,Mission-Enabling,,,L0599
2024-1354,2024,FERC,Support Interconnection Request Responses Use Case,,,,,,Energy & the Environment,,,L0600
2024-1355,2024,FHFA,LexisNexis,Pre-deployment,Initiated,,,,Mission-Enabling,,,L0601
2024-1356,2024,FHFA,Neural Networks for FHFA Modeling Analytics Platform (FMAP),Pre-deployment,Acquisition and/or Development,In-house,Developed in-house.,,Mission-Enabling,,,L0602
2024-1357,2024,FHFA,Phishing Email Identification,Pilot,Implementation and Assessment,,,,Mission-Enabling,,,L0603
2024-1358,2024,FHFA,WestLaw,Pre-deployment,Initiated,,,,Mission-Enabling,,,L0604
2024-1359,2024,FHFA,Public Comments Summarization and Topic Classifications Pilot Project,Pre-deployment,Initiated,In-house,Developed in-house.,,Mission-Enabling,,,L0605
2024-1360,2024,FHFA,Virtual Acquisition Office (VAO) Ally,Pilot,Implementation and Assessment,,,,Mission-Enabling,,,L0606
2024-1361,2024,FHFA,"Analytics,, Search, Queries and LLM integration for data management on Oracle",Pre-deployment,Acquisition and/or Development,,,,Mission-Enabling,,,L0607
2024-1362,2024,FHFA,Python modules to support AI/ML,Pilot,Implementation and Assessment,,,,Mission-Enabling,,,L0608
2024-1363,2024,FHFA,R modules to support AI/ML,Pilot,Implementation and Assessment,,,,Mission-Enabling,,,L0609
2024-1364,2024,FHFA,Security and network monitoring using Cisco Identify Services engine,Pilot,Implementation and Assessment,,,,Mission-Enabling,,,L0610
2024-1365,2024,FHFA,Desktop productivity using Microsoft 365,Pilot,Implementation and Assessment,,,,Mission-Enabling,,,
2024-1366,2024,FHFA,Virtual Desktop using Citrix,Pilot,Implementation and Assessment,,,,Mission-Enabling,,,L0611
2024-1367,2024,FHFA,"Analytics, Indexing, and Anomaly Detection for Data Management on SQL Server",Pilot,Implementation and Assessment,,,,Mission-Enabling,,,L0612
2024-1368,2024,FHFA,Workflow automation and predictive analytics using ServiceNow,Pilot,Implementation and Assessment,,,,Mission-Enabling,,,L0613
2024-1369,2024,FHFA,Security and Compliance in file sharing and collaboration using Kiteworks,Pilot,Implementation and Assessment,,,,Mission-Enabling,,,L0614
2024-1370,2024,FHFA,"Network monitoring, anomaly detection through Whats Up Gold and Flowmon integration",Pilot,Implementation and Assessment,,,,Mission-Enabling,,,L0615
2024-1371,2024,FHFA,Mathematical formula transcription using Commonlook Online,Pilot,Implementation and Assessment,,,,Mission-Enabling,,,L0616
2024-1372,2024,FHFA,Mobile Worker Productivity using Apple iOS platform,Deployed,Operation and Maintenance,,,,Mission-Enabling,,,
2024-1373,2024,FRB,Economic Trend Modeling,Deployed,Operation and Maintenance,In-house,Developed in-house.,,Other,,,L0617
2024-1374,2024,FRB,Document Organization Tool,Pre-deployment,Acquisition and/or Development,,,,Mission-Enabling,,,
2024-1375,2024,FRB,PDF Optical Character Recognition (Text),Deployed,Operation and Maintenance,In-house,Developed in-house.,,Other,,,L0618
2024-1376,2024,FRB,PDF Optical Character Recognition (Images),Pre-deployment,Acquisition and/or Development,In-house,Developed in-house.,,Other,,,L0619
2024-1377,2024,FRB,Stock Market Analysis,Pre-deployment,Acquisition and/or Development,In-house,Developed in-house.,,Other,,,L0620
2024-1378,2024,FRB,Earnings Calls Search Tool,Deployed,Operation and Maintenance,,,,Government Services (includes Benefits and Service Delivery),,,
2024-1379,2024,FRB,Incident Reporting Pattern Detection,Pilot,Implementation and Assessment,,,,Mission-Enabling,,,
2024-1380,2024,FRB,Consumer Related Information Classification,Pilot,Implementation and Assessment,In-house,Developed in-house.,,Mission-Enabling,,,
2024-1381,2024,FRB,Commercial Real Estate Index,Deployed,Operation and Maintenance,In-house,Developed in-house.,,Mission-Enabling,,,L0621
2024-1382,2024,FRB,Variable Optimization,Pilot,Implementation and Assessment,In-house,Developed in-house.,,Mission-Enabling,,,L0622
2024-1383,2024,FRB,Credit Fragment Analysis,Pre-deployment,Initiated,In-house,Developed in-house.,,Other,,,L0623
2024-1384,2024,FRB,Cybersecurity Monitoring Tool,Deployed,Operation and Maintenance,,,,Other,,,
2024-1385,2024,FRB,Proposals and Public Comments,Deployed,Operation and Maintenance,In-house,Developed in-house.,,Government Services (includes Benefits and Service Delivery),,,L0624
2024-1386,2024,FRB,Graphic design improvements,Deployed,Operation and Maintenance,,,,Other,,,
2024-1387,2024,FRB,Bank Subsidiary Identification,Pre-deployment,Initiated,In-house,Developed in-house.,,Other,,,
2024-1388,2024,FRB,Manufacturer Sentiment Analysis,Deployed,Operation and Maintenance,In-house,Developed in-house.,,Other,,,L0625
2024-1389,2024,FRB,Supply Chain Estimations,Deployed,Operation and Maintenance,In-house,Developed in-house.,,Other,,,L0626
2024-1390,2024,FRB,Research And Development Analysis,Pre-deployment,Acquisition and/or Development,In-house,Developed in-house.,,Other,,,
2024-1391,2024,FRB,Newsfeed Data Transformations,Deployed,Operation and Maintenance,,,,Mission-Enabling,,,
2024-1392,2024,FRB,Newsfeed Data Processing,Pre-deployment,Acquisition and/or Development,,,,Mission-Enabling,,,
2024-1393,2024,FRB,Body Worn Cameras Data Management System,Pre-deployment,Acquisition and/or Development,,,,Law & Justice,,,L0627
2024-1394,2024,FRB,Market Fund Portfolio,Deployed,Operation and Maintenance,In-house,Developed in-house.,,Other,,,L0628
2024-1395,2024,FRB,Earnings Calls Analysis,Deployed,Operation and Maintenance,,,,Other,,,
2024-1396,2024,FRB,Sentiment Analysis of Earnings Transcripts,Deployed,Operation and Maintenance,In-house,Developed in-house.,,Other,,,L0629
2024-1397,2024,FRB,Anomaly Detection,Deployed,Operation and Maintenance,In-house,Developed in-house.,,Other,,,L0630
2024-1398,2024,FRB,Consumer Complaints Explorer,Deployed,Operation and Maintenance,In-house,Developed in-house.,,Other,,,L0631
2024-1399,2024,FRB,Graphic Design Improvements,Deployed,Operation and Maintenance,,,,Other,,,
2024-1400,2024,FRB,Regulatory Data Analysis,Deployed,Operation and Maintenance,In-house,Developed in-house.,,Other,,,L0632
2024-1401,2024,FRB,Decision Tree for Deposits Data,Pilot,Implementation and Assessment,In-house,Developed in-house.,,Other,,,L0633
2024-1402,2024,FRB,Institutional Profile Dashboard,Deployed,Operation and Maintenance,,,,Education & Workforce,,,
2024-1403,2024,FRB,Novel Activities Call Report Classification,Retired,Retired,In-house,Developed in-house.,,Other,,,L0634
2024-1404,2024,FRB,Financial News Processing,Pilot,Implementation and Assessment,In-house,Developed in-house.,,Mission-Enabling,,,L0635
2024-1405,2024,FRB,Bank Exam Quality Control,Pre-deployment,Acquisition and/or Development,In-house,Developed in-house.,,Mission-Enabling,,,
2024-1406,2024,FRB,Document Summarization Statistics,Deployed,Operation and Maintenance,In-house,Developed in-house.,,Mission-Enabling,,,L0636
2024-1407,2024,FRB,Writing Quality Analysis Model,Pre-deployment,Initiated,In-house,Developed in-house.,,Mission-Enabling,,,L0637
2024-1408,2024,FRB,Comment Review System,Deployed,Operation and Maintenance,In-house,Developed in-house.,,Government Services (includes Benefits and Service Delivery),,,L0638
2024-1409,2024,FRB,Trading Desk Grouping,Pilot,Implementation and Assessment,In-house,Developed in-house.,,Other,,,L0639
2024-1410,2024,FRB,Labor Market Analysis,Deployed,Operation and Maintenance,In-house,Developed in-house.,,Other,,,
2024-1411,2024,FRB,Entity Name Matching Tool,Pre-deployment,Acquisition and/or Development,In-house,Developed in-house.,,Other,,,
2024-1412,2024,FRB,Time Reporting Tool,Pre-deployment,Acquisition and/or Development,,,,Mission-Enabling,,,
2024-1413,2024,FRB,Threshold Monitoring,Pre-deployment,Initiated,,,,Mission-Enabling,,,L0640
2024-1414,2024,FRB,Supply and Demand Tool,Pre-deployment,Initiated,,,,Mission-Enabling,,,L0641
2024-1415,2024,FRB,Outlier Detection,Pre-deployment,Initiated,,,,Mission-Enabling,,,L0642
2024-1416,2024,FRB,Earnings Call Topic Model,Pre-deployment,Initiated,,,,Mission-Enabling,,,L0643
2024-1417,2024,FRB,Bank Performance Monitoring,Pre-deployment,Initiated,,,,Mission-Enabling,,,L0644
2024-1418,2024,FRB,Network management platform,Pilot,Implementation and Assessment,,,,Mission-Enabling,,,
2024-1419,2024,FRB,Bank Exam Quality Control,Pre-deployment,Acquisition and/or Development,In-house,Developed in-house.,,Mission-Enabling,,,
2024-1420,2024,FRB,Recommendation Engine,Deployed,Operation and Maintenance,,,,Government Services (includes Benefits and Service Delivery),,,
2024-1421,2024,FRB,Risk Rating Model- Community Banks,Deployed,Operation and Maintenance,In-house,Developed in-house.,,Government Services (includes Benefits and Service Delivery),,,L0645
2024-1422,2024,FRB,Risk Rating Model,Pilot,Implementation and Assessment,In-house,Developed in-house.,,Government Services (includes Benefits and Service Delivery),,,L0646
2024-1423,2024,FTC,Automatic PSC Classification,Deployed,Operation and Maintenance,Vendor,Developed with contracting resources.,,Other,,,L0647
2024-1424,2024,FTC,Group Duplicate Complaints,Deployed,Operation and Maintenance,Vendor,Developed with contracting resources.,,Other,,,L0648
2024-1425,2024,FTC,Chatbot,Deployed,Operation and Maintenance,Vendor,Developed with contracting resources.,,Government Services (includes Benefits and Service Delivery),,,L0649
2024-1426,2024,FTC,Word Cloud,Deployed,Operation and Maintenance,Vendor,Developed with contracting resources.,,Other,,,L0650
2024-1427,2024,FTC,Graph Analytics,Deployed,Operation and Maintenance,Vendor,Developed with contracting resources.,,Other,,,L0651
2024-1428,2024,FTC,Developer productivity,Pre-deployment,Initiated,Vendor,Developed with contracting resources.,,Other,,,L0652
2024-1429,2024,NARA,AI Pilot Project to Screen and Flag for Personally Identifiable Information (PII) in Digitized Archival Records,Pre-deployment,Acquisition and/or Development,In-house,Developed in-house.,,Mission-Enabling,,,L0653
2024-1430,2024,NARA,Freedom of Information Act (FOIA) Discovery AI Pilot,Pre-deployment,Acquisition and/or Development,In-house,Developed in-house.,,Mission-Enabling,,,L0654
2024-1431,2024,NARA,Auto-fill of Descriptive Metadata for Archival Descriptions,Pre-deployment,Acquisition and/or Development,In-house,Developed in-house.,,Mission-Enabling,,,L0655
2024-1432,2024,NARA,AI based Semantic Search for National Archives Catalog,Pre-deployment,Acquisition and/or Development,In-house,Developed in-house.,,Mission-Enabling,,,L1114
2024-1433,2024,NARA,AI Pilot for National Declassification Center (NDC) at NARA,Pre-deployment,Planned,,,,Mission-Enabling,,,
2024-1434,2024,NARA,Develop a Custom AI Model to Power Generative AI- Capabilities,Pre-deployment,Planned,,,,Mission-Enabling,,,
2024-1435,2024,NARA,Develop a Natural Language Based Chat Interface (like ChatGPT) to Interact With the Archival Documents,Pre-deployment,Planned,,,,Mission-Enabling,,,L0656
2024-1436,2024,NARA,"Topic Summarizer and Entity Extraction using AI
",Pre-deployment,Planned,,,,Mission-Enabling,,,L0657
2024-1437,2024,NARA,Automated Data Discovery and Classification Pilot,Pre-deployment,Planned,,,,Mission-Enabling,,,L0658
2024-1438,2024,NTSB,Voice to text transcription,Pre-deployment,Initiated,,,,Mission-Enabling,,,L0659
2024-1439,2024,NTSB,Semantic Similarity Text Search,Pre-deployment,Initiated,,,,Mission-Enabling,,,L0660
2024-1440,2024,PBGC,Synthetic Data Generation,Pre-deployment,Initiated,Vendor and in-house,Developed with both contracting and in-house resources.,,Other,,,L0661
2024-1441,2024,PBGC,IT Security Monitoring,Pilot,Implementation and Assessment,Vendor and in-house,Developed with both contracting and in-house resources.,,Mission-Enabling,,,L0662
2024-1442,2024,PRC,Lexis +AI,Deployed,Operation and Maintenance,Vendor,Developed with contracting resources.,,Law & Justice,,,
2024-1443,2024,PT,"Productivity and communications including the generation of insights, automation and workflow",Deployed,Operation and Maintenance,,,,Mission-Enabling,,,
2024-1444,2024,PT,Ability to find information through search results and other methods,Deployed,Operation and Maintenance,,,,Mission-Enabling,,,
2024-1445,2024,PT,"Pattern identification, simulations, optimization and forecasting leading to alerts, notifications and reporting",Deployed,Operation and Maintenance,,,,Mission-Enabling,,,
2024-1446,2024,PT,"Scheduling and managing social media posts using AI, including sentiment analysis",Deployed,Operation and Maintenance,,,,Mission-Enabling,,,
2024-1447,2024,PT,Optimized navigation for traffic and other purposes,Deployed,Operation and Maintenance,,,,Mission-Enabling,,,
2024-1448,2024,SEC,Comment Letter Review and Analysis,Pilot,Implementation and Assessment,Vendor and in-house,Developed with both contracting and in-house resources.,,Other,,,L0663
2024-1449,2024,SEC,Forms Filed,Pre-deployment,Initiated,,,,Other,,,L0664
2024-1450,2024,SEC,Federal Acquisition Research Solution,Deployed,Operation and Maintenance,Vendor,Developed with contracting resources.,,Mission-Enabling,,,
2024-1451,2024,SEC,Human Resources Search,Deployed,Operation and Maintenance,Vendor and in-house,Developed with both contracting and in-house resources.,,Mission-Enabling,,,
2024-1452,2024,SEC,8-K Filing Solution,Pre-deployment,Acquisition and/or Development,In-house,Developed in-house.,,Other,,,L0665
2024-1453,2024,SEC,Training Conversation Tool,Pilot,Implementation and Assessment,Vendor,Developed with contracting resources.,,Education & Workforce,,,L0666
2024-1454,2024,SEC,Mobile Phone Artificial Intelligence Features,Pre-deployment,Initiated,,,,Mission-Enabling,,,L0667
2024-1455,2024,SEC,Create Work-Related Videos,Deployed,Operation and Maintenance,Vendor,Developed with contracting resources.,,Other,,,
2024-1456,2024,SEC,CF Staff Review Comments,Pre-deployment,Acquisition and/or Development,In-house,Developed in-house.,,Other,,,L0668
2024-1457,2024,SEC,EDGAR Filing Certification Review Solution,Pilot,Implementation and Assessment,Vendor,Developed with contracting resources.,,Other,,,L0669
2024-1458,2024,SEC,Evaluating Cybersecurity Alerts,Pre-deployment,Initiated,,,,Mission-Enabling,,,L0670
2024-1459,2024,SEC,EDGAR Filing Audit Report Solution,Pilot,Implementation and Assessment,Vendor,Developed with contracting resources.,,Other,,,L0671
2024-1460,2024,SEC,Public Filing Disclosure Review,Pilot,Implementation and Assessment,Vendor,Developed with contracting resources.,,Other,,,
2024-1461,2024,SEC,EDGAR Technical Support Public Chatbot,Pre-deployment,Initiated,,,,Other,,,L0672
2024-1462,2024,SEC,EDGAR Filing Signature Review Solution,Pilot,Implementation and Assessment,Vendor,Developed with contracting resources.,,Other,,,L0673
2024-1463,2024,SEC,EDGAR Filing Risk Disclosure Review Solution,Pilot,Implementation and Assessment,Vendor,Developed with contracting resources.,,Other,,,L0674
2024-1464,2024,SEC,Testing Developer Workflows,Pre-deployment,Initiated,,,,Mission-Enabling,,,L0675
2024-1465,2024,SEC,Exploring AI Products for Enterprise Use,Pre-deployment,Initiated,,,,Mission-Enabling,,,
2024-1466,2024,SEC,Name Matching,Deployed,Operation and Maintenance,Vendor and in-house,Developed with both contracting and in-house resources.,,Other,,,L0676
2024-1467,2024,SEC,Parsing of Plain Language Descriptions to Machine-Readable Notations,Deployed,Operation and Maintenance,Vendor and in-house,Developed with both contracting and in-house resources.,,Other,,,L0677
2024-1468,2024,SEC,Identification of Potentially Manipulative Trading Activity in Registrant Data,Pre-deployment,Acquisition and/or Development,Vendor and in-house,Developed with both contracting and in-house resources.,,Other,,,L0678
2024-1469,2024,SEC,Testing of Various AI Algorithms and Models,Pre-deployment,Initiated,,,,Other,,,L0679
2024-1470,2024,SEC,Using Natural Language Processing Techniques to Search and Analyze Certain Filings,Pre-deployment,Initiated,,,,Other,,,L0680
2024-1471,2024,SEC,Using Machine Learning/Artificial Intelligence Techniques to Predict Entities With Certain Risk Characteristics,Deployed,Operation and Maintenance,Vendor and in-house,Developed with both contracting and in-house resources.,,Other,,,L0681
2024-1472,2024,SEC,Developed Parsing Logic for Filings,Deployed,Operation and Maintenance,Vendor and in-house,Developed with both contracting and in-house resources.,,Other,,,L0682
2024-1473,2024,SEC,Identification of Potentially Manipulative Activity in Certain Accounts,Pilot,Implementation and Assessment,Vendor and in-house,Developed with both contracting and in-house resources.,,Other,,,L0683
2024-1474,2024,SEC,Using AI to Help with Coding-Related Tasks/Questions,Deployed,Operation and Maintenance,In-house,Developed in-house.,,Education & Workforce,,,L0684
2024-1475,2024,SEC,Optical Character Recognition (OCR) for Records Analysis,Deployed,Operation and Maintenance,Vendor and in-house,Developed with both contracting and in-house resources.,,Other,,,L0685
2024-1476,2024,USAGM,Microsoft Copilot for Internal Employees,Pre-deployment,Initiated,,,,Mission-Enabling,,,
2024-1477,2024,USAGM,Automated Transcription Generation,Pre-deployment,Initiated,,,,Mission-Enabling,,,
2024-1478,2024,USAGM,Content Enhancement for Articles,Pre-deployment,Initiated,,,,Mission-Enabling,,,
2024-1479,2024,USAGM,Automated Translations,Pre-deployment,Initiated,,,,Mission-Enabling,,,
2024-1480,2024,USAGM,AI-Powered CMS Guide Agent,Pre-deployment,Planned,,,,Mission-Enabling,,,
2024-1481,2024,USAGM,Content Summarization and Audience Engagement,Pre-deployment,Planned,,,,Mission-Enabling,,,
2024-1482,2024,USAGM,Automated Text Narration,Pre-deployment,Planned,,,,Mission-Enabling,,,
2024-1483,2024,USAGM,Automated Metadata Generation,Pre-deployment,Planned,,,,Mission-Enabling,,,
2024-1484,2024,USCCR,Microsoft Copilot Integration,Deployed,Operation and Maintenance,,,,Mission-Enabling,,,
2024-1485,2024,USCCR,Relativity One,Deployed,Operation and Maintenance,,,,Other,,,
2024-1486,2024,USTDA,Lookout for mobile security,Deployed,Operation and Maintenance,Vendor,Developed with contracting resources.,,Mission-Enabling,,,
2024-1487,2024,USTDA,Qualys Cloud Detection and Response,Deployed,Operation and Maintenance,Vendor,Developed with contracting resources.,,Mission-Enabling,,,
2024-1488,2024,USTDA,Crowdstrike Falcon Threat Detection and Response,Deployed,Operation and Maintenance,Vendor,Developed with contracting resources.,,Mission-Enabling,,,
2024-1489,2024,USTDA,Exiger Due Diligence IQ (“DDIQ”) Research Software,Deployed,Operation and Maintenance,Vendor,Developed with contracting resources.,,Mission-Enabling,,,
2024-1490,2024,VA,Evolv WDS - OSSO,Deployed,Operation and Maintenance,Vendor,Developed with contracting resources.,,Law & Justice,,,L1101
2024-1491,2024,VA,VA Chat Copilot Meta Pilot,Pre-deployment,Acquisition and/or Development,,,,Mission-Enabling (internal agency support),,,L0686
2024-1492,2024,VA,Avigilon Camera/Search Function - OSSO,Deployed,Operation and Maintenance,Vendor,Developed with contracting resources.,,Law & Justice,,,L0687
2024-1493,2024,VA,CareCentra Next Level Personalized AI Health Coach,Pilot,Implementation and Assessment,Vendor and in-house,Developed with both contracting and in-house resources.,,Health & Medical,,,L0688
2024-1494,2024,VA,SafePointe WDS - OSSO,Retired,Retired,Vendor,Developed with contracting resources.,,Law & Justice,,,L0689
2024-1495,2024,VA,GE Xeleris,Deployed,Operation and Maintenance,,,,Health & Medical,,,
2024-1496,2024,VA,Genesys Cloud Contact Center,Pre-deployment,Acquisition and/or Development,,,,Mission-Enabling (internal agency support),,,
2024-1497,2024,VA,Verkada Camera - OSSO,Pre-deployment,Acquisition and/or Development,Vendor,Developed with contracting resources.,,Law & Justice,,,L1089
2024-1498,2024,VA,MRI - GE Signa Artist,Deployed,Operation and Maintenance,,,,Health & Medical,,,
2024-1499,2024,VA,Google Cloud Platform - CCAI / Dialogflow,Pre-deployment,Acquisition and/or Development,,,,Government Services (includes Benefits and Service Delivery),,,L0690
2024-1500,2024,VA,Axon Body Camera and DMS - OSSO,Deployed,Operation and Maintenance,Vendor,Developed with contracting resources.,,Law & Justice,,,L0691
2024-1501,2024,VA,Ultrasound - GE Logic E10,Deployed,Operation and Maintenance,,,,Health & Medical,,,
2024-1502,2024,VA,Smart AI Bot Assistant,Pre-deployment,Initiated,Vendor and in-house,Developed with both contracting and in-house resources.,,Health & Medical,,,L0692
2024-1503,2024,VA,Radiology - Siemens YSIO Max,Deployed,Operation and Maintenance,,,,Health & Medical,,,
2024-1504,2024,VA,Enterprise Precision Scanning and Indexing (EPSI) Next: Enhancing Healthcare Services for Veterans,Pre-deployment,Acquisition and/or Development,,,,Health & Medical,,,
2024-1505,2024,VA,Nursing Proficiency Coach & Nurse Proficiency Evaluator...and beyond!,Pilot,Implementation and Assessment,In-house,Developed in-house.,,Education & Workforce,,,
2024-1506,2024,VA,Parable 3D Wound Care Management System,Deployed,Operation and Maintenance,,,,Health & Medical,,,L0693
2024-1507,2024,VA,VEO Virtual Analyst Proof of Concept,Pre-deployment,Acquisition and/or Development,,,,Government Services (includes Benefits and Service Delivery),,,L0694
2024-1508,2024,VA,GE Portable Critical Care Suite 2.x,Deployed,Operation and Maintenance,Vendor,Developed with contracting resources.,,Health & Medical,,,L0695
2024-1509,2024,VA,Patient Care Systems Integration Program (PCSIP),Pilot,Implementation and Assessment,,,,Health & Medical,,,
2024-1510,2024,VA,Billing Claims Prediction,Pilot,Implementation and Assessment,Vendor,Developed with contracting resources.,,Health & Medical,,,L0696
2024-1511,2024,VA,ScienceLogic Artificial Intelligence Operations (AIOPS) Software Subscriptions with Maintenance and Professional Support Services.,Deployed,Operation and Maintenance,Vendor and in-house,Developed with both contracting and in-house resources.,,Other,,,L0697
2024-1512,2024,VA,ECG/EKG Machines- Interpretation of Results,Deployed,Operation and Maintenance,In-house,Developed in-house.,,Health & Medical,,,L0698
2024-1513,2024,VA,Appointment Comments Categorization,Pre-deployment,Acquisition and/or Development,In-house,Developed in-house.,,Health & Medical,,,L0699
2024-1514,2024,VA,TeraRecon,Deployed,Operation and Maintenance,Vendor,Developed with contracting resources.,,Health & Medical,,,L0700
2024-1515,2024,VA,Ambient AI scribe,Pre-deployment,Initiated,,,,Health & Medical,,,
2024-1516,2024,VA,Pension Optimization Initiative (POI),Deployed,Operation and Maintenance,,,,Government Services (includes Benefits and Service Delivery),,,L0701
2024-1517,2024,VA,Limited Use of Azure Speech Services in PETALS Platform,Pre-deployment,Acquisition and/or Development,Vendor and in-house,Developed with both contracting and in-house resources.,,Health & Medical,,,L0702
2024-1518,2024,VA,Medallia SaaS - VSignals and ESignals,Deployed,Operation and Maintenance,Vendor and in-house,Developed with both contracting and in-house resources.,,Other,,,
2024-1519,2024,VA,AGFA Dose Monitor system,Deployed,Operation and Maintenance,Vendor,Developed with contracting resources.,,Health & Medical,,,
2024-1520,2024,VA,Volpara Imaging Patient Hub,Deployed,Operation and Maintenance,Vendor,Developed with contracting resources.,,Health & Medical,,,
2024-1521,2024,VA,Identity Governance and Administration (IGA),Pre-deployment,Acquisition and/or Development,,,,Mission-Enabling (internal agency support),,,L0703
2024-1522,2024,VA,VET-HOME Contact Center AI,Pre-deployment,Initiated,,,,Health & Medical,,,
2024-1523,2024,VA,Beckam Coulter DxH 800,Deployed,Operation and Maintenance,Vendor,Developed with contracting resources.,,Health & Medical,,,L1081
2024-1524,2024,VA,UIPath Document Understanding,Deployed,Operation and Maintenance,Vendor,Developed with contracting resources.,,Mission-Enabling (internal agency support),,,L0704
2024-1525,2024,VA,Potential Fraud or Waste,Pre-deployment,Initiated,In-house,Developed in-house.,,Mission-Enabling (internal agency support),,,L0705
2024-1526,2024,VA,Roche Digital Pathology,Pre-deployment,Acquisition and/or Development,Vendor,Developed with contracting resources.,,Health & Medical,,,L0706
2024-1527,2024,VA,Activity recognition using wearable sensors for use in closed loop deep brain stimulation systems,Pre-deployment,Acquisition and/or Development,Vendor and in-house,Developed with both contracting and in-house resources.,,Health & Medical,,,L0707
2024-1528,2024,VA,VCA & PPMS Chatbot,Deployed,Operation and Maintenance,,,,Mission-Enabling (internal agency support),,,L0708
2024-1529,2024,VA,AgileMD eCART Clinical Deterioration Model,Deployed,Operation and Maintenance,Vendor,Developed with contracting resources.,,Health & Medical,,,L0709
2024-1530,2024,VA,PINGOO.AI,Pre-deployment,Acquisition and/or Development,Vendor,Developed with contracting resources.,,Health & Medical,,,L0710
2024-1531,2024,VA,Persyst 14 EEG Review And Analysis Software,Deployed,Operation and Maintenance,Vendor,Developed with contracting resources.,,Health & Medical,,,L0711
2024-1532,2024,VA,Computer Aided Detection (CADe) of Neoplasia during Colonoscopy - “GI Genius”,Deployed,Operation and Maintenance,Vendor,Developed with contracting resources.,,Health & Medical,,,L0712
2024-1533,2024,VA,Digizens,Pre-deployment,Acquisition and/or Development,Vendor,Developed with contracting resources.,,Health & Medical,,,L0713
2024-1534,2024,VA,TrueFidelity CT Deep Learning Image Reconstruction,Deployed,Operation and Maintenance,,,,Health & Medical,,,L0714
2024-1535,2024,VA,Pangaea,Pre-deployment,Acquisition and/or Development,Vendor,Developed with contracting resources.,,Health & Medical,,,L0715
2024-1536,2024,VA,AIDOC,Deployed,Operation and Maintenance,Vendor,Developed with contracting resources.,,Health & Medical,,,
2024-1537,2024,VA,Cogitativo,Pre-deployment,Acquisition and/or Development,Vendor,Developed with contracting resources.,,Health & Medical,,,L0716
2024-1538,2024,VA,"Analytics, Data, and Decision Support Unified Platform (ADDSUP)",Deployed,Operation and Maintenance,Vendor,Developed with contracting resources.,,Other,,,L0717
2024-1539,2024,VA,iCAD ProFound AI,Deployed,Operation and Maintenance,Vendor,Developed with contracting resources.,,Health & Medical,,,L0718
2024-1540,2024,VA,VA Section 508 Office URL Ownership Prediction Model,Deployed,Operation and Maintenance,In-house,Developed in-house.,,Mission-Enabling (internal agency support),,,L0719
2024-1541,2024,VA,Circle CVI42,Deployed,Operation and Maintenance,,,,Health & Medical,,,L0720
2024-1542,2024,VA,National Cemetery Administration (NCA) Automated Claims Processing,Deployed,Operation and Maintenance,,,,Government Services (includes Benefits and Service Delivery),,,
2024-1543,2024,VA,VA CART Adenoma Detection NLP,Deployed,Operation and Maintenance,In-house,Developed in-house.,,Health & Medical,,,L1099
2024-1544,2024,VA,Call Center Knowledge Navigator,Pilot,Implementation and Assessment,Vendor,Developed with contracting resources.,,Mission-Enabling (internal agency support),,,L0721
2024-1545,2024,VA,National Training Team | Schools — FAQ Dashboard,Pilot,Implementation and Assessment,Vendor,Developed with contracting resources.,,Mission-Enabling (internal agency support),,,L1080
2024-1546,2024,VA,National Training Team | Schools — FAQ Dashboard,Pre-deployment,Acquisition and/or Development,Vendor,Developed with contracting resources.,,Mission-Enabling (internal agency support),,,
2024-1547,2024,VA,Audit of Service Connection Designations Associated with Prescriptions,Pre-deployment,Acquisition and/or Development,In-house,Developed in-house.,,Government Services (includes Benefits and Service Delivery),,,L1074
2024-1548,2024,VA,PsychCorpCenter,Pre-deployment,Acquisition and/or Development,,,,Health & Medical,,,L0722
2024-1549,2024,VA,ReflexAI,Deployed,Operation and Maintenance,Vendor and in-house,Developed with both contracting and in-house resources.,,Education & Workforce,,,L0723
2024-1550,2024,VA,"Prostate Cancer, Genetic Risk, and Equitable Screening Study (ProGRESS) - Prostate Cancer Risk Prediction Model",Pre-deployment,Acquisition and/or Development,Vendor and in-house,Developed with both contracting and in-house resources.,,Other,,,L0724
2024-1551,2024,VA,"Using AI to enhance/augment classification of reported patient safety events, and to proactively identify patient safety vulnerabilities and potential areas of improvement",Pre-deployment,Initiated,In-house,Developed in-house.,,Mission-Enabling (internal agency support),,,
2024-1552,2024,VA,App feedback model for NLP tasks,Deployed,Operation and Maintenance,Vendor,Developed with contracting resources.,,Health & Medical,,,L0725
2024-1553,2024,VA,TERA Memorandum Automation,Deployed,Operation and Maintenance,,,,Government Services (includes Benefits and Service Delivery),,,L0726
2024-1554,2024,VA,XtractOne,Pre-deployment,Acquisition and/or Development,,,,Law & Justice,,,L0727
2024-1555,2024,VA,Using AI to weekly monitoring of any harms resulting from the use of newly implemented electronic health record system – FEHR across VA,Pre-deployment,Initiated,In-house,Developed in-house.,,Mission-Enabling (internal agency support),,,
2024-1556,2024,VA,Podimetrics,Deployed,Operation and Maintenance,Vendor,Developed with contracting resources.,,Health & Medical,,,L0728
2024-1557,2024,VA,Thematic Analysis of Chief Resident in Quality and Patient Safety (CRQS) Capstone Projects Using BERT Modeling,Pre-deployment,Initiated,In-house,Developed in-house.,,Mission-Enabling (internal agency support),,,
2024-1558,2024,VA,My HealtheVet VSignals Main Improvement Summary,Deployed,Operation and Maintenance,Vendor and in-house,Developed with both contracting and in-house resources.,,Health & Medical,,,L0729
2024-1559,2024,VA,ESD-Speech Sentiment and Analytics,Pre-deployment,Initiated,,,,Mission-Enabling (internal agency support),,,
2024-1560,2024,VA,Privacy Act Automation Services - Disclosure.AI,Pilot,Implementation and Assessment,In-house,Developed in-house.,,Government Services (includes Benefits and Service Delivery),,,
2024-1561,2024,VA,Sentiment analysis for app feedback,Deployed,Operation and Maintenance,Vendor,Developed with contracting resources.,,Health & Medical,,,L0730
2024-1562,2024,VA,ESD-Predictive Intelligence,Pre-deployment,Initiated,In-house,Developed in-house.,,Mission-Enabling (internal agency support),,,L0731
2024-1563,2024,VA,AI Health Coach,Deployed,Operation and Maintenance,Vendor and in-house,Developed with both contracting and in-house resources.,,Health & Medical,,,L0732
2024-1564,2024,VA,Verathon Prime Plus,Deployed,Operation and Maintenance,Vendor and in-house,Developed with both contracting and in-house resources.,,Health & Medical,,,
2024-1565,2024,VA,App Feedback categorization model,Deployed,Operation and Maintenance,Vendor,Developed with contracting resources.,,Health & Medical,,,L0733
2024-1566,2024,VA,LINQ and  LINQ II Loop Recorder,Deployed,Operation and Maintenance,Vendor,Developed with contracting resources.,,Health & Medical,,,
2024-1567,2024,VA,VA.gov Chatbot: Use of AI for summative and/or intent classification of Va.gov content,Deployed,Operation and Maintenance,Vendor and in-house,Developed with both contracting and in-house resources.,,Government Services (includes Benefits and Service Delivery),,,
2024-1568,2024,VA,ZIO PATCH HEART MONITOR,Deployed,Operation and Maintenance,,,,Health & Medical,,,
2024-1569,2024,VA,Caller intent classification using Google Dialogflow (VoiceBot),Pre-deployment,Acquisition and/or Development,,,,Government Services (includes Benefits and Service Delivery),,,
2024-1570,2024,VA,Ordr,Deployed,Operation and Maintenance,,,,Health & Medical,,,
2024-1571,2024,VA,Machine Algorithm for Report Surveillance (MARS),Pre-deployment,Initiated,,,,Health & Medical,,,L0734
2024-1572,2024,VA,Pharmacy AI Managed Inventory System (PHAIMIS),Pre-deployment,Initiated,Vendor and in-house,Developed with both contracting and in-house resources.,,Health & Medical,,,L0735
2024-1573,2024,VA,Silverberry Surgery Planning AI,Pre-deployment,Acquisition and/or Development,Vendor,Developed with contracting resources.,,Health & Medical,,,L0736
2024-1574,2024,VA,ICU CIS/ARK PDF Medical Entity and Clinical Scoring Extraction (PHI 3.5 LLM),Pre-deployment,Acquisition and/or Development,In-house,Developed in-house.,,Health & Medical,,,L0737
2024-1575,2024,VA,BlueTeam AI,Pilot,Implementation and Assessment,,,,Mission-Enabling (internal agency support),,,L0738
2024-1576,2024,VA,"OAWP Investigative, Analytics, and Reporting Capabilities",Pre-deployment,Initiated,,,,Mission-Enabling (internal agency support),,,L1083
2024-1577,2024,VA,Multi-Modal Digital Image Exchange - AI (MDIE-AI),Pre-deployment,Acquisition and/or Development,In-house,Developed in-house.,,Health & Medical,,,L0739
2024-1578,2024,VA,VA Supply Chain Knowledge Management Dashboard,Pre-deployment,Acquisition and/or Development,,,,Mission-Enabling (internal agency support),,,L0740
2024-1579,2024,VA,Clinical outcomes for asynchronous teledermatology,Pre-deployment,Acquisition and/or Development,In-house,Developed in-house.,,Health & Medical,,,
2024-1580,2024,VA,VA TryOpenAI,Pilot,Implementation and Assessment,Vendor,Developed with contracting resources.,,Mission-Enabling (internal agency support),,,
2024-1581,2024,VA,Lyssn for Mental Health,Deployed,Operation and Maintenance,,,,Health & Medical,,,L0741
2024-1582,2024,VA,SOMATOM go.Up; SOMATOM go.Now; SOMATOM go.All; SOMATOM go.Top; SOMATOM go.Sim; SOMATOM go.Open Pro; SOMATOM X.cite; SOMATOM X.ceed,Deployed,Operation and Maintenance,Vendor,Developed with contracting resources.,,Health & Medical,,,L1111
2024-1583,2024,VA,"HCD User Feedback Summary, Analysis, and Design",Deployed,Operation and Maintenance,,,,Health & Medical,,,
2024-1584,2024,VA,3M/Solventum 360 Encompass Computer Assisted Coding - Auto Suggestion,Deployed,Operation and Maintenance,,,,Health & Medical,,,L0742
2024-1585,2024,VA,Vivid iq,Deployed,Operation and Maintenance,Vendor,Developed with contracting resources.,,Health & Medical,,,L0743
2024-1586,2024,VA,Vivid E80/ Vivid E90/ Vivid E95,Deployed,Operation and Maintenance,Vendor,Developed with contracting resources.,,Health & Medical,,,L0744
2024-1587,2024,VA,Payment Redirect Fraud (PRF) Model,Deployed,Operation and Maintenance,Vendor and in-house,Developed with both contracting and in-house resources.,,Government Services (includes Benefits and Service Delivery),,,L0745
2024-1588,2024,VA,"EchoPAC Software Only, EchoPAC Plug-In",Deployed,Operation and Maintenance,Vendor,Developed with contracting resources.,,Health & Medical,,,L0746
2024-1589,2024,VA,Using Partially Observed Markov Decision Process to Implement a Response to Intervention Framework for Veterans with Post-Traumatic Stress Disorder,Pre-deployment,Initiated,In-house,Developed in-house.,,Health & Medical,,,
2024-1590,2024,VA,Microsoft Power Automate and AI,Deployed,Operation and Maintenance,,,,Transportation,,,L0747
2024-1591,2024,VA,IVC Access Transformation Transformative Care Modalities VA Health Connect Using Machine Learning to Evaluate First Contact Resolution (FCR),Pre-deployment,Acquisition and/or Development,Vendor,Developed with contracting resources.,,Health & Medical,,,
2024-1592,2024,VA,ECG system software,Deployed,Operation and Maintenance,,,,Health & Medical,,,L0748
2024-1593,2024,VA,Avicenna ICH,Deployed,Operation and Maintenance,Vendor,Developed with contracting resources.,,Health & Medical,,,
2024-1594,2024,VA,Densitas Density AI,Deployed,Operation and Maintenance,Vendor,Developed with contracting resources.,,Health & Medical,,,L0749
2024-1595,2024,VA,CLARUS,Deployed,Operation and Maintenance,Vendor,Developed with contracting resources.,,Health & Medical,,,L0750
2024-1596,2024,VA,Riverain ClearRead CT,Deployed,Operation and Maintenance,Vendor,Developed with contracting resources.,,Health & Medical,,,L0751
2024-1597,2024,VA,Clinical Key | Elsevier,Pre-deployment,Initiated,,,,Health & Medical,,,L0752
2024-1598,2024,VA,ACS NSQIP Risk Score,Deployed,Operation and Maintenance,,,,Health & Medical,,,L0753
2024-1599,2024,VA,Avicenna LVO,Pilot,Implementation and Assessment,Vendor,Developed with contracting resources.,,Health & Medical,,,L0754
2024-1600,2024,VA,Ysio Max,Deployed,Operation and Maintenance,Vendor,Developed with contracting resources.,,Health & Medical,,,L0755
2024-1601,2024,VA,Transpara Breast Care,Pilot,Implementation and Assessment,Vendor,Developed with contracting resources.,,Health & Medical,,,L0756
2024-1602,2024,VA,"XIDF-AWS801, Angio Workstation (Alphenix Workstation), V9.5",Deployed,Operation and Maintenance,Vendor,Developed with contracting resources.,,Health & Medical,,,L0757
2024-1603,2024,VA,BlackBox Code research,Pre-deployment,Initiated,,,,Mission-Enabling (internal agency support),,,L0758
2024-1604,2024,VA,Synthetic Data Creation,Pre-deployment,Initiated,Vendor,Developed with contracting resources.,,Education & Workforce,,,L0759
2024-1605,2024,VA,Billie GPT,Pre-deployment,Acquisition and/or Development,Vendor and in-house,Developed with both contracting and in-house resources.,,Education & Workforce,,,L0760
2024-1606,2024,VA,X100HT with Slide Loader with Full Field Peripheral Blood Smear (PBS) Application,Deployed,Operation and Maintenance,Vendor,Developed with contracting resources.,,Health & Medical,,,L0761
2024-1607,2024,VA,WRDensity by Whiterabbit.ai,Deployed,Operation and Maintenance,Vendor,Developed with contracting resources.,,Health & Medical,,,L0762
2024-1608,2024,VA,Workflow Box,Deployed,Operation and Maintenance,Vendor,Developed with contracting resources.,,Health & Medical,,,L0763
2024-1609,2024,VA,BTSSS 3542 Review,Pilot,Implementation and Assessment,,,,Government Services (includes Benefits and Service Delivery),,,L0764
2024-1610,2024,VA,Withings Scan Monitor 2.0,Deployed,Operation and Maintenance,Vendor,Developed with contracting resources.,,Health & Medical,,,L0765
2024-1611,2024,VA,HTM-LLM,Pre-deployment,Initiated,In-house,Developed in-house.,,Mission-Enabling (internal agency support),,,
2024-1612,2024,VA,Clinician-Administered PTSD Scale for DSM-5 (CAPS-5) Clinician Training Simulator,Deployed,Operation and Maintenance,Vendor,Developed with contracting resources.,,Education & Workforce,,,L0766
2024-1613,2024,VA,WellDoc BlueStar,Deployed,Operation and Maintenance,Vendor,Developed with contracting resources.,,Health & Medical,,,L0767
2024-1614,2024,VA,Electronic Virtual Assistant (e-VA),Deployed,Operation and Maintenance,Vendor and in-house,Developed with both contracting and in-house resources.,,Government Services (includes Benefits and Service Delivery),,,L0768
2024-1615,2024,VA,WAVE Clinical Platform,Deployed,Operation and Maintenance,Vendor,Developed with contracting resources.,,Health & Medical,,,L0769
2024-1616,2024,VA,"VX1, VX1+",Deployed,Operation and Maintenance,Vendor,Developed with contracting resources.,,Health & Medical,,,L0770
2024-1617,2024,VA,Sybil - Lung Cancer Prediction Model by MIT,Pre-deployment,Acquisition and/or Development,In-house,Developed in-house.,,Health & Medical,,,
2024-1618,2024,VA,eCaremanager (Philips),Deployed,Operation and Maintenance,,,,Health & Medical,,,L0771
2024-1619,2024,VA,VUNO Med-DeepBrain,Deployed,Operation and Maintenance,Vendor,Developed with contracting resources.,,Health & Medical,,,L0772
2024-1620,2024,VA,Policy AId,Pilot,Implementation and Assessment,,,,Mission-Enabling (internal agency support),,,L0773
2024-1621,2024,VA,"Voluson Expert 22, Voluson Expert 20, Voluson Expert 18",Deployed,Operation and Maintenance,Vendor,Developed with contracting resources.,,Health & Medical,,,L0774
2024-1622,2024,VA,Volta AF-Xplorer,Deployed,Operation and Maintenance,Vendor,Developed with contracting resources.,,Health & Medical,,,L0775
2024-1623,2024,VA,Biotronik Home Monitoring System,Pre-deployment,Initiated,,,,Health & Medical,,,L0776
2024-1624,2024,VA,"Synthetic Data Generation:  Experimenting with OpenSource, Third Party and GenAI",Pre-deployment,Initiated,In-house,Developed in-house.,,Other,,,L0777
2024-1625,2024,VA,CareLink Home Monitoring,Pre-deployment,Initiated,,,,Health & Medical,,,L0778
2024-1626,2024,VA,Nuance Dragon Medical One (DMO),Deployed,Operation and Maintenance,,,,Mission-Enabling (internal agency support),,,
2024-1627,2024,VA,Stratification Tool for Opioid Risk Mitigation (STORM) predictive model,Deployed,Operation and Maintenance,In-house,Developed in-house.,,Health & Medical,,,
2024-1628,2024,VA,Vitrea CT Brain Perfusion,Deployed,Operation and Maintenance,Vendor,Developed with contracting resources.,,Health & Medical,,,
2024-1629,2024,VA,Deep-Learning approaches to develop candidate lists of terms for use in text searches,Deployed,Operation and Maintenance,In-house,Developed in-house.,,Health & Medical,,,L0779
2024-1630,2024,VA,Vereos PET/CT,Deployed,Operation and Maintenance,Vendor,Developed with contracting resources.,,Health & Medical,,,L0780
2024-1631,2024,VA,Recovery Engagement and Coordination for Health – Veterans Enhanced Treatment (REACH VET) 1.0 predictive model,Deployed,Operation and Maintenance,In-house,Developed in-house.,,Health & Medical,,,
2024-1632,2024,VA,Venue; Venue Fit; Venue Go,Deployed,Operation and Maintenance,Vendor,Developed with contracting resources.,,Health & Medical,,,
2024-1633,2024,VA,Velacur,Deployed,Operation and Maintenance,Vendor,Developed with contracting resources.,,Health & Medical,,,L0781
2024-1634,2024,VA,2268 Next Generation (2268NextGen),Pilot,Implementation and Assessment,,,,Other,,,L0782
2024-1635,2024,VA,Syngo Application Software,Deployed,Operation and Maintenance,Vendor,Developed with contracting resources.,,Health & Medical,,,L0783
2024-1636,2024,VA,Operationalizing Coronary Artery Calcium Computer Vision Model,Pre-deployment,Acquisition and/or Development,In-house,Developed in-house.,,Health & Medical,,,
2024-1637,2024,VA,Rapid AI,Deployed,Operation and Maintenance,Vendor,Developed with contracting resources.,,Health & Medical,,,L0784
2024-1638,2024,VA,"Spine Planning (2.0), Elements Spine Planning, Elements Planning Spine",Deployed,Operation and Maintenance,Vendor,Developed with contracting resources.,,Health & Medical,,,L0785
2024-1639,2024,VA,VRS Employment Support,Deployed,Operation and Maintenance,,,,Education & Workforce,,,
2024-1640,2024,VA,Classifying the reportability of and extracting cancer diagnosis information from pathology reports or other clinical documents,Pre-deployment,Acquisition and/or Development,,,,Health & Medical,,,
2024-1641,2024,VA,Post discharge 30-day readmission or death prediction model to select patients for expedited postdischarge clinic follow-up.,Pre-deployment,Acquisition and/or Development,In-house,Developed in-house.,,Health & Medical,,,
2024-1642,2024,VA,Using Artificial Intelligence to Predict Suicide,Pre-deployment,Acquisition and/or Development,,,,Health & Medical,,,
2024-1643,2024,VA,RayStation 11B,Deployed,Operation and Maintenance,Vendor,Developed with contracting resources.,,Health & Medical,,,L0786
2024-1644,2024,VA,Identify access to genetic testing in Veterans with breast cancer.,Pre-deployment,Acquisition and/or Development,,,,Health & Medical,,,L0787
2024-1645,2024,VA,Classify clinical pathway for cancer patients,Pre-deployment,Acquisition and/or Development,,,,Health & Medical,,,
2024-1646,2024,VA,Enterprise Command Center - Generative AI,Pre-deployment,Initiated,In-house,Developed in-house.,,Mission-Enabling (internal agency support),,,
2024-1647,2024,VA,Extract patients’ diagnosis information and map the diagnosis to oncotree,Pre-deployment,Acquisition and/or Development,,,,Health & Medical,,,L0788
2024-1648,2024,VA,Adobe Creative Cloud,Deployed,Operation and Maintenance,,,,Health & Medical,,,L0789
2024-1649,2024,VA,QLAB Advanced Quantification Software,Deployed,Operation and Maintenance,Vendor,Developed with contracting resources.,,Health & Medical,,,L0790
2024-1650,2024,VA,"Identify cancer patients symptom burden, including symptoms supported by embedded mental health.",Pre-deployment,Acquisition and/or Development,,,,Health & Medical,,,
2024-1651,2024,VA,Ambulatory heart rhythm monitoring,Deployed,Operation and Maintenance,,,,Health & Medical,,,
2024-1652,2024,VA,Insights Engine,Pre-deployment,Acquisition and/or Development,,,,Mission-Enabling (internal agency support),,,
2024-1653,2024,VA,"Philips EPIQ Diagnostic Ultrasound System, Philips Affiniti Diagnostic Ultrasound System",Deployed,Operation and Maintenance,Vendor,Developed with contracting resources.,,Health & Medical,,,
2024-1654,2024,VA,Glassbeam Clinsights,Pilot,Implementation and Assessment,,,,Health & Medical,,,L0791
2024-1655,2024,VA,VX Insights Hub Agent,Pre-deployment,Acquisition and/or Development,,,,Mission-Enabling (internal agency support),,,L0792
2024-1656,2024,VA,"OPTIS Mobile Next Imaging System, OPTIS Integrated Next Imaging System",Deployed,Operation and Maintenance,Vendor,Developed with contracting resources.,,Health & Medical,,,L0793
2024-1657,2024,VA,Automated Decision Support,Deployed,Operation and Maintenance,Vendor and in-house,Developed with both contracting and in-house resources.,,Government Services (includes Benefits and Service Delivery),,,L0794
2024-1658,2024,VA,Compliance Made Easy (CME) Cloud Optimization,Pre-deployment,Initiated,,,,Other,,,
2024-1659,2024,VA,O-arm O2 Imaging System,Deployed,Operation and Maintenance,Vendor,Developed with contracting resources.,,Health & Medical,,,L0795
2024-1660,2024,VA,Mail Automation Services,Deployed,Operation and Maintenance,Vendor and in-house,Developed with both contracting and in-house resources.,,Government Services (includes Benefits and Service Delivery),,,L0796
2024-1661,2024,VA,NeuroQuant,Deployed,Operation and Maintenance,Vendor,Developed with contracting resources.,,Health & Medical,,,L0797
2024-1662,2024,VA,Master Claims Assistance Tool (M-CAT),Pre-deployment,Acquisition and/or Development,,,,Government Services (includes Benefits and Service Delivery),,,L0798
2024-1663,2024,VA,MAGNETOM Vida; MAGNETOM Lumina; MAGNETOM Aera; MAGNETOM Skyra; MAGNETOM Prisma; MAGNETOM Prisma fit,Deployed,Operation and Maintenance,Vendor,Developed with contracting resources.,,Health & Medical,,,L0799
2024-1664,2024,VA,3D Quorum,Deployed,Operation and Maintenance,,,,Health & Medical,,,L0800
2024-1665,2024,VA,INtuition-Structural Heart Module,Deployed,Operation and Maintenance,Vendor,Developed with contracting resources.,,Health & Medical,,,
2024-1666,2024,VA,Intelligent 2D,Deployed,Operation and Maintenance,,,,Health & Medical,,,L0801
2024-1667,2024,VA,QV CAD,Pre-deployment,Acquisition and/or Development,,,,Health & Medical,,,
2024-1668,2024,VA,FlexLine: Detect patterns and make corrective action recommendations in application and dependency time to mitigation data.,Pre-deployment,Initiated,Vendor and in-house,Developed with both contracting and in-house resources.,,Mission-Enabling (internal agency support),,,
2024-1669,2024,VA,Medical Imaging Auto-segmentation,Deployed,Operation and Maintenance,,,,Health & Medical,,,L0802
2024-1670,2024,VA,FFRangio,Deployed,Operation and Maintenance,Vendor,Developed with contracting resources.,,Health & Medical,,,L0803
2024-1671,2024,VA,Quantra,Deployed,Operation and Maintenance,,,,Health & Medical,,,L0804
2024-1672,2024,VA,VSTOne – AI-Driven Patient Monitoring and Care Delivery,Pre-deployment,Initiated,,,,Health & Medical,,,L0805
2024-1673,2024,VA,Surveillance and Reporting of Suicidal Ideation Assessment in PTSD Specialty Care Clinical Notes using Natural Language Processing (NLP),Pre-deployment,Acquisition and/or Development,In-house,Developed in-house.,,Health & Medical,,,L0806
2024-1674,2024,VA,"FastStroke, CT Perfusion 4D",Deployed,Operation and Maintenance,Vendor,Developed with contracting resources.,,Health & Medical,,,L0807
2024-1675,2024,VA,Koios,Pre-deployment,Acquisition and/or Development,,,,Health & Medical,,,L0808
2024-1676,2024,VA,Evaluation of Autonomous Assistive Feeding System in Spinal Cord Injury Patients,Pre-deployment,Acquisition and/or Development,In-house,Developed in-house.,,Health & Medical,,,
2024-1677,2024,VA,Using AI to read PDFs and parse the information to SharePoint list,Pre-deployment,Initiated,,,,Health & Medical,,,L0809
2024-1678,2024,VA,Discovery MI Gen2,Deployed,Operation and Maintenance,Vendor,Developed with contracting resources.,,Health & Medical,,,L0810
2024-1679,2024,VA,Genius AI,Deployed,Operation and Maintenance,,,,Health & Medical,,,L0811
2024-1680,2024,VA,Implementation of a Severe COVID-19 Risk Prediction Tool,Pre-deployment,Acquisition and/or Development,Vendor and in-house,Developed with both contracting and in-house resources.,,Health & Medical,,,L0812
2024-1681,2024,VA,CVI42,Deployed,Operation and Maintenance,Vendor,Developed with contracting resources.,,Health & Medical,,,L0813
2024-1682,2024,VA,Discharge Predictive Model,Pre-deployment,Acquisition and/or Development,Vendor and in-house,Developed with both contracting and in-house resources.,,Health & Medical,,,L0814
2024-1683,2024,VA,HSRD IIR 19-069 Optimizing Renin Angiotensin System Blocker Use among Veterans with Kidney Disease,Pilot,Implementation and Assessment,In-house,Developed in-house.,,Health & Medical,,,
2024-1684,2024,VA,CT CoPilot,Deployed,Operation and Maintenance,Vendor,Developed with contracting resources.,,Health & Medical,,,L0815
2024-1685,2024,VA,"Cranial Navigation, Navigation Software Cranial, Navigation Software Craniofacial, Cranial EM System, Automatic Registration iMRI",Deployed,Operation and Maintenance,Vendor,Developed with contracting resources.,,Health & Medical,,,L0816
2024-1686,2024,VA,Aquilion ONE (TSX-305A/6) V8.9 With AiCE,Pilot,Implementation and Assessment,,,,Health & Medical,,,
2024-1687,2024,VA,CellaVision DM1200 with the body fluid application,Deployed,Operation and Maintenance,Vendor,Developed with contracting resources.,,Health & Medical,,,L0817
2024-1688,2024,VA,Nediser reports QA,Deployed,Operation and Maintenance,In-house,Developed in-house.,,Health & Medical,,,L0818
2024-1689,2024,VA,"CARTO 3 EP Navigation System Software V8.0 (FG-5400-00, FG-5400-00U)",Deployed,Operation and Maintenance,Vendor,Developed with contracting resources.,,Health & Medical,,,L0819
2024-1690,2024,VA,Care Assessment Needs (CAN) Score,Deployed,Operation and Maintenance,In-house,Developed in-house.,,Health & Medical,,,L0820
2024-1691,2024,VA,Cartesion Prime (PCD-1000A/3) V10.15,Deployed,Operation and Maintenance,Vendor,Developed with contracting resources.,,Health & Medical,,,L0821
2024-1692,2024,VA,VA CART Percutaneous Coronary Intervention SYNTAX Score,Deployed,Operation and Maintenance,In-house,Developed in-house.,,Health & Medical,,,
2024-1693,2024,VA,Cardiac CT Function Software Application,Deployed,Operation and Maintenance,Vendor,Developed with contracting resources.,,Health & Medical,,,L0822
2024-1694,2024,VA,Falls Prediction Tool,Pre-deployment,Acquisition and/or Development,In-house,Developed in-house.,,Government Services (includes Benefits and Service Delivery),,,L1075
2024-1695,2024,VA,VA CART Percutaneous Coronary Intervention Mortality Model,Deployed,Operation and Maintenance,In-house,Developed in-house.,,Health & Medical,,,
2024-1696,2024,VA,Pact Act Co-Pay Exemption Prediction Tool,Pre-deployment,Acquisition and/or Development,In-house,Developed in-house.,,Government Services (includes Benefits and Service Delivery),,,L0823
2024-1697,2024,VA,VA CART Percutaneous Coronary Intervention Nephropathy Model,Deployed,Operation and Maintenance,In-house,Developed in-house.,,Health & Medical,,,
2024-1698,2024,VA,Purchase Order Filing,Deployed,Operation and Maintenance,,,,Mission-Enabling (internal agency support),,,L0824
2024-1699,2024,VA,"Brainlab Elements Image Fusion, Contouring (4.5);Image Fusion (4.5);Fibertracking (2.0);BOLD MRI Mapping (1.0);Image Fusion Angio (1.0)",Deployed,Operation and Maintenance,Vendor,Developed with contracting resources.,,Health & Medical,,,L0825
2024-1700,2024,VA,VA CART Myocardial Ischemia NLP,Deployed,Operation and Maintenance,In-house,Developed in-house.,,Health & Medical,,,L0826
2024-1701,2024,VA,VA CART Ejection Fraction NLP,Pre-deployment,Acquisition and/or Development,In-house,Developed in-house.,,Health & Medical,,,L0827
2024-1702,2024,VA,BioPlex 2200 ANA Screen with Medical Decision Support Software for Use with BioPlex 2200 Multi-Analyte Detection System,Deployed,Operation and Maintenance,Vendor,Developed with contracting resources.,,Health & Medical,,,L0828
2024-1703,2024,VA,VA CART Percutaneous Coronary Intervention Bleeding Risk Model,Deployed,Operation and Maintenance,In-house,Developed in-house.,,Health & Medical,,,
2024-1704,2024,VA,"Biograph Vision, Biograph MCT Family Of PET/CTs",Deployed,Operation and Maintenance,Vendor,Developed with contracting resources.,,Health & Medical,,,L0829
2024-1705,2024,VA,Rythm Express,Pre-deployment,Acquisition and/or Development,Vendor,Developed with contracting resources.,,Health & Medical,,,L0830
2024-1706,2024,VA,AutoContour Model RADAC V3,Deployed,Operation and Maintenance,Vendor,Developed with contracting resources.,,Health & Medical,,,L0831
2024-1707,2024,VA,A computer vision framework (CVF) for the image classification in the Veteran Health Administration (VHA),Pre-deployment,Acquisition and/or Development,In-house,Developed in-house.,,Health & Medical,,,
2024-1708,2024,VA,Github Copilot,Pre-deployment,Initiated,,,,Mission-Enabling (internal agency support),,,
2024-1709,2024,VA,aPROMISE X,Deployed,Operation and Maintenance,Vendor,Developed with contracting resources.,,Health & Medical,,,L0832
2024-1710,2024,VA,AI coding,Pre-deployment,Initiated,,,,Mission-Enabling (internal agency support),,,
2024-1711,2024,VA,"Aplio i900, Aplio i800 and Aplio i700 Software V8.1 Diagnostic Ultrasound System",Deployed,Operation and Maintenance,Vendor,Developed with contracting resources.,,Health & Medical,,,L0833
2024-1712,2024,VA,"Alignment System Cranial, Alignment Software Cranial, Cirq Alignment Software Cranial Biopsy, Cirq Alignment Software Cranial sEEG, Varioguide Alignment Software Cranial",Deployed,Operation and Maintenance,Vendor,Developed with contracting resources.,,Health & Medical,,,L0834
2024-1713,2024,VA,Dental - Dentsply Sirona CERE,Deployed,Operation and Maintenance,,,,Health & Medical,,,L0835
2024-1714,2024,VA,Fusion 2024 (JAWS/ZoomText),Deployed,Operation and Maintenance,,,,Mission-Enabling (internal agency support),,,
2024-1715,2024,VA,"Acumen Hypotension Prediction Index - EV1000 Clinical Platform, Acumen Hypotension Prediction Index - Hemosphere Advanced Monitoring Platform, Acumen Hypotension Prediction Index, Hemosphere Advanced Monitoring Platform - Pressure",Deployed,Operation and Maintenance,Vendor,Developed with contracting resources.,,Health & Medical,,,L0836
2024-1716,2024,VA,Xtract WDS - OSSO,Pre-deployment,Acquisition and/or Development,Vendor,Developed with contracting resources.,,Law & Justice,,,L1095
2024-1717,2024,VA,Transcription Services,Deployed,Operation and Maintenance,In-house,Developed in-house.,,Mission-Enabling,,,
2024-1718,2024,VA,Chatbot within ESMS,Pre-deployment,Acquisition and/or Development,Vendor,Developed with contracting resources.,,Mission-Enabling,,,
2024-1719,2024,TVA,Extreme Load Analysis,Deployed,Operation and Maintenance,In-house,Developed in-house.,,Energy & the Environment,,,L0837
2024-1720,2024,TVA,Materials Intelligent Catalog Assistant,Deployed,Operation and Maintenance,In-house,Developed in-house.,,Energy & the Environment,,,L0838
2024-1721,2024,TVA,Vegetation Management,Deployed,Operation and Maintenance,Vendor,Developed with contracting resources.,,Energy & the Environment,,,L0839
2024-1722,2024,TVA,CAP Automation,Deployed,Operation and Maintenance,In-house,Developed in-house.,,Energy & the Environment,,,L0840
2024-1723,2024,TVA,CR intelligent search,Deployed,Operation and Maintenance,In-house,Developed in-house.,,Energy & the Environment,,,L0841
2024-1724,2024,TVA,Materials tracking,Deployed,Operation and Maintenance,In-house,Developed in-house.,,Energy & the Environment,,,L0842
2024-1725,2024,TVA,Heliviewer,Deployed,Operation and Maintenance,In-house,Developed in-house.,,Energy & the Environment,,,L0843
2024-1726,2024,TVA,ICI camera,Deployed,Operation and Maintenance,In-house,Developed in-house.,,Energy & the Environment,,,L0844
2024-1727,2024,TVA,GET,Deployed,Operation and Maintenance,In-house,Developed in-house.,,Energy & the Environment,,,L0845
2024-1728,2024,TVA,GMET,Deployed,Operation and Maintenance,In-house,Developed in-house.,,Energy & the Environment,,,L0846
2024-1729,2024,TVA,Optiwatt EV Load Model,Deployed,Operation and Maintenance,In-house,Developed in-house.,,Energy & the Environment,,,L0847
2024-1730,2024,TVA,Cold-Weather Heat Pump Model,Deployed,Operation and Maintenance,In-house,Developed in-house.,,Energy & the Environment,,,L0848
2024-1731,2024,TVA,EE/DR Smart Thermostat Impact Model,Deployed,Operation and Maintenance,In-house,Developed in-house.,,Energy & the Environment,,,L0849
2024-1732,2024,TVA,Standard EE/BE Measure Impact Models,Deployed,Operation and Maintenance,In-house,Developed in-house.,,Energy & the Environment,,,L0850
2024-1733,2024,TVA,EnergyRightPSPImpactsForecasting,Deployed,Operation and Maintenance,In-house,Developed in-house.,,Energy & the Environment,,,L0851
2024-1734,2024,TVA,CESASolarModel,Deployed,Operation and Maintenance,In-house,Developed in-house.,,Energy & the Environment,,,L0852
2024-1735,2024,TVA,CESAFCAAllocator,Deployed,Operation and Maintenance,In-house,Developed in-house.,,Energy & the Environment,,,L0853
2024-1736,2024,TVA,EnergyRightDERPortfolioEvaluation,Deployed,Operation and Maintenance,In-house,Developed in-house.,,Energy & the Environment,,,L0854
2024-1737,2024,TVA,Prism Models for MDM,Deployed,Operation and Maintenance,Vendor and in-house,Developed with both contracting and in-house resources.,,Energy & the Environment,,,L0855
2024-1738,2024,TVA,Load Forecasting,Deployed,Operation and Maintenance,Vendor and in-house,Developed with both contracting and in-house resources.,,Energy & the Environment,,,L0856
2024-1739,2024,TVA,ArcGIS,Deployed,Operation and Maintenance,Vendor and in-house,Developed with both contracting and in-house resources.,,Energy & the Environment,,,L0857
2024-1740,2024,TVA,Advanced Network Anomaly Detection,Deployed,Operation and Maintenance,,,,Mission-Enabling,,,L0858
2024-1741,2024,TVA,Security Information and Event Management (SIEM) Alerting Models,Deployed,Operation and Maintenance,,,,Mission-Enabling,,,
2024-1742,2024,TVA,Vulnerability Tracking,Pre-deployment,Initiated,,,,Mission-Enabling,,,
2024-1743,2024,TVA,Advanced Threat Protection,Deployed,Operation and Maintenance,,,,Mission-Enabling,,,
2024-1744,2024,TVA,AI -Driven Adaptive Protection,Deployed,Operation and Maintenance,,,,Mission-Enabling,,,
2024-1745,2024,TVA,Attack Surface Management,Deployed,Operation and Maintenance,,,,Mission-Enabling,,,
2024-1746,2024,TVA,Extended Threat Detection,Deployed,Operation and Maintenance,,,,Mission-Enabling,,,
2024-1747,2024,TVA,Augmented Email Protection,Deployed,Operation and Maintenance,,,,Mission-Enabling,,,
2024-1748,2024,TVA,Natural Reader,Deployed,Operation and Maintenance,,,,Mission-Enabling,,,L0859
2024-1749,2024,TVA,River Forecast,Pre-deployment,Initiated,,,,Mission-Enabling,,,L0860
2024-1750,2024,TVA,Security Operations Enhancement,Deployed,Operation and Maintenance,,,,Mission-Enabling,,,
2024-1751,2024,TVA,Advanced Threat Protection,Deployed,Operation and Maintenance,,,,Mission-Enabling,,,
2024-1752,2024,TVA,Perimeter Defense,Pre-deployment,Acquisition and/or Development,,,,Mission-Enabling,,,L0861
2024-1753,2024,TVA,Intrusion Detection Analysis,Deployed,Operation and Maintenance,,,,Mission-Enabling,,,
2024-1754,2024,TVA,Malware Reverse Engineering,Deployed,Operation and Maintenance,,,,Mission-Enabling,,,
2024-1755,2024,TVA,Threat Intelligence Feed,Deployed,Operation and Maintenance,,,,Mission-Enabling,,,
2024-1756,2024,TVA,AI-Enhanced Search,Deployed,Operation and Maintenance,,,,Mission-Enabling,,,L0862
2024-1757,2024,TVA,Network Anomaly Detection,Deployed,Operation and Maintenance,,,,Mission-Enabling,,,L0863
2024-1758,2024,DOJ,Adobe Suite Applications,Deployed,Operation and Maintenance,,,,Mission-Enabling (internal agency support),,,L0864
2024-1759,2024,DOJ,Airlines Reporting Corporation Travel Intelligence Program,Deployed,Operation and Maintenance,,,,Law & Justice,,,
2024-1760,2024,DOJ,Airship,Deployed,Operation and Maintenance,,,,Law & Justice,,,
2024-1761,2024,DOJ,Alation Data Catalog,Deployed,Operation and Maintenance,,,,Mission-Enabling (internal agency support),,,L0865
2024-1762,2024,DOJ,Axon FUSUS (via HIDTA partners),Deployed,Operation and Maintenance,,,,Law & Justice,,,L0866
2024-1763,2024,DOJ,Azure Data Factory,Pre-deployment,Acquisition and/or Development,,,,Other,,,L0867
2024-1764,2024,DOJ,Azure Zen 2 Storage,Pre-deployment,Acquisition and/or Development,,,,Other,,,L0868
2024-1765,2024,DOJ,Bloomberg Government - AKA BGOV,Deployed,Operation and Maintenance,,,,Mission-Enabling (internal agency support),,,
2024-1766,2024,DOJ,CargoNet,Deployed,Operation and Maintenance,,,,Law & Justice,,,L0869
2024-1767,2024,DOJ,CellHawk (via HIDTA partners),Deployed,Operation and Maintenance,,,,Law & Justice,,,L1071
2024-1768,2024,DOJ,Coinbase,Deployed,Operation and Maintenance,,,,Law & Justice,,,L0870
2024-1769,2024,DOJ,Digital.ai,Pre-deployment,Acquisition and/or Development,,,,Mission-Enabling (internal agency support),,,L0871
2024-1770,2024,DOJ,DocketScope,Deployed,Operation and Maintenance,,,,Mission-Enabling (internal agency support),,,
2024-1771,2024,DOJ,Dun & Bradstreet Business Establishments Data,Deployed,Operation and Maintenance,,,,Law & Justice,,,L0872
2024-1772,2024,DOJ,Evidence.com - Axon,Deployed,Operation and Maintenance,,,,Law & Justice,,,
2024-1773,2024,DOJ,Federal Docket Management System,Deployed,Operation and Maintenance,,,,Mission-Enabling (internal agency support),,,L0873
2024-1774,2024,DOJ,FINDER,Deployed,Operation and Maintenance,,,,Law & Justice,,,L0874
2024-1775,2024,DOJ,First Two,Deployed,Operation and Maintenance,,,,Law & Justice,,,L0875
2024-1776,2024,DOJ,LexisNexis Accurint,Deployed,Operation and Maintenance,,,,Law & Justice,,,L0876
2024-1777,2024,DOJ,LexisNexis Babel Street,Deployed,Operation and Maintenance,,,,Law & Justice,,,L0877
2024-1778,2024,DOJ,Mark43 Public Safety Records,Deployed,Operation and Maintenance,,,,Law & Justice,,,L0878
2024-1779,2024,DOJ,National Insurance Crime Bureau ISO ClaimSearch,Deployed,Operation and Maintenance,,,,Law & Justice,,,L0879
2024-1780,2024,DOJ,OBR Indexing,Pre-deployment,Acquisition and/or Development,,,,Law & Justice,,,
2024-1781,2024,DOJ,Operational Planning Analytics Risk Management Solution (OPARMS),Pre-deployment,Acquisition and/or Development,,,,Law & Justice,,,L0880
2024-1782,2024,DOJ,Palantir (via access to external state LE system),Deployed,Operation and Maintenance,,,,Law & Justice,,,L0881
2024-1783,2024,DOJ,PowerBI Premium,Pre-deployment,Acquisition and/or Development,,,,Other,,,
2024-1784,2024,DOJ,ServiceNow,Deployed,Operation and Maintenance,,,,Mission-Enabling (internal agency support),,,L0882
2024-1785,2024,DOJ,ShotSpotter (via access to external state/local systems),Deployed,Operation and Maintenance,,,,Law & Justice,,,L0883
2024-1786,2024,DOJ,Southwest Border Transaction Record Analysis Center (SWBTRAC),Deployed,Operation and Maintenance,,,,Law & Justice,,,L0884
2024-1787,2024,DOJ,Spokeo,Deployed,Operation and Maintenance,,,,Law & Justice,,,L0885
2024-1788,2024,DOJ,Thomson Reuters CLEAR,Deployed,Operation and Maintenance,,,,Law & Justice,,,L0886
2024-1789,2024,DOJ,TransUnion TLOxp Online Investigative Services,Deployed,Operation and Maintenance,,,,Law & Justice,,,L0887
2024-1790,2024,DOJ,Veritone Redact,Deployed,Operation and Maintenance,,,,Mission-Enabling (internal agency support),,,L0888
2024-1791,2024,DOJ,Whooster,Deployed,Operation and Maintenance,,,,Law & Justice,,,L0889
2024-1792,2024,DOJ,Flock LPR (via HIDTA partners),Deployed,Operation and Maintenance,,,,Law & Justice,,,
2024-1793,2024,DOJ,ELSAG - Leonardo (via HIDTA partners),Deployed,Operation and Maintenance,,,,Law & Justice,,,L0890
2024-1794,2024,DOJ,Motorola Solutions - Vigilant-LEARN,Deployed,Operation and Maintenance,,,,Law & Justice,,,
2024-1795,2024,DOJ,Thomson Reuters - Vigilant Vehicle Manager,Deployed,Operation and Maintenance,,,,Law & Justice,,,L0891
2024-1796,2024,DOJ,"Veritone Illuminate - Video/Audio-to-Text Translation
Machine Language Translation",Deployed,Operation and Maintenance,,,,Law & Justice,,,
2024-1797,2024,DOJ,"SAS (Forecasting, predictive analytics, data/statistical analysis)",Pre-deployment,Acquisition and/or Development,,,,Law & Justice,,,L0892
2024-1798,2024,DOJ,"R (Forecasting, predictive analytics, data/statistical analysis)",Pilot,Implementation and Assessment,,,,Law & Justice,,,L0893
2024-1799,2024,DOJ,"Stata (Forecasting, predictive analytics, data/statistical analysis)",Pilot,Implementation and Assessment,,,,Law & Justice,,,L0894
2024-1800,2024,DOJ,"Matlab (Forecasting, predictive analytics, data/statistical analysis)",Pilot,Implementation and Assessment,,,,Law & Justice,,,L0895
2024-1801,2024,DOJ,"Databricks (Forecasting, predictive analytics, data/statistical analysis)",Pilot,Implementation and Assessment,,,,Law & Justice,,,L0896
2024-1802,2024,DOJ,Salesforce,Pre-deployment,Initiated,,,,Government Services (includes Benefits and Service Delivery),,,L0897
2024-1803,2024,DOJ,ChatBot,Deployed,Operation and Maintenance,,,,Government Services (includes Benefits and Service Delivery),,,L0898
2024-1804,2024,DOJ,BMC Helix ITSM,Pre-deployment,Initiated,,,,Mission-Enabling (internal agency support),,,L0899
2024-1805,2024,DOJ,Thomson Reuters CLEAR - License Plate Recognition,Deployed,Operation and Maintenance,,,,Law & Justice,,,L0900
2024-1806,2024,DOJ,Clearview AI,Retired,Retired,,,,Law & Justice,,,
2024-1807,2024,DOJ,Veritone,Deployed,Operation and Maintenance,,,,Law & Justice,,,L0901
2024-1808,2024,DOJ,ArcGIS,Pre-deployment,Acquisition and/or Development,,,,Law & Justice,,,
2024-1809,2024,DOJ,AWS/cloud.gov -  Network Routing,Pre-deployment,Acquisition and/or Development,,,,Mission-Enabling (internal agency support),,,L0902
2024-1810,2024,DOJ,Azure Platform/Tools - Network Routing,Pre-deployment,Acquisition and/or Development,,,,Mission-Enabling (internal agency support),,,L0903
2024-1811,2024,DOJ,Camtasia - Auto Captioning,Pre-deployment,Acquisition and/or Development,,,,Mission-Enabling (internal agency support),,,
2024-1812,2024,DOJ,Cloudflare Turnstile,Deployed,Operation and Maintenance,,,,Mission-Enabling (internal agency support),,,L0904
2024-1813,2024,DOJ,Dragon,Deployed,Operation and Maintenance,,,,Mission-Enabling (internal agency support),,,L0905
2024-1814,2024,DOJ,Evidence.com - Axon,Deployed,Operation and Maintenance,,,,Law & Justice,,,
2024-1815,2024,DOJ,Zoom - Auto Captioning,Pre-deployment,Acquisition and/or Development,,,,Mission-Enabling (internal agency support),,,
2024-1816,2024,DOJ,DEA Drug Signature Program Models,Deployed,Operation and Maintenance,,,,Law & Justice,,,L0906
2024-1817,2024,DOJ,LPR 1,Deployed,Operation and Maintenance,,,,Law & Justice,,,
2024-1818,2024,DOJ,LPR 2,Deployed,Operation and Maintenance,,,,Law & Justice,,,
2024-1819,2024,DOJ,LPR 3,Deployed,Operation and Maintenance,,,,Law & Justice,,,
2024-1820,2024,DOJ,LPR 4,Deployed,Operation and Maintenance,,,,Law & Justice,,,
2024-1821,2024,DOJ,Friction Ridge Print Comparisons,Pre-deployment,Initiated,,,,Law & Justice,,,L0907
2024-1822,2024,DOJ,Automated Count of Items in Photos,Pre-deployment,Initiated,,,,Law & Justice,,,L0908
2024-1823,2024,DOJ,Body Worn Camera (BWC) Audio-Video Software AI Tools,Deployed,Operation and Maintenance,,,,Law & Justice,,,L0909
2024-1824,2024,DOJ,Supply Chain Analytics,Deployed,Operation and Maintenance,,,,Law & Justice,,,L0910
2024-1825,2024,DOJ,Data & Analytics Tools: Publicly-Available 1,Deployed,Operation and Maintenance,,,,Law & Justice,,,
2024-1826,2024,DOJ,Data & Analytics Tools: Publicly-Available 2,Deployed,Operation and Maintenance,,,,Law & Justice,,,
2024-1827,2024,DOJ,Data & Analytics Tools: Publicly-Available 3,Deployed,Operation and Maintenance,,,,Law & Justice,,,
2024-1828,2024,DOJ,Data & Analytics Tools: Publicly-Available 4,Deployed,Operation and Maintenance,,,,Law & Justice,,,
2024-1829,2024,DOJ,Data & Analytics Tools: Publicly-Available 5,Deployed,Operation and Maintenance,,,,Law & Justice,,,
2024-1830,2024,DOJ,Data & Analytics Tools: Publicly-Available 6,Deployed,Operation and Maintenance,,,,Law & Justice,,,
2024-1831,2024,DOJ,Data & Analytics Tools: Publicly-Available 7,Deployed,Operation and Maintenance,,,,Law & Justice,,,
2024-1832,2024,DOJ,Data & Analytics Tools: Publicly-Available 8,Deployed,Operation and Maintenance,,,,Law & Justice,,,
2024-1833,2024,DOJ,Data & Analytics Tools: Publicly-Available 9,Deployed,Operation and Maintenance,,,,Law & Justice,,,
2024-1834,2024,DOJ,Data & Analytics Tools: Publicly-Available 10,Deployed,Operation and Maintenance,,,,Law & Justice,,,
2024-1835,2024,DOJ,Data & Analytics Tools: Publicly-Available 11,Deployed,Operation and Maintenance,,,,Law & Justice,,,
2024-1836,2024,DOJ,Data & Analytics Tools: Publicly-Available 12,Deployed,Operation and Maintenance,,,,Law & Justice,,,
2024-1837,2024,DOJ,Data & Analytics: Chemistry Instrument Library,Deployed,Operation and Maintenance,,,,Law & Justice,,,L0911
2024-1838,2024,DOJ,Data & Analytics: Gunshot Detection System,Deployed,Operation and Maintenance,,,,Law & Justice,,,L0912
2024-1839,2024,DOJ,Data & Analytics: Financial and Cryptocurrency Transactions 1,Deployed,Operation and Maintenance,,,,Law & Justice,,,
2024-1840,2024,DOJ,Data & Analytics: Financial and Cryptocurrency Transactions 2,Deployed,Operation and Maintenance,,,,Law & Justice,,,
2024-1841,2024,DOJ,Data & Analytics: Financial and Cryptocurrency Transactions 3,Deployed,Operation and Maintenance,,,,Law & Justice,,,
2024-1842,2024,DOJ,Controlled Substances Act (CSA): Automation of Reports and Consolidated Orders System (ARCOS) Data Summarization,Deployed,Operation and Maintenance,,,,Law & Justice,,,L0913
2024-1843,2024,DOJ,Controlled Substances Act (CSA): Transaction Data Ranking,Deployed,Operation and Maintenance,,,,Law & Justice,,,L0914
2024-1844,2024,DOJ,PenLink PLX,Pre-deployment,Acquisition and/or Development,,,,Law & Justice,,,
2024-1845,2024,DOJ,Generative AI / Large Language Model: Call Center Management and Service Delivery Support (Salesforce),Pre-deployment,Acquisition and/or Development,,,,Government Services (includes Benefits and Service Delivery),,,
2024-1846,2024,DOJ,Generative AI R&D Sandbox,Pre-deployment,Initiated,,,,Mission-Enabling (internal agency support),,,L0915
2024-1847,2024,DOJ,Instructional System Design Online Courses,Pre-deployment,Acquisition and/or Development,,,,Law & Justice,,,L0916
2024-1848,2024,DOJ,Drone Technology,Deployed,Operation and Maintenance,,,,Law & Justice,,,
2024-1849,2024,DOJ,Nuclear Magnetic Resonance (NMR) Spectra Prediction,Pre-deployment,Acquisition and/or Development,,,,Law & Justice,,,L0917
2024-1850,2024,DOJ,Automated Services and Application Monitoring,Deployed,Operation and Maintenance,,,,Law & Justice,,,L1076
2024-1851,2024,DOJ,Controlled Substance Act (CSA): Retired Data Use Case (Hawk.ai),Retired,Retired,,,,Law & Justice,,,
2024-1852,2024,DOJ,Generative AI / Large Language Model: Public Comment Summarization and Categorization (Docketscope),Deployed,Operation and Maintenance,,,,Mission-Enabling (internal agency support),,,
2024-1853,2024,DOJ,FedRAMP Authorized Cloud Environment (AWS),Pre-deployment,Acquisition and/or Development,,,,Law & Justice,,,
2024-1854,2024,DOJ,State Regional and Federal Enterprise Retrieval System (SRFERS): DOJ National Institute of Justice (NIJ),Deployed,Operation and Maintenance,,,,Law & Justice,,,
2024-1855,2024,DOJ,Bloomberg (AI Assisted Legal Research),Pre-deployment,Initiated,,,,Law & Justice,,,L0918
2024-1856,2024,DOJ,BriefCatch,Deployed,Operation and Maintenance,,,,Law & Justice,,,L0919
2024-1857,2024,DOJ,Cybersecurity Defense Tools,Deployed,Operation and Maintenance,,,,Mission-Enabling (internal agency support),,,L0920
2024-1858,2024,DOJ,eLitigation Tools,Deployed,Operation and Maintenance,,,,Law & Justice,,,L0921
2024-1859,2024,DOJ,Digital Forensics,Deployed,Operation and Maintenance,,,,Law & Justice,,,L0922
2024-1860,2024,DOJ,General Web Search,Deployed,Operation and Maintenance,,,,Mission-Enabling (internal agency support),,,
2024-1861,2024,DOJ,LexisNexis (AI assisted legal research),Deployed,Operation and Maintenance,,,,Law & Justice,,,L0923
2024-1862,2024,DOJ,Percipio Skillsoft CAISY,Pre-deployment,Initiated,,,,Education & Workforce,,,
2024-1863,2024,DOJ,ServiceNow,Deployed,Operation and Maintenance,,,,Mission-Enabling (internal agency support),,,
2024-1864,2024,DOJ,ThomsonReuters CLEAR (AI assisted legal research),Deployed,Operation and Maintenance,,,,Mission-Enabling (internal agency support),,,
2024-1865,2024,DOJ,Westlaw (AI assisted legal research),Deployed,Operation and Maintenance,,,,Mission-Enabling (internal agency support),,,L0924
2024-1866,2024,DOJ,ArcGIS,Pre-deployment,Acquisition and/or Development,,,,Law & Justice,,,
2024-1867,2024,DOJ,Parallel Search from CaseText,Deployed,Operation and Maintenance,,,,Law & Justice,,,L0925
2024-1868,2024,DOJ,Qualtrics,Pre-deployment,Acquisition and/or Development,,,,Mission-Enabling (internal agency support),,,L0926
2024-1869,2024,DOJ,SimplyFile,Deployed,Operation and Maintenance,,,,Mission-Enabling (internal agency support),,,L0927
2024-1870,2024,DOJ,Veritone,Pre-deployment,Acquisition and/or Development,,,,Law & Justice,,,L1065
2024-1871,2024,DOJ,Zoom,Deployed,Operation and Maintenance,,,,Mission-Enabling (internal agency support),,,
2024-1872,2024,DOJ,Critical Mention,Deployed,Operation and Maintenance,,,,Law & Justice,,,L0928
2024-1873,2024,DOJ,Evidence.com - Axon,Deployed,Operation and Maintenance,,,,Law & Justice,,,
2024-1874,2024,DOJ,Flashpoint Ignite,Deployed,Operation and Maintenance,,,,Law & Justice,,,L0929
2024-1875,2024,DOJ,Veriato - Insider Threat Management and User Activity Monitoring,Deployed,Operation and Maintenance,,,,Law & Justice,,,L1093
2024-1876,2024,DOJ,Object Classification Tool - Field Office Security Camera,Deployed,Operation and Maintenance,,,,Law & Justice,,,L0930
2024-1877,2024,DOJ,"Data and Analytics: Data Synthesis, Filtering, and Linking (Procurement ID: 15F06722C0000258 )",Deployed,Operation and Maintenance,,,,Law & Justice,,,
2024-1878,2024,DOJ,Facial Recognition Technology (Procurement ID: 15F06723P0001356 ),Deployed,Operation and Maintenance,,,,Law & Justice,,,
2024-1879,2024,DOJ,Document Text Extraction and Language Translation Tool,Deployed,Operation and Maintenance,,,,Law & Justice,,,
2024-1880,2024,DOJ,License Plate Reader 1,Deployed,Operation and Maintenance,,,,Law & Justice,,,L0931
2024-1881,2024,DOJ,Enterprise Telecommunications Information System,Deployed,Operation and Maintenance,,,,Mission-Enabling (internal agency support),,,L0932
2024-1882,2024,DOJ,Facial Recognition Technology and Data Mapping Tools - 1 (Procurement ID: 15F06720P0001515),Deployed,Operation and Maintenance,,,,Law & Justice,,,
2024-1883,2024,DOJ,Human Language Extraction and Translation Technology,Deployed,Operation and Maintenance,,,,Mission-Enabling (internal agency support),,,L0933
2024-1884,2024,DOJ,Attrition and Background Models Capability,Deployed,Operation and Maintenance,,,,Other,,,L0934
2024-1885,2024,DOJ,Audio and Video Recording Management Tool (Procurement ID: 15F06724F0002009),Pilot,Implementation and Assessment,,,,Mission-Enabling (internal agency support),,,
2024-1886,2024,DOJ,License Plate Reader 2 (Procurement ID: 15F06720P0001767D),Deployed,Operation and Maintenance,,,,Law & Justice,,,
2024-1887,2024,DOJ,"License Plate Reader 3 
(APP-00325)",Deployed,Operation and Maintenance,,,,Law & Justice,,,
2024-1888,2024,DOJ,National Crime Information Center,Pre-deployment,Acquisition and/or Development,,,,Law & Justice,,,L0935
2024-1889,2024,DOJ,National Data Exchange,Deployed,Operation and Maintenance,,,,Law & Justice,,,L0936
2024-1890,2024,DOJ,National Instant Criminal Background Check System,Deployed,Operation and Maintenance,,,,Law & Justice,,,L0937
2024-1891,2024,DOJ,Next Generation Identification (NGI),Deployed,Operation and Maintenance,,,,Law & Justice,,,L1090
2024-1892,2024,DOJ,TIPS,Deployed,Operation and Maintenance,,,,Law & Justice,,,L0938
2024-1893,2024,DOJ,Facial Recognition Technology and Data Mapping Tools - 2 (Procurement ID: 15F06720P0001275),Deployed,Operation and Maintenance,,,,Law & Justice,,,
2024-1894,2024,DOJ,Autonomous Detection and Monitoring (Procurement ID: 15F06721P0002431),Deployed,Operation and Maintenance,,,,Law & Justice,,,
2024-1895,2024,DOJ,Adobe Acrobat,Deployed,Operation and Maintenance,,,,Law & Justice,,,
2024-1896,2024,DOJ,ahrefs,Retired,Retired,,,,Mission-Enabling (internal agency support),,,
2024-1897,2024,DOJ,aifreebox.com,Retired,Retired,,,,Mission-Enabling (internal agency support),,,
2024-1898,2024,DOJ,ASCVD (Atherosclerotic Cardiovascular Disease) Risk Estimator,Pre-deployment,Initiated,,,,Health & Medical,,,L0939
2024-1899,2024,DOJ,Automated Medication Dispensing Cabinet (Pyxis),Deployed,Operation and Maintenance,,,,Health & Medical,,,L1096
2024-1900,2024,DOJ,Automated Staffing Tool,Pilot,Implementation and Assessment,,,,Law & Justice,,,L0940
2024-1901,2024,DOJ,Aztec Learning Software,Deployed,Operation and Maintenance,,,,Education & Workforce,,,L0941
2024-1902,2024,DOJ,BRAVO Classification,Deployed,Operation and Maintenance,,,,Law & Justice,,,L0942
2024-1903,2024,DOJ,Building Automation Systems,Deployed,Operation and Maintenance,,,,Law & Justice,,,L0943
2024-1904,2024,DOJ,ChatGPT,Retired,Retired,,,,Mission-Enabling (internal agency support),,,
2024-1905,2024,DOJ,Community Treatment Pipeline Screening,Deployed,Operation and Maintenance,,,,Health & Medical,,,L0944
2024-1906,2024,DOJ,Descript,Pre-deployment,Initiated,,,,Mission-Enabling (internal agency support),,,L0945
2024-1907,2024,DOJ,Federal Bureau of Prisons Inmate Population Projections,Retired,Retired,,,,Law & Justice,,,
2024-1908,2024,DOJ,Gemini,Retired,Retired,,,,Mission-Enabling (internal agency support),,,
2024-1909,2024,DOJ,Google Translate,Deployed,Operation and Maintenance,,,,Mission-Enabling (internal agency support),,,L0946
2024-1910,2024,DOJ,Grammarly,Retired,Retired,,,,Mission-Enabling (internal agency support),,,
2024-1911,2024,DOJ,InterQual,Deployed,Operation and Maintenance,,,,Health & Medical,,,L0947
2024-1912,2024,DOJ,Medical Claims Adjudication,Pilot,Implementation and Assessment,,,,Health & Medical,,,L0948
2024-1913,2024,DOJ,Medical Designations Calculator,Deployed,Operation and Maintenance,,,,Health & Medical,,,L0949
2024-1914,2024,DOJ,NLETs Arrest Classification,Deployed,Operation and Maintenance,,,,Law & Justice,,,L0950
2024-1915,2024,DOJ,Pathfinder,Pilot,Implementation and Assessment,,,,Education & Workforce,,,L0951
2024-1916,2024,DOJ,Prisoner Assessment Tool Targeting Estimated Risk and Needs (PATTERN),Deployed,Operation and Maintenance,,,,Law & Justice,,,L0952
2024-1917,2024,DOJ,Psychological Test Interpretation - Pearson Assessments,Deployed,Operation and Maintenance,,,,Health & Medical,,,L0953
2024-1918,2024,DOJ,reCAPTCHA,Deployed,Operation and Maintenance,,,,Law & Justice,,,L0954
2024-1919,2024,DOJ,Static-99 Sex Offender Data System (SODS),Deployed,Operation and Maintenance,,,,Law & Justice,,,L0955
2024-1920,2024,DOJ,The R Project for Statistical Computing,Deployed,Operation and Maintenance,,,,Law & Justice,,,L0956
2024-1921,2024,DOJ,Thomson Reuters Drafting Assistant Tool for MS Word,Deployed,Operation and Maintenance,,,,Law & Justice,,,L0957
2024-1922,2024,DOJ,"TruNarc, Smiths Detection",Deployed,Operation and Maintenance,,,,Law & Justice,,,L1073
2024-1923,2024,DOJ,Trunet Systems,Deployed,Operation and Maintenance,,,,Law & Justice,,,L0958
2024-1924,2024,DOJ,Truview,Deployed,Operation and Maintenance,,,,Law & Justice,,,L0959
2024-1925,2024,DOJ,UAS Threat Detector,Deployed,Operation and Maintenance,,,,Law & Justice,,,L0960
2024-1926,2024,DOJ,UpToDate,Deployed,Operation and Maintenance,,,,Health & Medical,,,L0961
2024-1927,2024,DOJ,Veritone,Deployed,Operation and Maintenance,,,,Mission-Enabling (internal agency support),,,
2024-1928,2024,DOJ,Wellsaid,Pre-deployment,Initiated,,,,Mission-Enabling (internal agency support),,,L0962
2024-1929,2024,DOJ,Perimeter Detection Fence,Deployed,Operation and Maintenance,,,,Law & Justice,,,L1109
2024-1930,2024,DOJ,Exiger Supply Chain Risk Management - DDIQ Research Engine,Deployed,Operation and Maintenance,,,,Mission-Enabling (internal agency support),,,L0963
2024-1931,2024,DOJ,Exiger Supply Chain Risk Management - DDIQ Due Diligence Analytics,Deployed,Operation and Maintenance,,,,Mission-Enabling (internal agency support),,,L0964
2024-1932,2024,DOJ,AWS AI Testbed,Pre-deployment,Initiated,,,,Mission-Enabling (internal agency support),,,
2024-1933,2024,DOJ,CoPilot,Pre-deployment,Initiated,,,,Mission-Enabling (internal agency support),,,L0965
2024-1934,2024,DOJ,FOIA.gov Virtual Assistant,Deployed,Operation and Maintenance,,,,Mission-Enabling (internal agency support),,,
2024-1935,2024,DOJ,Savan Group Intelligent Records Consolidation Tool,Retired,Retired,,,,Law & Justice,,,L0966
2024-1936,2024,DOJ,Veritone,Deployed,Operation and Maintenance,,,,Law & Justice,,,
2024-1937,2024,DOJ,Salesforce,Pre-deployment,Initiated,,,,Law & Justice,,,L1066
2024-1938,2024,DOJ,Cyber Network Analysis for OCDETF MIS,Pre-deployment,Initiated,,,,Mission-Enabling (internal agency support),,,
2024-1939,2024,DOJ,Cyber Network Analysis for OCDETF Oak Island,Pre-deployment,Initiated,,,,Mission-Enabling (internal agency support),,,
2024-1940,2024,DOJ,Enhanced Proactive Financial Analysis Techniques for Fusion Desktop,Pre-deployment,Initiated,,,,Law & Justice,,,L0967
2024-1941,2024,DOJ,FinCEN SAR Summarization,Pre-deployment,Initiated,,,,Law & Justice,,,L1091
2024-1942,2024,DOJ,Generation of Graphs and Charts for OCDETF applications,Pre-deployment,Initiated,,,,Law & Justice,,,
2024-1943,2024,DOJ,Generation of Large Test Data Sets for OCDETF applications,Pre-deployment,Initiated,,,,Law & Justice,,,
2024-1944,2024,DOJ,Machine Learning for Decision Support for Fusion Desktop,Pre-deployment,Initiated,,,,Law & Justice,,,L0968
2024-1945,2024,DOJ,Machine Learning for Decision Support for OCDETF MIS,Pre-deployment,Initiated,,,,Law & Justice,,,L1086
2024-1946,2024,DOJ,Narrative Analysis for OCDETF Fusion Desktop,Pre-deployment,Initiated,,,,Law & Justice,,,L1106
2024-1947,2024,DOJ,Narrative Analysis for OCDETF MIS,Pre-deployment,Initiated,,,,Law & Justice,,,L1103
2024-1948,2024,DOJ,Train ML on Intelligence Analyst Best Practices,Pre-deployment,Initiated,,,,Law & Justice,,,L0969
2024-1949,2024,DOJ,Azure AI Speech to Text Managed Service - Voice Transcription to Text,Pilot,Implementation and Assessment,,,,Mission-Enabling (internal agency support),,,L1097
2024-1950,2024,DOJ,Azure OpenAI Services - Analysis of audit reports,Pre-deployment,Acquisition and/or Development,,,,Mission-Enabling (internal agency support),,,
2024-1951,2024,DOJ,Azure OpenAI Services - Component-specific chatbot service,Pre-deployment,Initiated,,,,Mission-Enabling (internal agency support),,,
2024-1952,2024,DOJ,Dragon,Deployed,Operation and Maintenance,,,,Mission-Enabling (internal agency support),,,L1067
2024-1953,2024,DOJ,Informatica - CLAIRE,Pilot,Implementation and Assessment,,,,Mission-Enabling (internal agency support),,,L0970
2024-1954,2024,DOJ,Nlets Nationwide License Plate Reader Pointer Index,Deployed,Operation and Maintenance,,,,Law & Justice,,,L0971
2024-1955,2024,DOJ,Axon,Pre-deployment,Acquisition and/or Development,,,,Law & Justice,,,L0972
2024-1956,2024,DOJ,SAS Enterprise Miner - Grant risk assessment model,Deployed,Operation and Maintenance,,,,Mission-Enabling (internal agency support),,,L0973
2024-1957,2024,DOJ,MACO Project: Law Enforcement CAD Data Autocoder,Pre-deployment,Acquisition and/or Development,,,,Law & Justice,,,L0974
2024-1958,2024,DOJ,"MS Streams Transcription ML Service - Meeting the Basic Needs of Crime Victims in Underserved Communities:
Piloting New Approaches to Support Victim Services",Deployed,Operation and Maintenance,,,,Mission-Enabling (internal agency support),,,
2024-1959,2024,DOJ,Offense Text Auto-Coder (OTAC) - Automated offense coder from offense charge text strings used for the BJS National Pretrial Reporting Program,Deployed,Operation and Maintenance,,,,Law & Justice,,,L0975
2024-1960,2024,DOJ,Prisoner Assessment Tool Targeting Estimated Risk and Needs (PATTERN),Deployed,Operation and Maintenance,,,,Law & Justice,,,L1068
2024-1961,2024,DOJ,Rapid Offense Text Autocoder (ROTA) - Automated offense coder from offense charge text strings used for the BJS Criminal Cases in State Courts,Deployed,Operation and Maintenance,,,,Law & Justice,,,L0976
2024-1962,2024,DOJ,Research Abstract Screening for CrimeSolutions,Deployed,Operation and Maintenance,,,,Law & Justice,,,L0977
2024-1963,2024,DOJ,Veritone Illuminate,Deployed,Operation and Maintenance,,,,Law & Justice,,,L0978
2024-1964,2024,DOJ,Adobe,Deployed,Operation and Maintenance,,,,Mission-Enabling (internal agency support),,,L0979
2024-1965,2024,DOJ,EEG - Live Captioning,Deployed,Operation and Maintenance,,,,Mission-Enabling (internal agency support),,,
2024-1966,2024,DOJ,Hootsuite,Deployed,Operation and Maintenance,,,,Mission-Enabling (internal agency support),,,L0980
2024-1967,2024,DOJ,Social Media Products,Deployed,Operation and Maintenance,,,,Mission-Enabling (internal agency support),,,
2024-1968,2024,DOJ,Veritone Digital Media Hub,Deployed,Operation and Maintenance,,,,Mission-Enabling (internal agency support),,,L0981
2024-1969,2024,DOJ,Lexis Nexis (People Search),Deployed,Operation and Maintenance,,,,Law & Justice,,,L0982
2024-1970,2024,DOJ,LexisNexis (AI assisted legal research),Deployed,Operation and Maintenance,,,,Law & Justice,,,
2024-1971,2024,DOJ,Pacer Search,Deployed,Operation and Maintenance,,,,Law & Justice,,,L0983
2024-1972,2024,DOJ,Westlaw (AI assisted legal research),Deployed,Operation and Maintenance,,,,Law & Justice,,,
2024-1973,2024,DOJ,Westlaw (People Search),Deployed,Operation and Maintenance,,,,Law & Justice,,,L0984
2024-1974,2024,DOJ,Salient Factor Score,Deployed,Operation and Maintenance,,,,Law & Justice,,,
2024-1975,2024,DOJ,ProLaw,Deployed,Operation and Maintenance,,,,Law & Justice,,,L0985
2024-1976,2024,DOJ,AWS Transcribe,Deployed,Operation and Maintenance,,,,Law & Justice,,,L0986
2024-1977,2024,DOJ,AWS Translate,Deployed,Operation and Maintenance,,,,Law & Justice,,,L0987
2024-1978,2024,DOJ,JAWS,Deployed,Operation and Maintenance,,,,Mission-Enabling (internal agency support),,,
2024-1979,2024,DOJ,OnCue,Deployed,Operation and Maintenance,,,,Law & Justice,,,
2024-1980,2024,DOJ,TextMap,Deployed,Operation and Maintenance,,,,Law & Justice,,,
2024-1981,2024,DOJ,Axon Video Retention Solution (VRS) - object recognition and redaction,Deployed,Operation and Maintenance,,,,Law & Justice,,,L0988
2024-1982,2024,DOJ,Clearview AI,Deployed,Operation and Maintenance,,,,Law & Justice,,,
2024-1983,2024,DOJ,JARS - JMIS,Deployed,Operation and Maintenance,,,,Transportation,,,
2024-1984,2024,DOJ,Route Optimizer - JMIS,Deployed,Operation and Maintenance,,,,Transportation,,,
2024-1985,2024,DOJ,UiPath OCR activity,Pre-deployment,Acquisition and/or Development,,,,Law & Justice,,,L0989
2024-1986,2024,DOJ,Unmanned Aerial Systems (UAS),Deployed,Operation and Maintenance,,,,Law & Justice,,,L0990
2024-1987,2024,DOJ,Video Transcription Tool,Deployed,Operation and Maintenance,,,,Law & Justice,,,L0991
2024-1988,2024,DOJ,Axon Video Retention Solution (VRS) - Transcription,Deployed,Operation and Maintenance,,,,Law & Justice,,,L0992
2024-1989,2024,DOJ,Open Source Investigative Tool (Procurement ID: NNG15SC19B),Pilot,Implementation and Assessment,,,,Law & Justice,,,
2024-1990,2024,DOJ,Prisoner Movement Management (JPMM) - JPATS,Deployed,Operation and Maintenance,,,,Law & Justice,,,
2024-1991,2024,DOJ,Aware,Deployed,Operation and Maintenance,,,,Law & Justice,,,L0993
2024-1992,2024,DOJ,Language Weaver,Deployed,Operation and Maintenance,,,,Law & Justice,,,L0994
2024-1993,2024,DOJ,LexisNexis,Deployed,Operation and Maintenance,,,,Law & Justice,,,
2024-1994,2024,DOJ,Westlaw,Deployed,Operation and Maintenance,,,,Law & Justice,,,
2024-1995,2024,DOJ,Thomson Reuters CLEAR,Deployed,Operation and Maintenance,,,,Law & Justice,,,L1069
2024-1996,2024,DOJ,Azure OpenAI Services - AI Assistant,Pre-deployment,Acquisition and/or Development,,,,Mission-Enabling (internal agency support),,,
2024-1997,2024,DOJ,Vendor AI Assistant,Pre-deployment,Acquisition and/or Development,,,,Mission-Enabling (internal agency support),,,
2024-1998,2024,ED,Generative AI Usage,Deployed,Operation and Maintenance,,,,Other,,,
2024-1999,2024,ED,Generative AI Usage,Deployed,Operation and Maintenance,,,,Other,,,
2024-2000,2024,ED,Generative AI Usage,Deployed,Operation and Maintenance,,,,Other,,,
2024-2001,2024,ED,Generative AI Usage,Deployed,Operation and Maintenance,,,,Other,,,
2024-2002,2024,ED,Generative AI Usage,Deployed,Operation and Maintenance,,,,Other,,,
2024-2003,2024,ED,Generative AI Usage,Deployed,Operation and Maintenance,,,,Other,,,
2024-2004,2024,ED,Generative AI Usage,Deployed,Operation and Maintenance,,,,Other,,,
2024-2005,2024,ED,Generative AI Usage,Deployed,Operation and Maintenance,,,,Other,,,
2024-2006,2024,ED,Generative AI Usage,Deployed,Operation and Maintenance,,,,Other,,,
2024-2007,2024,ED,Generative AI Usage,Deployed,Operation and Maintenance,,,,Other,,,
2024-2008,2024,ED,Generative AI Usage,Deployed,Operation and Maintenance,,,,Other,,,
2024-2009,2024,ED,Generative AI Usage,Deployed,Operation and Maintenance,,,,Other,,,
2024-2010,2024,ED,Generative AI Usage,Deployed,Operation and Maintenance,,,,Other,,,
2024-2011,2024,ED,Generative AI Usage,Deployed,Operation and Maintenance,,,,Other,,,
2024-2012,2024,ED,Generative AI Usage,Deployed,Operation and Maintenance,,,,Other,,,
2024-2013,2024,ED,Generative AI Usage,Deployed,Operation and Maintenance,,,,Other,,,
2024-2014,2024,ED,Generative AI Usage,Deployed,Operation and Maintenance,,,,Other,,,
2024-2015,2024,ED,Generative AI Usage,Deployed,Operation and Maintenance,,,,Other,,,
2024-2016,2024,ED,Generative AI Usage,Deployed,Operation and Maintenance,,,,Other,,,
2024-2017,2024,ED,Generative AI Usage,Deployed,Operation and Maintenance,,,,Other,,,
2024-2018,2024,ED,Generative AI Usage,Deployed,Operation and Maintenance,,,,Other,,,
2024-2019,2024,ED,Generative AI Usage,Deployed,Operation and Maintenance,,,,Other,,,
2024-2020,2024,ED,Generative AI Usage,Deployed,Operation and Maintenance,,,,Other,,,
2024-2021,2024,ED,Generative AI Usage,Deployed,Operation and Maintenance,,,,Other,,,
2024-2022,2024,ED,Generative AI Usage,Deployed,Operation and Maintenance,,,,Other,,,
2024-2023,2024,ED,Generative AI Usage,Deployed,Operation and Maintenance,,,,Other,,,
2024-2024,2024,ED,Generative AI Usage,Deployed,Operation and Maintenance,,,,Other,,,
2024-2025,2024,ED,Generative AI Usage,Deployed,Operation and Maintenance,,,,Other,,,
2024-2026,2024,ED,Generative AI Usage,Deployed,Operation and Maintenance,,,,Other,,,
2024-2027,2024,ED,Generative AI Usage,Deployed,Operation and Maintenance,,,,Other,,,
2024-2028,2024,ED,Generative AI Usage,Deployed,Operation and Maintenance,,,,Other,,,
2024-2029,2024,ED,Generative AI Usage,Deployed,Operation and Maintenance,,,,Other,,,
2024-2030,2024,ED,Generative AI Usage,Deployed,Operation and Maintenance,,,,Other,,,
2024-2031,2024,ED,Generative AI Usage,Deployed,Operation and Maintenance,,,,Other,,,
2024-2032,2024,ED,Generative AI Usage,Deployed,Operation and Maintenance,,,,Other,,,
2024-2033,2024,ED,Generative AI Usage,Deployed,Operation and Maintenance,,,,Other,,,
2024-2034,2024,ED,Generative AI Usage,Deployed,Operation and Maintenance,,,,Other,,,
2024-2035,2024,ED,Generative AI Usage,Deployed,Operation and Maintenance,,,,Other,,,
2024-2036,2024,ED,Generative AI Usage,Deployed,Operation and Maintenance,,,,Other,,,
2024-2037,2024,ED,Generative AI Usage,Deployed,Operation and Maintenance,,,,Other,,,
2024-2038,2024,ED,Generative AI Usage,Deployed,Operation and Maintenance,,,,Other,,,
2024-2039,2024,ED,Generative AI Usage,Deployed,Operation and Maintenance,,,,Other,,,
2024-2040,2024,ED,Generative AI Usage,Deployed,Operation and Maintenance,,,,Other,,,
2024-2041,2024,ED,Generative AI Usage,Deployed,Operation and Maintenance,,,,Other,,,
2024-2042,2024,ED,Generative AI Usage,Deployed,Operation and Maintenance,,,,Other,,,
2024-2043,2024,ED,Generative AI Usage,Deployed,Operation and Maintenance,,,,Other,,,
2024-2044,2024,ED,Generative AI Usage,Deployed,Operation and Maintenance,,,,Other,,,
2024-2045,2024,ED,Generative AI Usage,Deployed,Operation and Maintenance,,,,Other,,,
2024-2046,2024,ED,Generative AI Usage,Deployed,Operation and Maintenance,,,,Other,,,
2024-2047,2024,ED,Generative AI Usage,Deployed,Operation and Maintenance,,,,Other,,,
2024-2048,2024,ED,Generative AI Usage,Deployed,Operation and Maintenance,,,,Other,,,
2024-2049,2024,ED,CAISY - Artificial Intelligence System Skillsoft Percipio Assessment for the Department Use,Deployed,Operation and Maintenance,,,,Education & Workforce,,,L0995
2024-2050,2024,ED,"Otter.ai - for Public-Facing Meetings, Webinars, and Hearings",Deployed,Operation and Maintenance,,,,Other,,,
2024-2051,2024,ED,AWS Bedrock- Amazon Bedrock in FSA EDMAPS Assessment for the Department Use,Pilot,Implementation and Assessment,,,,Other,,,
2024-2052,2024,DOT,USDOT Compliance Plan for OMB Memorandum M-24-10 (September 2024),Pre-deployment,Research or  Administrative Action Complete,In-house,No contract/external resources used in development.,,"Administration of AI Governance, Processes, and Procedures",,,L0996
2024-2053,2024,DOT,Advanced Research and Testing (ART) Network,Pre-deployment,Acquisition and/or Development,In-house,No contract/external resources used in development.,,Department-Level AI Capabilities and Capacity,,,L0997
2024-2054,2024,DOT,AI Operations Laboratory (OPSLAB),Pre-deployment,Ideation,,,,Department-Level AI Capabilities and Capacity,,,L0998
2024-2055,2024,DOT,Transportation AI-enabled Network (TrAIN),Pre-deployment,Ideation,,,,Department-Level AI Capabilities and Capacity,,,L0999
2024-2056,2024,DOT,AI Support and Collaboration Center (AISCC),Pre-deployment,Acquisition and/or Development,,,,"Administration of AI Governance, Processes, and Procedures",,,L1000
2024-2057,2024,DOT,Enterprise Personal Productivity Assistant Capability,Pre-deployment,Acquisition and/or Development,In-house,No contract/external resources used in development.,,Department-Level AI Capabilities and Capacity,,,L1001
2024-2058,2024,DOT,"Enterprise ""Ask Dottie"" ChatBot Capability",Pre-deployment,Ideation,,,,Department-Level AI Capabilities and Capacity,,,L1002
2024-2059,2024,DOT,Certified Professional Controller (CPC) On-Board Success Evaluator,Deployed,Operation and Maintenance,Vendor and in-house,Developed with a combination of in-house and contract/external resources.,,AI used in Transportation Operations,,,L1003
2024-2060,2024,DOT,Automated Delay detection using voice processing,Pre-deployment,Acquisition and/or Development,Vendor and in-house,Developed with a combination of in-house and contract/external resources.,,AI used in Transportation Operations,,,L1004
2024-2061,2024,DOT,Technical Operations Predictive Maintenance,Pre-deployment,Initiated,Vendor and in-house,Developed with a combination of in-house and contract/external resources.,,AI used in Transportation Operations,,,L1005
2024-2062,2024,DOT,Airborne Safety Metric (ASM),Deployed,Operation and Maintenance,In-house,No contract/external resources used in development.,,AI used in Transportation Operations,,,L1006
2024-2063,2024,DOT,Surface Safety Metric (SSM),Deployed,Operation and Maintenance,In-house,No contract/external resources used in development.,,AI used in Transportation Operations,,,L1007
2024-2064,2024,DOT,Surface Report Classifiier (SCM/Auto-Class),Deployed,Operation and Maintenance,In-house,No contract/external resources used in development.,,AI used in Transportation Operations,,,L1008
2024-2065,2024,DOT,Pilot-Controller Voice to Text Transcription,Pre-deployment,Acquisition and/or Development,Vendor and in-house,Developed with a combination of in-house and contract/external resources.,,AI used in Transportation Operations,,,L1009
2024-2066,2024,DOT,Detection of Unmanned Aircraft Systems (UAS) Encounter,Pre-deployment,Acquisition and/or Development,In-house,No contract/external resources used in development.,,AI used in Transportation Operations,,,L1010
2024-2067,2024,DOT,Human Performance Taxonomy labeling,Pre-deployment,Acquisition and/or Development,In-house,No contract/external resources used in development.,,AI used in Transportation Operations,,,L1011
2024-2068,2024,DOT,Regulatory Compliance Mapping Tool,Pre-deployment,Acquisition and/or Development,,,,AI used in Transportation Operations,,,L1012
2024-2069,2024,DOT,JASC Code classification in Safety Difficulty Reports (SDR),Pre-deployment,Ideation,,,,AI used in Transportation Operations,,,L1013
2024-2070,2024,DOT,Offshore Precipitation Capability (OPC),Pre-deployment,Acquisition and/or Development,Vendor and in-house,Developed with a combination of in-house and contract/external resources.,,AI used in Transportation Operations,,,L1014
2024-2071,2024,DOT,Course Deviation Identification for Multiple Airport Route Separation (MARS),Pre-deployment,Ideation,,,,AI used in Transportation Operations,,,L1015
2024-2072,2024,DOT,Improve and Speed up the Certification Service Oversight Process Using Intelligent Document Review,Pre-deployment,Initiated,Vendor and in-house,Developed with a combination of in-house and contract/external resources.,,AI used in Transportation Operations,,,L1016
2024-2073,2024,DOT,Determining Surface Winds with Machine Learning Software,Pre-deployment,Acquisition and/or Development,,,,AI used in Transportation Operations,,,L1017
2024-2074,2024,DOT,Remote Oceanic Meteorological Information Operations (ROMIO),Pre-deployment,Acquisition and/or Development,,,,AI used in Transportation Operations,,,L1018
2024-2075,2024,DOT,Head Kinematics Prediction,Pre-deployment,Research or  Administrative Action Complete,,,,Internal DOT Research Project,,,L1019
2024-2076,2024,DOT,Crash Parameter Prediction,Pre-deployment,Acquisition and/or Development,,,,Internal DOT Research Project,,,L1020
2024-2077,2024,DOT,Crushed Aggregate Gradation Evaluation System,Pre-deployment,Acquisition and/or Development,,,,Internal DOT Research Project,,,L1021
2024-2078,2024,DOT,Automatic Track Change Detection Demonstration and Analysis,Pre-deployment,Initiated,,,,Internal DOT Research Project,,,L1022
2024-2079,2024,DOT,Predictive Analytics Using Autonomous Track Geometry Measurement System (ATGMS) Data,Pre-deployment,Initiated,,,,Internal DOT Research Project,,,L1023
2024-2080,2024,DOT,Integration of small Unmanned Aircraft System (sUAS) Geospacial Information System (GIS) Technologie,Deployed,Operation and Maintenance,,,,AI used in Transportation Operations,,,L1024
2024-2081,2024,DOT,"Geolocating and Identifying Vehicle Hard Brake, Acceleration and Seat Belt Usage with CV Data",Pre-deployment,Acquisition and/or Development,,,,Internal DOT Research Project,,,L1025
2024-2082,2024,DOT,"Path to Advanced Novel Data Analytics (PANDA), a data science lab.",Pre-deployment,Acquisition and/or Development,,,,Department-Level AI Capabilities and Capacity,,,L1026
2024-2083,2024,DOT,Exploratory Advanced Research group of projects,Pre-deployment,Acquisition and/or Development,,,,DOT Sponsored External Research,,,L1027
2024-2084,2024,DOT,Enterprise Knowledge Graph and Advanced AI Data Structures Collaboration Group,Pre-deployment,Initiated,Vendor and in-house,Developed with a combination of in-house and contract/external resources.,,Department-Level AI Capabilities and Capacity,,,L1028
2024-2085,2024,DOT,Transportation Use Case Knowledge Repository (TrUCKR),Pre-deployment,Research or  Administrative Action Complete,,,,"Administration of AI Governance, Processes, and Procedures",,,L1029
2024-2086,2024,DOT,NETT Council AI Coordination and Activities (AICA) Working Group,Pre-deployment,Research or  Administrative Action Complete,,,,"Administration of AI Governance, Processes, and Procedures",,,L1030
2024-2087,2024,DOT,DOT Workforce Acquisitions and Training Team,Pre-deployment,Initiated,,,,"Administration of AI Governance, Processes, and Procedures",,,L1031
2024-2088,2024,DOT,"NETT Council Safety, Rights, and Security Review (SR2) Committee",Pre-deployment,Acquisition and/or Development,,,,"Administration of AI Governance, Processes, and Procedures",,,L1032
2024-2089,2024,DOT,DOT AI Procurement Team,Pre-deployment,Acquisition and/or Development,,,,"Administration of AI Governance, Processes, and Procedures",,,L1033
2024-2090,2024,DOT,DOT AI Emerging Technology Team,Pre-deployment,Acquisition and/or Development,,,,"Administration of AI Governance, Processes, and Procedures",,,L1034
2024-2091,2024,DOT,FHWA Interim Generative AI (GenAI) Usage Guidance,Pre-deployment,Research or  Administrative Action Complete,,,,"Administration of AI Governance, Processes, and Procedures",,,L1077
2024-2092,2024,DOT,DOT Generative AI (GenAI) Policy,Pre-deployment,Ideation,,,,"Administration of AI Governance, Processes, and Procedures",,,L1035
2024-2093,2024,DOT,Surface Safety Metric (DOT Key Performance Indicator),Deployed,Operation and Maintenance,In-house,No contract/external resources used in development.,,AI used in Transportation Operations,,,L1036
2024-2094,2024,DOT,Power Platform Use,Deployed,Operation and Maintenance,,,,AI used in Transportation Operations,,,L1037
2024-2095,2024,DOT,Tech Ops LLM Document Search,Pre-deployment,Acquisition and/or Development,Vendor and in-house,Developed with a combination of in-house and contract/external resources.,,AI used in Transportation Operations,,,L1038
2024-2096,2024,DOT,Human Resources Policy Manual (HRPM) LLM Document Search,Pre-deployment,Acquisition and/or Development,Vendor and in-house,Developed with a combination of in-house and contract/external resources.,,AI used in Transportation Operations,,,L1039
2024-2097,2024,DOT,Financials LLM Document Search,Pre-deployment,Initiated,In-house,No contract/external resources used in development.,,AI used in Transportation Operations,,,L1040
2024-2098,2024,DOT,Civil Aviation Registry Electronic Services (CARES) LLM Document Search,Pre-deployment,Acquisition and/or Development,Vendor and in-house,Developed with a combination of in-house and contract/external resources.,,AI used in Transportation Operations,,,L1041
2024-2099,2024,DOT,Financial Policy LLM Document Search,Deployed,Operation and Maintenance,In-house,No contract/external resources used in development.,,AI used in Transportation Operations,,,L1042
2024-2100,2024,DOT,Spectrum Assignment & Engineering Team LLM Document Search,Deployed,Operation and Maintenance,Vendor and in-house,Developed with a combination of in-house and contract/external resources.,,AI used in Transportation Operations,,,L1043
2024-2101,2024,DOT,National Program Office LLM Document Search,Pre-deployment,Acquisition and/or Development,In-house,No contract/external resources used in development.,,AI used in Transportation Operations,,,L1044
2024-2102,2024,DOT,FAA Orders and associated supplemental change notices LLM Document Search,Pre-deployment,Acquisition and/or Development,In-house,No contract/external resources used in development.,,AI used in Transportation Operations,,,L1045
2024-2103,2024,DOT,Remote Maintenance Monitoring (RMM) Analyzer Copilot,Pre-deployment,Initiated,,,,AI used in Transportation Operations,,,L1046
2024-2104,2024,DOT,National Airspace System (NAS) Safety Anomaly Metric with STAD integration (Safety Trend Analytics D,Pre-deployment,Initiated,Vendor and in-house,Developed with a combination of in-house and contract/external resources.,,AI used in Transportation Operations,,,L1047
2024-2105,2024,DOT,Using Generative AI to Automatically Tag Narratives with Human Performace Common Taxonomy Factors,Pre-deployment,Acquisition and/or Development,Vendor and in-house,Developed with a combination of in-house and contract/external resources.,,AI used in Transportation Operations,,,L1048
2024-2106,2024,DOT,Generative AI Use Case from Inventory,Pre-deployment,Initiated,Vendor and in-house,Developed with a combination of in-house and contract/external resources.,,AI used in Transportation Operations,,,L1049
2024-2107,2024,DOT,Human Performance (HP) Fatigue Recommendations,Pre-deployment,Initiated,Vendor and in-house,Developed with a combination of in-house and contract/external resources.,,AI used in Transportation Operations,,,L1050
2024-2108,2024,DOT,Prognosis and Diagnosis Based on Contributing Factors to Safety Risk,Pre-deployment,Initiated,Vendor and in-house,Developed with a combination of in-house and contract/external resources.,,AI used in Transportation Operations,,,L1051
2024-2109,2024,DOT,Knowledge Representation for Deep Learning,Pre-deployment,Initiated,Vendor and in-house,Developed with a combination of in-house and contract/external resources.,,AI used in Transportation Operations,,,L1052
2024-2110,2024,DOT,Identification of Similar Continued Operational Safety (COS) Events,Deployed,Operation and Maintenance,Vendor,Exclusively developed with contract/external resources.,,AI used in Transportation Operations,,,L1053
2024-2111,2024,DOT,Flight Standards Inspector Readiness Program (FSIRP),Pre-deployment,Initiated,Vendor and in-house,Developed with a combination of in-house and contract/external resources.,,AI used in Transportation Operations,,,L1054
2024-2112,2024,DOT,Court Reporting and Testimony Management Platform,Pre-deployment,Ideation,Vendor,Exclusively developed with contract/external resources.,,AI used in Transportation Operations,,,L1055
2024-2113,2024,DOT,AI-Assisted Legal Research,Pre-deployment,Ideation,Vendor,Exclusively developed with contract/external resources.,,AI used in Transportation Operations,,,L1056
2024-2114,2024,DOT,Service Difficulty Reporting System (SDRS) Joint Aircraft System/Component Code (JASC) Code Picker,Pre-deployment,Initiated,Vendor and in-house,Developed with a combination of in-house and contract/external resources.,,AI used in Transportation Operations,,,L1057
2024-2115,2024,DOT,Case and Document Management Copilot,Pre-deployment,Ideation,Vendor,Exclusively developed with contract/external resources.,,AI used in Transportation Operations,,,L1058
2024-2116,2024,DOT,AI Freedom of Information Act (FOIA) Request Classification,Pre-deployment,Acquisition and/or Development,Vendor and in-house,Developed with a combination of in-house and contract/external resources.,,AI used in Transportation Operations,,,L1059
2024-2117,2024,DOT,Community Engagement Chat Bot,Deployed,Operation and Maintenance,Vendor and in-house,Developed with a combination of in-house and contract/external resources.,,AI used in Transportation Operations,,,L1060
2024-2118,2024,NCUA,Native Editor,Deployed,Operation and Maintenance,,,,Other,,,
2024-2119,2024,NCUA,Insights,Deployed,Operation and Maintenance,,,,Other,,,
2024-2120,2024,NCUA,iPhone Facial Recognition Technology,Deployed,Operation and Maintenance,,,,Other,,,
2024-2121,2024,NCUA,Image Editor,Deployed,Operation and Maintenance,,,,Other,,,
2024-2122,2024,NCUA,Image Creator,Deployed,Operation and Maintenance,,,,Other,,,
2024-2123,2024,NCUA,Visual Content Creator,Deployed,Operation and Maintenance,,,,Other,,,
2024-2124,2024,NCUA,Image Editor,Deployed,Operation and Maintenance,,,,Other,,,
2024-2125,2024,NCUA,Language Translator,Deployed,Operation and Maintenance,,,,Other,,,
2024-2126,2024,NCUA,Website Hosting,Deployed,Operation and Maintenance,,,,Other,,,
2024-2127,2024,NCUA,Modeling,Deployed,Operation and Maintenance,,,,Other,,,
2024-2128,2024,NCUA,Cybersecurity Audit and Analysis,Deployed,Operation and Maintenance,,,,Other,,,
2024-2129,2024,NCUA,Document Management,Deployed,Operation and Maintenance,,,,Other,,,
2024-2130,2024,NCUA,Coding,Deployed,Operation and Maintenance,,,,Other,,,
2024-2131,2024,NCUA,Machine Learning Data Validation,Deployed,Operation and Maintenance,In-house,Developed in-house.,,Mission-Enabling,,,L1061
2024-2132,2024,NCUA,Supervisory Stress Testing,Deployed,Operation and Maintenance,In-house,Developed in-house.,,Mission-Enabling,,,L1062
2024-2133,2024,NCUA,Risk Indicator Model,Pre-deployment,Initiated,,,,Mission-Enabling,,,L1063
2025-0001,2025,CFTC,Stress Testing Scenarios with Deep Learning,Pre-deployment,Pre-deployment,,,,,,,L0560
2025-0002,2025,CFTC,Anomaly Detection for Data Quality,Deployed,Deployed,,,,,,,L0559
2025-0003,2025,CFTC,MPD Entity Risk Modeling,Pilot,Pilot,,,,,,,L0561
2025-0004,2025,DHS,Smartphone Information Forensics Triage,Pre-deployment,Pre-deployment,,,NLP,Law Enforcement,,High-impact,
2025-0005,2025,DHS,Advanced Analytics for X-ray Images (AAXI),Pre-deployment,Pre-deployment,,,Computer Vision,Law Enforcement,,High-impact,L0004
2025-0006,2025,DHS,Advance RPM Maintenance Operating Reporter (ARMOR),Pre-deployment,Pre-deployment,,,Classical ML,Admin Functions,,High-impact,L0024
2025-0007,2025,DHS,AI Enabled Autonomous Underwater Vehicle,Pre-deployment,Pre-deployment,,,Computer Vision,Law Enforcement,,"Presumed High-Impact, but Not High-impact",L0006
2025-0008,2025,DHS,Relocatable Multi-Sensor System,Pre-deployment,Pre-deployment,,,Classical ML,Law Enforcement,,"Presumed High-Impact, but Not High-impact",L0007
2025-0009,2025,DHS,Anomaly Detection COV Structure,Pre-deployment,Pre-deployment,,,Computer Vision,Law Enforcement,,"Presumed High-Impact, but Not High-impact",L0008
2025-0010,2025,DHS,Anomaly Detection POV Structure,Pre-deployment,Pre-deployment,,,Computer Vision,Law Enforcement,,"Presumed High-Impact, but Not High-impact",L0010
2025-0011,2025,DHS,CBP Common AI Service(CCAIS) Image Analysis and Data Correlation,Pre-deployment,Pre-deployment,,,Generative AI,Law Enforcement,,"Presumed High-Impact, but Not High-impact",
2025-0012,2025,DHS,Non-intrusive vessel and object detection tool (Tethered Aerostat Radar System (TARS)),Pre-deployment,Pre-deployment,,,Computer Vision,Law Enforcement,,"Presumed High-Impact, but Not High-impact",
2025-0013,2025,DHS,RAPTOR (Rapid Tactical Operations Reconnaissance),Pre-deployment,Pre-deployment,,,Computer Vision,Law Enforcement,,"Presumed High-Impact, but Not High-impact",L0025
2025-0014,2025,DHS,AI to generate testable synthetic data,Pre-deployment,Pre-deployment,,,Generative AI,Admin Functions,,Not High-impact,L1084
2025-0015,2025,DHS,Thermal Power Generation with Geoseismic IoI Detection and Classification,Pre-deployment,Pre-deployment,,,Classical ML,Law Enforcement,,Not High-impact,L0015
2025-0016,2025,DHS,API Security Vulnerability Technology,Pre-deployment,Pre-deployment,,,Classical ML,Admin Functions,,Not High-impact,L0018
2025-0017,2025,DHS,Cyber Threat Detection,Pre-deployment,Pre-deployment,,,Classical ML,Cybersecurity,,Not High-impact,L0019
2025-0018,2025,DHS,Forced Labor Virtual Consultant,Pre-deployment,Pre-deployment,,,Generative AI,Admin Functions,,Not High-impact,
2025-0019,2025,DHS,Multi-media Insight Tool,Pre-deployment,Pre-deployment,,,Computer Vision,Admin Functions,,Not High-impact,L0020
2025-0020,2025,DHS,Source Code Development Tool,Pre-deployment,Pre-deployment,,,Generative AI,IT,,Not High-impact,L0022
2025-0021,2025,DHS,Open Metadata,Pre-deployment,Pre-deployment,,,Generative AI,IT,,Not High-impact,
2025-0022,2025,DHS,Automated Incident Creation (IT),Pre-deployment,Pre-deployment,,,Generative AI,Admin Functions,,Not High-impact,
2025-0023,2025,DHS,TRM Classification Tool,Pre-deployment,Pre-deployment,,,Generative AI,Admin Functions,,Not High-impact,
2025-0024,2025,DHS,FOIA processing automated redaction (RedactAI),Pre-deployment,Pre-deployment,,,Generative AI,Admin Functions,,Not High-impact,
2025-0025,2025,DHS,Speech Assist Virtual Interview Assistant,Pre-deployment,Pre-deployment,,,Generative AI,IT,,Not High-impact,
2025-0026,2025,DHS,Business Automation and Improved Search Ability with AI,Pre-deployment,Pre-deployment,,,Generative AI,Admin Functions,,Not High-impact,
2025-0027,2025,DHS,CodeGen,Pre-deployment,Pre-deployment,,,Generative AI,IT,,Not High-impact,
2025-0028,2025,DHS,CounselAI,Pre-deployment,Pre-deployment,,,Generative AI,Law Enforcement,,Not High-impact,
2025-0029,2025,DHS,Border Infrastructure Center of Excellence AI (BICE AI),Pre-deployment,Pre-deployment,,,Generative AI,Procurement and Finance Mgmt,,Not High-impact,
2025-0030,2025,DHS,Integrated Defense and Security Solutions (IDSS),Pre-deployment,Pre-deployment,,,Classical ML,Law Enforcement,,Not High-impact,L0023
2025-0031,2025,DHS,Acoustic Signature AI for Gunshot Detection,Pilot,Pilot,Vendor,Vendor Purchased,Classical ML,Law Enforcement,Invariant Corporation,"Presumed High-Impact, but Not High-impact",
2025-0032,2025,DHS,Facial Recognition for National Security and Transnational Criminal Organizations,Pilot,Pilot,Vendor,Vendor Purchased,Computer Vision,Law Enforcement,Clearview AI,"Presumed High-Impact, but Not High-impact",
2025-0033,2025,DHS,Non-Intrusive Inspection (NII) 3D Imaging Tool,Pilot,Pilot,Vendor and in-house,Contracting and In House,Computer Vision,Law Enforcement,ThruWave,Not High-impact,L0001
2025-0034,2025,DHS,Babel,Deployed,Deployed,Vendor and in-house,Contracting and In House,NLP,Law Enforcement,Babel Street,High-impact,L0002
2025-0035,2025,DHS,Passive Body Scanner,Deployed,Deployed,Vendor and in-house,Contracting and In House,Computer Vision,Law Enforcement,ThruVision TAC 16,High-impact,L0029
2025-0036,2025,DHS,CBP Translate,Deployed,Deployed,Vendor and in-house,Contracting and In House,NLP,Law Enforcement,"Aneesh Technologies, 24X7, Ellumen Inc., Deloitte, NiyamIT",High-impact,L0030
2025-0037,2025,DHS,Passenger Security Assessment Model,Deployed,Deployed,In-house,In-house Development,Classical ML,Law Enforcement,,High-impact,
2025-0038,2025,DHS,Cargo Security Assessment Model,Deployed,Deployed,In-house,In-house Development,Classical ML,Law Enforcement,,High-impact,
2025-0039,2025,DHS,Illicit Trade,Deployed,Deployed,In-house,In-house Development,Classical ML,Law Enforcement,,High-impact,
2025-0040,2025,DHS,Supervised Traveler Identity Verification Services (Officer Initiated),Deployed,Deployed,Vendor and in-house,Contracting and In House,Computer Vision,Law Enforcement,"CBP procured mobile devices (Apple, Samsung) commercial off the shelf cameras (Logitech)",High-impact,L0032
2025-0041,2025,DHS,Semi-Supervised Traveler Identity Verification Services (Traveler Initiated),Deployed,Deployed,Vendor and in-house,Contracting and In House,Computer Vision,Law Enforcement,NEC,High-impact,L0033
2025-0042,2025,DHS,3rd Party Traveler Identity Verification Services,Deployed,Deployed,Vendor and in-house,Contracting and In House,Computer Vision,Law Enforcement,NEC,High-impact,L0034
2025-0043,2025,DHS,Traveler Self-Service Mobile Identity Verification,Deployed,Deployed,Vendor and in-house,Contracting and In House,Computer Vision,Law Enforcement,NEC (algorithm only),High-impact,
2025-0044,2025,DHS,Traveler Identity Verification Services (Vetting),Deployed,Deployed,Vendor and in-house,Contracting and In House,Computer Vision,Law Enforcement,NEC,High-impact,L0035
2025-0045,2025,DHS,Open Source and Social Media Analysis,Deployed,Deployed,Vendor,Vendor Purchased,NLP,Law Enforcement,NexisXplore,High-impact,
2025-0046,2025,DHS,Cryptocurrency Analysis,Deployed,Deployed,Vendor,Vendor Purchased,Classical ML,Law Enforcement,TRM Labs,High-impact,
2025-0047,2025,DHS,Traffic Jam,Deployed,Deployed,Vendor,Vendor Purchased,Computer Vision,Law Enforcement,Marinus Analytics,High-impact,
2025-0048,2025,DHS,CBP Link,Deployed,Deployed,Vendor and in-house,Contracting and In House,Computer Vision,Law Enforcement,IProov,High-impact,
2025-0049,2025,DHS,Land Border Integration,Deployed,Deployed,Vendor,Vendor Purchased,Computer Vision,Law Enforcement,Rekor,High-impact,
2025-0050,2025,DHS,Mobile Fortify,Deployed,Deployed,Vendor,Vendor Purchased,Computer Vision,Law Enforcement,NEC,High-impact,
2025-0051,2025,DHS,ERNIE,Deployed,Deployed,Vendor and in-house,Contracting and In House,Classical ML,Law Enforcement,"Countering Weapons of Mass Destruction, Department of Homeand Security",High-impact,L0037
2025-0052,2025,DHS,Unified Processing/Mobile Intake,Deployed,Deployed,Vendor and in-house,Contracting and In House,Computer Vision,Law Enforcement,NEC (Nippon Electric Company),High-impact,L0039
2025-0053,2025,DHS,Traveler Entity Resolution,Deployed,Deployed,In-house,In-house Development,Classical ML,Law Enforcement,,High-impact,
2025-0054,2025,DHS,The Advanced Trade Analytics Platform (ATAP),Deployed,Deployed,Vendor and in-house,Contracting and In House,Classical ML,International Affairs,"Elder Research Inc, DevTech Systems Inc., Guidehouse","Presumed High-Impact, but Not High-impact",L1085
2025-0055,2025,DHS,Public Information Compilation for Travel Threat Analysis (Dataminr),Deployed,Deployed,Vendor,Vendor Purchased,NLP,Admin Functions,Dataminr,"Presumed High-Impact, but Not High-impact",L0003
2025-0056,2025,DHS,Airship Outpost for Conveyance Identification,Deployed,Deployed,Vendor,Vendor Purchased,Computer Vision,Law Enforcement,Airship,"Presumed High-Impact, but Not High-impact",
2025-0057,2025,DHS,Unmanned Aircraft Collision Avoidance,Deployed,Deployed,Vendor,Vendor Purchased,Computer Vision,Law Enforcement,Skydio and Xtender,"Presumed High-Impact, but Not High-impact",L1105
2025-0058,2025,DHS,Entity Resolution,Deployed,Deployed,Vendor and in-house,Contracting and In House,Classical ML,Law Enforcement,Altana,"Presumed High-Impact, but Not High-impact",L0031
2025-0059,2025,DHS,Process Efficiency Traveler Identity for Airline Check-in and Bag Drop,Deployed,Deployed,Vendor and in-house,Contracting and In House,Computer Vision,Law Enforcement,NEC,"Presumed High-Impact, but Not High-impact",
2025-0060,2025,DHS,Customs Broker License Exam - Proctor Support,Deployed,Deployed,Vendor and in-house,Contracting and In House,Computer Vision,HR,PDRI,"Presumed High-Impact, but Not High-impact",L0036
2025-0061,2025,DHS,Autonomous Surveillance Tower,Deployed,Deployed,Vendor,Vendor Purchased,Classical ML,Law Enforcement,Anduril,"Presumed High-Impact, but Not High-impact",L1092
2025-0062,2025,DHS,Automated Item of Interest Detection,Deployed,Deployed,Vendor and in-house,Contracting and In House,Classical ML,Law Enforcement,Matroid,"Presumed High-Impact, but Not High-impact",L0038
2025-0063,2025,DHS,Vessel Detection,Deployed,Deployed,Vendor and in-house,Contracting and In House,Computer Vision,Law Enforcement,JHU APL,"Presumed High-Impact, but Not High-impact",L0026
2025-0064,2025,DHS,Vault Access Log (SPVAA),Deployed,Deployed,Vendor and in-house,Contracting and In House,Computer Vision,Admin Functions,NEC,"Presumed High-Impact, but Not High-impact",L0041
2025-0065,2025,DHS,Aircraft Landing Location Predictor (KESTREL),Deployed,Deployed,Vendor,Vendor Purchased,Classical ML,Transportation,Maxar,"Presumed High-Impact, but Not High-impact",
2025-0066,2025,DHS,Passport Anomaly Model,Deployed,Deployed,In-house,In-house Development,Classical ML,Law Enforcement,ManTech,"Presumed High-Impact, but Not High-impact",
2025-0067,2025,DHS,Agriculture Commodity Model (AGC),Deployed,Deployed,In-house,In-house Development,Classical ML,Law Enforcement,,"Presumed High-Impact, but Not High-impact",
2025-0068,2025,DHS,Trade Entity Risk Model,Deployed,Deployed,In-house,In-house Development,Classical ML,Law Enforcement,ManTech,"Presumed High-Impact, but Not High-impact",
2025-0069,2025,DHS,CBP Careers Bot - Leo,Deployed,Deployed,Vendor and in-house,Contracting and In House,NLP,Service Delivery,Salesforce Einstein,Not High-impact,L0011
2025-0070,2025,DHS,CBP Employee Experience,Deployed,Deployed,Vendor and in-house,Contracting and In House,NLP,Admin Functions,Medallia,Not High-impact,L0028
2025-0071,2025,DHS,Position Description Generation and Evaluation,Deployed,Deployed,Vendor and in-house,Contracting and In House,Generative AI,HR,Starlo and Deloitte,Not High-impact,L0021
2025-0072,2025,DHS,Global Entry Mobile App Traveler AI Question Answering Service,Deployed,Deployed,In-house,In-house Development,Generative AI,Admin Functions,,Not High-impact,
2025-0073,2025,DHS,ChatCBP,Deployed,Deployed,In-house,In-house Development,Generative AI,IT,,Not High-impact,
2025-0074,2025,DHS,GenAI for Document Summarization and Content Generation,Deployed,Deployed,Vendor and in-house,Contracting and In House,Generative AI,Admin Functions,"Meta, OpenAI, Google, Anthropic",Not High-impact,
2025-0075,2025,DHS,Cyber Threat Analysis (Recorded Future),Deployed,Deployed,Vendor,Vendor Purchased,Classical ML,Law Enforcement,Recorded Future,Not High-impact,L0040
2025-0076,2025,DHS,Empty Container Detection Model (Cargo Insights Team),Deployed,Deployed,In-house,In-house Development,Classical ML,Law Enforcement,,Not High-impact,
2025-0077,2025,DHS,Commodity Detection Model (Cargo Insights Team),Deployed,Deployed,In-house,In-house Development,Computer Vision,Law Enforcement,,Not High-impact,
2025-0078,2025,DHS,Cargo Classification Tool,Deployed,Deployed,In-house,In-house Development,Classical ML,Law Enforcement,,Not High-impact,
2025-0079,2025,DHS,Automated Data Annotation,Retired,Retired,,,,,,Not High-impact,L0005
2025-0080,2025,DHS,Anomaly Detection Homogenous Cargo,Retired,Retired,,,,,,Not High-impact,L0009
2025-0081,2025,DHS,Computer Vision for Aerial Detection of Land and Open Water Items of Interest,Retired,Retired,,,,,,Not High-impact,L0012
2025-0082,2025,DHS,AI for Software Delivery,Retired,Retired,,,,,,Not High-impact,L0013
2025-0083,2025,DHS,Optical Counter - UAS Detection,Retired,Retired,,,,,,Not High-impact,L0014
2025-0084,2025,DHS,Underwater ROV,Retired,Retired,,,,,,Not High-impact,L0016
2025-0085,2025,DHS,Wellness and Physical Fitness Application,Retired,Retired,,,,,,Not High-impact,L0017
2025-0086,2025,DHS,AI for Autonomous Situational Awareness,Retired,Retired,,,,,,Not High-impact,L0027
2025-0087,2025,DHS,Malware Reverse Engineering,Pre-deployment,Pre-deployment,,,Classical ML,Cybersecurity,,Not High-impact,L0044
2025-0088,2025,DHS,Draft Tailored Summaries of Media Materials for Different Publication Channels,Pre-deployment,Pre-deployment,,,Generative AI,Admin Functions,,Not High-impact,L0045
2025-0089,2025,DHS,Critical Infrastructure Network Anomaly Detection,Deployed,Deployed,In-house,In-house Development,Classical ML,Cybersecurity,,Not High-impact,L0043
2025-0090,2025,DHS,CISAChat,Deployed,Deployed,Vendor,Vendor Purchased,Generative AI,Admin Functions,Microsoft,Not High-impact,L0042
2025-0091,2025,DHS,Automated Detection of Personally Identifiable Information (PII) in Cybersecurity Data,Deployed,Deployed,Vendor and in-house,Contracting and In House,NLP,Admin Functions,"Nightwing Intelligence Solutions, LLC. Procurement Instrument ID affiliated with this use case: 70QS0124C00000002",Not High-impact,L0047
2025-0092,2025,DHS,Security Operation Center (SOC) Network Anomaly Detection,Retired,Retired,,,,,,Not High-impact,L0046
2025-0093,2025,DHS,Confidence Scoring for Cybersecurity Threat Indicators,Retired,Retired,,,,,,Not High-impact,L0048
2025-0094,2025,DHS,Report Analysis and Archive System (RAAS),Retired,Retired,,,,,,Not High-impact,L0049
2025-0095,2025,DHS,Consular Consolidated Database (CCD) Facial Recognition (FR) On Demand Report (VISA Only),Deployed,Deployed,Vendor,Vendor Purchased,Computer Vision,Admin Functions,Department of State,High-impact,L1078
2025-0096,2025,DHS,Commercial Generative AI for Text Generation (AI Chatbot),Retired,Retired,,,,,,Not High-impact,L0050
2025-0097,2025,DHS,Commercial Generative AI for Image Generation,Retired,Retired,,,,,,Not High-impact,L0051
2025-0098,2025,DHS,Commercial Generative AI for Code Generation,Retired,Retired,,,,,,Not High-impact,L0052
2025-0099,2025,DHS,AI Resume & ATS App,Pre-deployment,Pre-deployment,,,NLP,HR,,High-impact,
2025-0100,2025,DHS,Spend Plan Analysis GPT,Pre-deployment,Pre-deployment,,,Agentic AI,Procurement and Finance Mgmt,,Not High-impact,
2025-0101,2025,DHS,Administrative & Productivity Support for IRC Resource Library,Pre-deployment,Pre-deployment,,,Generative AI,Service Delivery,,Not High-impact,
2025-0102,2025,DHS,Individual Assistance Document Translation,Pre-deployment,Pre-deployment,,,Generative AI,Benefits Processing,,Not High-impact,
2025-0103,2025,DHS,Grants Manager Artificial Intelligence ChatBot,Pre-deployment,Pre-deployment,,,Generative AI,Emergency Mgmt,,Not High-impact,
2025-0104,2025,DHS,RTPD Division Services Desktop Automation,Pre-deployment,Pre-deployment,,,Generative AI,Admin Functions,,Not High-impact,
2025-0105,2025,DHS,Program Integrity (RRAD-PI) AI Counter-Fraud Enhancement Measures,Pre-deployment,Pre-deployment,,,Classical ML,Service Delivery,,Not High-impact,
2025-0106,2025,DHS,"Semantic Search, Summarization, and Data/Spatial Visualization for NCR Watch COP/Dashboard",Pre-deployment,Pre-deployment,,,Generative AI,Emergency Mgmt,,Not High-impact,
2025-0107,2025,DHS,Hazard Mitigation Assistance Chatbot,Pilot,Pilot,Vendor and in-house,Contracting and In House,Generative AI,Admin Functions,Ideation,Not High-impact,L0055
2025-0108,2025,DHS,Technical Resource for Mitigation Programs,Pilot,Pilot,In-house,In-house Development,Generative AI,Emergency Mgmt,,Not High-impact,
2025-0109,2025,DHS,Large Language Model (LLM) Guided Data Dictionary Generation,Pilot,Pilot,In-house,In-house Development,Generative AI,IT,,Not High-impact,
2025-0110,2025,DHS,OCFO Response Augmentation Suite,Deployed,Deployed,Vendor and in-house,Contracting and In House,Generative AI,Admin Functions,Microsoft (OpenAI Azure Commercial Cloud offerings),Not High-impact,L0059
2025-0111,2025,DHS,OCFO Code Assist GPT,Deployed,Deployed,Vendor and in-house,Contracting and In House,Generative AI,Admin Functions,Microsoft (OpenAI part of Azure Commercial Cloud offerings),Not High-impact,L0053
2025-0112,2025,DHS,Executive Summary GPT,Deployed,Deployed,Vendor,Vendor Purchased,Generative AI,Admin Functions,Microsoft (Azure Commercial OpenAI Cloud Offerings),Not High-impact,
2025-0113,2025,DHS,Public Assistance Workload Projections,Deployed,Deployed,In-house,In-house Development,Classical ML,Emergency Mgmt,,Not High-impact,
2025-0114,2025,DHS,Individual Assistance (IA) Predictive Models for Program Quantities,Deployed,Deployed,In-house,In-house Development,Classical ML,Emergency Mgmt,,Not High-impact,
2025-0115,2025,DHS,Recovery and Resilience Resource (RRR) Portal,Retired,Retired,,,,,,Not High-impact,L0057
2025-0116,2025,DHS,Digital Processing Procedure Manual (D-PPM),Retired,Retired,,,,,,Not High-impact,L0058
2025-0117,2025,DHS,Incident Management Workforce Deployment Model (depmod),Retired,Retired,,,,,,Not High-impact,L0060
2025-0118,2025,DHS,Individual Assistance (IA) & Public Assistance (PA) Projections,Retired,Retired,,,,,,Not High-impact,L0061
2025-0119,2025,DHS,Planning Assistant for Resilient Communities (PARC),Retired,Retired,,,,,,Not High-impact,L0056
2025-0120,2025,DHS,Geospatial Damage Assessments,Retired,Retired,,,,,,Not High-impact,L0054
2025-0121,2025,DHS,Real-Time Language Translation Services,Pre-deployment,Pre-deployment,,,NLP,Law Enforcement,,High-impact,
2025-0122,2025,DHS,Semantic Search and Summarization for Investigative Data,Pre-deployment,Pre-deployment,,,Generative AI,Law Enforcement,,"Presumed High-Impact, but Not High-impact",L1088
2025-0123,2025,DHS,Mobile Device Forensics for Investigations,Pre-deployment,Pre-deployment,,,Computer Vision,Law Enforcement,,"Presumed High-Impact, but Not High-impact",
2025-0124,2025,DHS,Open-Source Intelligence for Lead Identification and Targeting,Pre-deployment,Pre-deployment,,,NLP,Law Enforcement,,"Presumed High-Impact, but Not High-impact",
2025-0125,2025,DHS,Global Maritime Intelligence,Pre-deployment,Pre-deployment,,,Classical ML,Law Enforcement,,"Presumed High-Impact, but Not High-impact",
2025-0126,2025,DHS,Email Analytics for Investigative Data,Pre-deployment,Pre-deployment,,,NLP,Law Enforcement,,"Presumed High-Impact, but Not High-impact",L0076
2025-0127,2025,DHS,Title III Semantic Search and Summarization for Translated Content,Pre-deployment,Pre-deployment,,,Generative AI,Law Enforcement,,Not High-impact,L0065
2025-0128,2025,DHS,Policy Analyst Assistant,Pre-deployment,Pre-deployment,,,Generative AI,Admin Functions,,Not High-impact,L0063
2025-0129,2025,DHS,SEVP Response Center Chatbot - SID (SEVIS Interactive Dialog),Pre-deployment,Pre-deployment,,,NLP,Service Delivery,,Not High-impact,L0064
2025-0130,2025,DHS,Digital Records Manager (DRM) User Assistance Chatbot,Pre-deployment,Pre-deployment,,,NLP,Admin Functions,,Not High-impact,L0066
2025-0131,2025,DHS,Burlington Finance Center Voice Bot,Pre-deployment,Pre-deployment,,,NLP,Service Delivery,,Not High-impact,L0067
2025-0132,2025,DHS,Purchase Card Worksheet Analysis,Pre-deployment,Pre-deployment,,,Generative AI,Procurement and Finance Mgmt,,Not High-impact,
2025-0133,2025,DHS,Natural Language Search for Legal Case Management,Pre-deployment,Pre-deployment,,,NLP,IT,,Not High-impact,
2025-0134,2025,DHS,Duplicate Contract Detection in Contract Tracking Application,Pre-deployment,Pre-deployment,,,NLP,Admin Functions,,Not High-impact,
2025-0135,2025,DHS,Semantic Search for Digital Forensics Data,Pre-deployment,Pre-deployment,,,NLP,Law Enforcement,,Not High-impact,
2025-0136,2025,DHS,Draft Report Generation and Formatting for Investigations,Pre-deployment,Pre-deployment,,,Generative AI,Law Enforcement,,Not High-impact,
2025-0137,2025,DHS,Named Entity Resolution for Investigative Data,Pre-deployment,Pre-deployment,,,Generative AI,Law Enforcement,,Not High-impact,
2025-0138,2025,DHS,ICE Enterprise AI Assistant,Pre-deployment,Pre-deployment,,,Generative AI,Admin Functions,,Not High-impact,
2025-0139,2025,DHS,ICE Terminology and Data Asset Discovery Chatbot,Pre-deployment,Pre-deployment,,,Generative AI,Admin Functions,,Not High-impact,
2025-0140,2025,DHS,AI-Assisted eDiscovery Search,Pre-deployment,Pre-deployment,,,Generative AI,Admin Functions,,Not High-impact,
2025-0141,2025,DHS,Hurricane Score,Deployed,Deployed,In-house,In-house Development,Classical ML,Law Enforcement,,High-impact,L0070
2025-0142,2025,DHS,Facial Recognition for Locating Vulnerable Populations,Deployed,Deployed,Vendor,Vendor Purchased,Computer Vision,Law Enforcement,Law Enforcement Sensitive (LES),High-impact,
2025-0143,2025,DHS,Facial Recognition for National Security Investigations,Deployed,Deployed,Vendor,Vendor Purchased,Computer Vision,Law Enforcement,Law Enforcement Sensitive (LES),High-impact,
2025-0144,2025,DHS,Facial Recognition for Investigations of Transnational Criminal Organizations,Deployed,Deployed,Vendor,Vendor Purchased,Computer Vision,Law Enforcement,Law Enforcement Sensitive (LES),High-impact,
2025-0145,2025,DHS,AI-Assisted Resume Screening Tool,Deployed,Deployed,Vendor and in-house,Contracting and In House,Generative AI,HR,AIS,High-impact,
2025-0146,2025,DHS,Mobile Fortify,Deployed,Deployed,Vendor and in-house,Contracting and In House,Computer Vision,Law Enforcement,NEC is the third‑party vendor CBP uses. ICE accesses these capabilities through CBP and does not contract directly with NEC.,High-impact,
2025-0147,2025,DHS,License Plate Capture and Analysis,Deployed,Deployed,Vendor,Vendor Purchased,Computer Vision,Law Enforcement,Motorola,High-impact,
2025-0148,2025,DHS,Facial Recognition for Investigations of Child Sexual Exploitation and Abuse,Deployed,Deployed,Vendor,Vendor Purchased,Computer Vision,Law Enforcement,Law Enforcement Sensitive (LES),High-impact,
2025-0149,2025,DHS,Investigative Prioritization Aggregator,Deployed,Deployed,Vendor and in-house,Contracting and In House,Classical ML,Law Enforcement,Sandia National Laboratories,"Presumed High-Impact, but Not High-impact",L0069
2025-0150,2025,DHS,Translation and Transcription for Investigative Data,Deployed,Deployed,Vendor and in-house,Contracting and In House,NLP,Law Enforcement,Booz Allen,"Presumed High-Impact, but Not High-impact",L0074
2025-0151,2025,DHS,AI-Assisted Audio/Video Redaction,Deployed,Deployed,Vendor,Vendor Purchased,Computer Vision,Law Enforcement,Case Guard,"Presumed High-Impact, but Not High-impact",
2025-0152,2025,DHS,Dark Web Threat Intelligence for Cyber Investigations,Deployed,Deployed,Vendor,Vendor Purchased,Generative AI,Law Enforcement,Law Enforcement Sensitive (LES),"Presumed High-Impact, but Not High-impact",
2025-0153,2025,DHS,Entity Resolution for Global Trade Data,Deployed,Deployed,Vendor,Vendor Purchased,Classical ML,Law Enforcement,Altana,"Presumed High-Impact, but Not High-impact",
2025-0154,2025,DHS,Blockchain Analysis,Deployed,Deployed,Vendor,Vendor Purchased,Classical ML,Law Enforcement,TRM Labs,"Presumed High-Impact, but Not High-impact",
2025-0155,2025,DHS,Enhanced Lead Identification and Targeting,Deployed,Deployed,Vendor,Vendor Purchased,Generative AI,Law Enforcement,Palantir,"Presumed High-Impact, but Not High-impact",
2025-0156,2025,DHS,Biometric Check-in for ATD-ISAP (SmartLINK),Deployed,Deployed,Vendor,Vendor Purchased,Computer Vision,Law Enforcement,BI,"Presumed High-Impact, but Not High-impact",L0075
2025-0157,2025,DHS,AI Assisted Compromise Email Detector (AACED),Deployed,Deployed,In-house,In-house Development,Classical ML,Cybersecurity,,Not High-impact,L0072
2025-0158,2025,DHS,Intelligent Document Processing,Deployed,Deployed,Vendor and in-house,Contracting and In House,Computer Vision,Admin Functions,UiPath; Microsoft; Apryse; Personable Inc.,Not High-impact,
2025-0159,2025,DHS,"Cybersecurity Threat Management, Detection, and Response",Deployed,Deployed,Vendor,Vendor Purchased,Classical ML,Admin Functions,Illumio; AttackIQ; Cofense; Splunk; Crowdstrike; Polarity,Not High-impact,L0073
2025-0160,2025,DHS,AI-Enhanced ICE Tip Processing,Deployed,Deployed,Vendor,Vendor Purchased,Generative AI,Law Enforcement,Palantir,Not High-impact,
2025-0161,2025,DHS,Media Classifier for Computer and Digital Storage Evidence,Deployed,Deployed,Vendor,Vendor Purchased,Computer Vision,Law Enforcement,Cellebrite,Not High-impact,
2025-0162,2025,DHS,AI-Powered Developer Tools,Deployed,Deployed,Vendor,Vendor Purchased,Generative AI,IT,Palantir,Not High-impact,
2025-0163,2025,DHS,Open-Source Intelligence for Investigations,Deployed,Deployed,Vendor,Vendor Purchased,Generative AI,Law Enforcement,"Penlink, Fivecast",Not High-impact,
2025-0164,2025,DHS,Normalization Services,Deployed,Deployed,Vendor and in-house,Contracting and In House,Classical ML,Law Enforcement,Booz Allen,Not High-impact,L0079
2025-0165,2025,DHS,Video Analysis Tool (VAT),Retired,Retired,,,,,,High-impact,
2025-0166,2025,DHS,Mobile Language Translation Services,Retired,Retired,,,,,,High-impact,
2025-0167,2025,DHS,ICE Mobile Check-in Application,Retired,Retired,,,,,,High-impact,L0071
2025-0168,2025,DHS,Voice Analytics for Investigative Data,Retired,Retired,,,,,,"Presumed High-Impact, but Not High-impact",L0062
2025-0169,2025,DHS,Mobile Device Analytics for Investigative Data,Retired,Retired,,,,,,"Presumed High-Impact, but Not High-impact",L0077
2025-0170,2025,DHS,Identification Card and Travel Document Code Detection,Retired,Retired,,,,,,Not High-impact,L0078
2025-0171,2025,DHS,"Machine Translation
(Previously Language Translator)",Retired,Retired,,,,,,Not High-impact,L0068
2025-0172,2025,DHS,JES and Appropriations Insight,Pre-deployment,Pre-deployment,,,NLP,Admin Functions,,Not High-impact,L0080
2025-0173,2025,DHS,CFO Navigator,Pre-deployment,Pre-deployment,,,Generative AI,Admin Functions,,Not High-impact,
2025-0174,2025,DHS,DHS Asset Assessment Tool,Pre-deployment,Pre-deployment,,,NLP,Admin Functions,,Not High-impact,
2025-0175,2025,DHS,Spending Analysis and Budget Execution Risk (SABER) Model,Pre-deployment,Pre-deployment,,,Classical ML,Admin Functions,,Not High-impact,L0081
2025-0176,2025,DHS,LIGER Generative AI Toolkit,Pilot,Pilot,Vendor,Vendor Purchased,Generative AI,Admin Functions,"LMI Consulting, LLC",Not High-impact,
2025-0177,2025,DHS,User and Entity Behavior Analytics (UEBA),Deployed,Deployed,Vendor,Vendor Purchased,Classical ML,Admin Functions,CANDA Solutions,"Presumed High-Impact, but Not High-impact",L0086
2025-0178,2025,DHS,DHS-Chat,Deployed,Deployed,In-house,In-house Development,Generative AI,Admin Functions,,Not High-impact,L0085
2025-0179,2025,DHS,ESEC Inquiry (STORM) Summarization,Deployed,Deployed,Vendor and in-house,Contracting and In House,Generative AI,Admin Functions,Microsoft,Not High-impact,L0083
2025-0180,2025,DHS,AdaptiveMFA,Deployed,Deployed,Vendor and in-house,Contracting and In House,Classical ML,Admin Functions,Okta,Not High-impact,L0082
2025-0181,2025,DHS,Text Analytics for Survey Responses (TASR),Deployed,Deployed,In-house,In-house Development,NLP,Admin Functions,,Not High-impact,L0087
2025-0182,2025,DHS,MiX Phenotyping,Pre-deployment,Pre-deployment,,,NLP,Health and Medical,,Not High-impact,L0088
2025-0183,2025,DHS,MiX Indicators,Pre-deployment,Pre-deployment,,,NLP,Health and Medical,,Not High-impact,L0089
2025-0184,2025,DHS,One Health Threat Detection and Risk Assessment Platform (OH-TREADS) / Planner,Pre-deployment,Pre-deployment,,,Classical ML,Health and Medical,,Not High-impact,L0084
2025-0185,2025,DHS,MiX MedINT (Medical Intelligence Dashboard and Canvas),Retired,Retired,,,,,,Not High-impact,L0090
2025-0186,2025,DHS,Automated Target Recognition (ATR) Developments for Standard Screening,Pre-deployment,Pre-deployment,,,Computer Vision,Transportation,,High-impact,L0092
2025-0187,2025,DHS,Accessible Property Screening (APS) Checkpoint CT Prohibited Items (PI) Detection,Pre-deployment,Pre-deployment,,,Computer Vision,Transportation,,High-impact,L0093
2025-0188,2025,DHS,Walk-Through Metal Detector (WTMD) Alternative Automated Target Recognition (ATR) Developments,Pre-deployment,Pre-deployment,,,Computer Vision,Transportation,,High-impact,L0094
2025-0189,2025,DHS,Synthetic data for improved Automated Threat Recognition (ATR) in checkpoint screening,Pre-deployment,Pre-deployment,,,Generative AI,Transportation,,High-impact,L0101
2025-0190,2025,DHS,Electronic Evidence/Video Recording Transcription and Summarization Tool,Pre-deployment,Pre-deployment,,,Generative AI,Law Enforcement,,High-impact,
2025-0191,2025,DHS,Machine Learning Analysis Applied to Cyber Threat Hunt Data,Pre-deployment,Pre-deployment,,,Classical ML,Cybersecurity,,"Presumed High-Impact, but Not High-impact",L0100
2025-0192,2025,DHS,OTA Automated Passenger Screening Gate System,Pre-deployment,Pre-deployment,,,Classical ML,Transportation,,Not High-impact,L0102
2025-0193,2025,DHS,Answer Engine,Pre-deployment,Pre-deployment,,,Generative AI,Admin Functions,,Not High-impact,L0096
2025-0194,2025,DHS,Contract Requirement Automation,Pre-deployment,Pre-deployment,,,Generative AI,Admin Functions,,Not High-impact,L0103
2025-0195,2025,DHS,TSA Case Handling Platform,Pre-deployment,Pre-deployment,,,Generative AI,Admin Functions,,Not High-impact,L0104
2025-0196,2025,DHS,Automated Field Data Collection,Pre-deployment,Pre-deployment,,,Computer Vision,Transportation,,Not High-impact,L0097
2025-0197,2025,DHS,Plan of Day Staff Optimization,Pre-deployment,Pre-deployment,,,Agentic AI,Transportation,,Not High-impact,L0098
2025-0198,2025,DHS,Document Translation Service (DTS),Pre-deployment,Pre-deployment,,,NLP,Admin Functions,,Not High-impact,
2025-0199,2025,DHS,Service Now Predictive Intelligence Tool,Pre-deployment,Pre-deployment,,,Classical ML,IT,,Not High-impact,
2025-0200,2025,DHS,Text Extraction from Uploaded Images,Pre-deployment,Pre-deployment,,,Computer Vision,Transportation,,Not High-impact,
2025-0201,2025,DHS,TSA Contact Center Virtual Assistant,Pre-deployment,Pre-deployment,,,NLP,Service Delivery,,Not High-impact,L0099
2025-0202,2025,DHS,Low Probability of False Alarm (Low-Pfa) Algorithm for on-person screening.,Deployed,Deployed,Vendor,Vendor Purchased,Computer Vision,Transportation,"Leidos, Rohde & Schwarz",High-impact,L0091
2025-0203,2025,DHS,Credential Authentication Technology with Camera System (CAT-2) and AutoCAT (CAT-2 in an e-gate form factor),Deployed,Deployed,Vendor,Vendor Purchased,Classical ML,Transportation,"IDEMIA Identity, Security USA LLC",High-impact,L0106
2025-0204,2025,DHS,PreCheck Touchless Identity Solution,Deployed,Deployed,Vendor and in-house,Contracting and In House,Classical ML,Transportation,"CBP TVS, NEC Algorithm",High-impact,L1087
2025-0205,2025,DHS,Airport Throughput Predictive Model,Deployed,Deployed,In-house,In-house Development,Classical ML,Admin Functions,,Not High-impact,L0105
2025-0206,2025,DHS,Geographic Current Events Real-Time Alerting Tool,Deployed,Deployed,Vendor,Vendor Purchased,NLP,Transportation,First Alert/Dataminr,Not High-impact,
2025-0207,2025,DHS,idiCORE Subscriptions,Deployed,Deployed,Vendor,Vendor Purchased,NLP,Transportation,idiCORE,Not High-impact,
2025-0208,2025,DHS,AskTSA,Deployed,Deployed,Vendor,Vendor Purchased,Generative AI,Service Delivery,Sprinklr,Not High-impact,
2025-0209,2025,DHS,Lexis Nexis,Deployed,Deployed,Vendor,Vendor Purchased,Generative AI,Transportation,REX DBA Lexis Nexis,Not High-impact,
2025-0210,2025,DHS,SITE Group Subscription Services,Deployed,Deployed,Vendor,Vendor Purchased,NLP,Transportation,SITE,Not High-impact,
2025-0211,2025,DHS,Conversation Training and Feedback Simulator,Retired,Retired,,,,,,Not High-impact,L0095
2025-0212,2025,DHS,Risk Management Framework (RMF) Automation,Pre-deployment,Pre-deployment,,,Generative AI,IT,,Not High-impact,
2025-0213,2025,DHS,FLIR 280 HD,Pilot,Pilot,Vendor and in-house,Contracting and In House,Computer Vision,Other,FLIR,High-impact,
2025-0214,2025,DHS,Adaptive Risk Model for Inspected Small Passenger Vessels,Deployed,Deployed,In-house,In-house Development,Classical ML,Admin Functions,,Not High-impact,L0107
2025-0215,2025,DHS,USCIS Document Translation Service,Pre-deployment,Pre-deployment,,,Generative AI,Service Delivery,,High-impact,
2025-0216,2025,DHS,USCIS Speech Translation Service,Pre-deployment,Pre-deployment,,,NLP,Service Delivery,,High-impact,
2025-0217,2025,DHS,Extended Automated Name Harvesting (eANH),Pre-deployment,Pre-deployment,,,NLP,Benefits Processing,,"Presumed High-Impact, but Not High-impact",
2025-0218,2025,DHS,Sentiment Analysis -FOD Field Offices Complaints and Reviews,Pre-deployment,Pre-deployment,,,Classical ML,Admin Functions,,Not High-impact,L0113
2025-0219,2025,DHS,Private Artificial Intelligence (AI) Tech Hub (PAiTH),Pre-deployment,Pre-deployment,,,Generative AI,Admin Functions,,Not High-impact,
2025-0220,2025,DHS,Text Analytics Data Science Sentence Similarity Model,Deployed,Deployed,Vendor and in-house,Contracting and In House,Classical ML,Law Enforcement,Inadev,High-impact,L0114
2025-0221,2025,DHS,Automated Realtime Global Organization Specialist (ARGOS) for Company Registration Submissions to E-Verify,Deployed,Deployed,Vendor and in-house,Contracting and In House,NLP,Admin Functions,IBM,High-impact,L0115
2025-0222,2025,DHS,Verification Match Model,Deployed,Deployed,Vendor and in-house,Contracting and In House,Classical ML,Admin Functions,IBM,High-impact,L0112
2025-0223,2025,DHS,I-765 - USCIS Facial Recognition through IDENT (1:1 Face Recognition/Validation),Deployed,Deployed,Vendor and in-house,Contracting and In House,Computer Vision,Law Enforcement,Pluribus Digital,High-impact,L0116
2025-0224,2025,DHS,Person-Centric Identity Services Deduplication Model,Deployed,Deployed,Vendor and in-house,Contracting and In House,Classical ML,Law Enforcement,MetroIBR,High-impact,L0117
2025-0225,2025,DHS,Biometrics Enrollment Tool (BET) Fingerprint Quality Check,Deployed,Deployed,Vendor and in-house,Contracting and In House,Classical ML,Law Enforcement,Pluribus Digital,"Presumed High-Impact, but Not High-impact",L1082
2025-0226,2025,DHS,Automated Name and Date of Birth (DOB) Harvesting Service,Deployed,Deployed,Vendor and in-house,Contracting and In House,Classical ML,Service Delivery,SAIC and DV United,"Presumed High-Impact, but Not High-impact",
2025-0227,2025,DHS,ELIS Card Photo Validation Service,Deployed,Deployed,Vendor and in-house,Contracting and In House,Computer Vision,Service Delivery,SAIC and DV United,"Presumed High-Impact, but Not High-impact",
2025-0228,2025,DHS,AI Security and Monitoring,Deployed,Deployed,Vendor,Vendor Purchased,Generative AI,Cybersecurity,Lasso,"Presumed High-Impact, but Not High-impact",
2025-0229,2025,DHS,User Entity and Behavior Analytics (UEBA) for Security Operations (SecOps) Anomaly Identification,Deployed,Deployed,Vendor and in-house,Contracting and In House,Classical ML,Cybersecurity,Gurucul,"Presumed High-Impact, but Not High-impact",L0109
2025-0230,2025,DHS,Person-Centric Identity Services Information Compilation Check,Deployed,Deployed,Vendor and in-house,Contracting and In House,Classical ML,Law Enforcement,MetroIBR,"Presumed High-Impact, but Not High-impact",
2025-0231,2025,DHS,ELIS Evidence Classifier Service,Deployed,Deployed,Vendor and in-house,Contracting and In House,Classical ML,Service Delivery,SAIC and DV United,Not High-impact,
2025-0232,2025,DHS,Intelligent Document Processing (IDP) for I-539 Form Digitization,Deployed,Deployed,Vendor and in-house,Contracting and In House,Computer Vision,Admin Functions,CGI Federal under the Records Management Support Services (RMSS); Hyperscience - IDP software OEM,Not High-impact,L0108
2025-0233,2025,DHS,PDF Intake (PDFI) for myUSCIS,Deployed,Deployed,Vendor and in-house,Contracting and In House,Generative AI,Benefits Processing,Analytica and DV United,Not High-impact,
2025-0234,2025,DHS,AI Interview Simulator for Officer Training,Deployed,Deployed,Vendor and in-house,Contracting and In House,Generative AI,Admin Functions,"Steampunk, Customer Value Partners LLC (CVP) and Alpha Omega Integration (AOI)",Not High-impact,
2025-0235,2025,DHS,I-765 - USCIS Face Capture Mobile App,Retired,Retired,,,,,,High-impact,L0110
2025-0236,2025,DHS,Identity Match Option (IMO) Tool for Record Compilation,Retired,Retired,,,,,,"Presumed High-Impact, but Not High-impact",L0118
2025-0237,2025,DHS,Case Processing Improvements in FDNS-DS NexGen,Retired,Retired,,,,,,Not High-impact,L0111
2025-0238,2025,DHS,OCR for Scanning and Cataloging Documentation [Captiva Open Text],Retired,Retired,,,,,,Not High-impact,
2025-0239,2025,DHS,Enterprise WiFi,Pre-deployment,Pre-deployment,,,Generative AI,IT,,Not High-impact,
2025-0240,2025,DHS,Criminal Investigations (OBIM),Deployed,Deployed,Vendor,Vendor Purchased,Computer Vision,Law Enforcement,NEC,High-impact,L0119
2025-0241,2025,DHS,License Plate Reader,Deployed,Deployed,Vendor,Vendor Purchased,Computer Vision,Law Enforcement,Amped,Not High-impact,
2025-0242,2025,DOC,GitHub Copilot for Code Modernization,,,,,,,,,L0120
2025-0243,2025,DOC,Meeting Transcription Summarization,,,,,,,,,
2025-0244,2025,DOC,Real Time Classification for the Economic Census,,,,,,,,,L0121
2025-0245,2025,DOC,Automated Change Detection,,,,,,,,,L0122
2025-0246,2025,DOC,School staff information extraction from web page text,,,,,,,,,L0123
2025-0247,2025,DOC,Census Bureau Demographic Frame Person-Place Model,,,,,,,,,L0124
2025-0248,2025,DOC,Race and Ethnicity Autocoding,,,,,,,,,L0125
2025-0249,2025,DOC,Information extraction for web scraped data for Group Quarters frame enhancement,,,,,,,,,L0126
2025-0250,2025,DOC,Current Population Survey (CPS) Name Screening Tool,,,,,,,,,L0127
2025-0251,2025,DOC,Linkage and Matching Program (LaMP),,,,,,,,,L0128
2025-0252,2025,DOC,Census Research Exploration and Analysis Tool (CREAT),,,,,,,,,L0129
2025-0253,2025,DOC,Dr. NAICS LLM,,,,,,,,,L0130
2025-0254,2025,DOC,Automating Multilingual Census Data Processing: An AI and Transformer-Based Pipeline for Efficient Language Detection and Translation for Short-Text,,,,,,,,,L0131
2025-0255,2025,DOC,FAQ for SMaRT,,,,,,,,,L0132
2025-0256,2025,DOC,Statistical package syntax development and debugging,,,,,,,,,L0133
2025-0257,2025,DOC,DSD Python Code Translation,,,,,,,,,L0134
2025-0258,2025,DOC,Census API GPT,,,,,,,,,L0135
2025-0259,2025,DOC,Natural Language Search for data.census.gov,,,,,,,,,L0136
2025-0260,2025,DOC,"ACES CAPEX (structures, equipment, other) Machine Learning",,,,,,,,,L0137
2025-0261,2025,DOC,FirstNet Authority Network Program Management Data Analytics Tool and Service,,,,,,,,,
2025-0262,2025,DOC,FirstNet Authority Communications Topaz Labs Photo Editing,,,,,,,,,L0138
2025-0263,2025,DOC,Global Business Navigator Chatbot,,,,,,,,,L0139
2025-0264,2025,DOC,Generative AI Tools Pilot - Global Markets,,,,,,,,,L0140
2025-0265,2025,DOC,Generative AI Tools Pilot - Enterprise & Solutions Architecture,,,,,,,,,L0141
2025-0266,2025,DOC,ChatGPT Enterprise,,,,,,,,,
2025-0267,2025,DOC,Google AgentSpace,,,,,,,,,
2025-0268,2025,DOC,"Amazon Web Services NLP, Classification, Text Mining",,,,,,,,,
2025-0269,2025,DOC,"Google Public Sector NLP, Classification, Text Mining",,,,,,,,,
2025-0270,2025,DOC,Google Colab and VertexAI,,,,,,,,,
2025-0271,2025,DOC,Anthropic - Claude For Government,,,,,,,,,
2025-0272,2025,DOC,Science Data Portal Autosuggest Search,,,,,,,,,L0147
2025-0273,2025,DOC,Grammarly,,,,,,,,,L0146
2025-0274,2025,DOC,LLM support for NIST research (Azure),,,,,,,,,
2025-0275,2025,DOC,Library Market Research GenAI Tools Pilot,,,,,,,,,
2025-0276,2025,DOC,Google Gemini,,,,,,,,,
2025-0277,2025,DOC,LLM support for NIST research (NIST HPC),,,,,,,,,
2025-0278,2025,DOC,LLM support for NIST research (Google Vertex),,,,,,,,,
2025-0279,2025,DOC,Community-based Messaging with LLM,,,,,,,,,
2025-0280,2025,DOC,NWS Mutual Aid Coordination,,,,,,,,,
2025-0281,2025,DOC,Draft Fronts for Surface Analysis,,,,,,,,,
2025-0282,2025,DOC,Enhance LSR (Local Storm Report) Creation,,,,,,,,,
2025-0283,2025,DOC,NWS Public Safety Language Translation,,,,,,,,,
2025-0284,2025,DOC,Scientific Code Development Assistance,,,,,,,,,
2025-0285,2025,DOC,Evaluate AI Models for Probabilistic Hurricane Predictions,,,,,,,,,
2025-0286,2025,DOC,Evaluate AI for Forecasting Fronts,,,,,,,,,
2025-0287,2025,DOC,AI-Driven Global Forecast Model and Ensemble,,,,,,,,,
2025-0288,2025,DOC,AI-based Biased Correction and Downscaling for Weather Models,,,,,,,,,
2025-0289,2025,DOC,Improving Accuracy of Physical-based Models,,,,,,,,,
2025-0290,2025,DOC,Improve Background Error Modeling for JEDI,,,,,,,,,
2025-0291,2025,DOC,Enhanced Precipitation Forecasting,,,,,,,,,
2025-0292,2025,DOC,Ensemble Analysis to Identify Error Sources,,,,,,,,,
2025-0293,2025,DOC,"Enhanced Fire Weather, Aviation, and Storm Surge Forecast Guidance",,,,,,,,,
2025-0294,2025,DOC,Enhanced Flood Risk and Impact Modeling,,,,,,,,,
2025-0295,2025,DOC,Fisheries ESA Section 7 Biological Opinions and EFH Consultations,,,,,,,,,
2025-0296,2025,DOC,Fisheries Global Seafood Data System (GSDS) Audit Support Application,,,,,,,,,
2025-0297,2025,DOC,Optics Data Processing,,,,,,,,,
2025-0298,2025,DOC,Electronic Monitoring,,,,,,,,,
2025-0299,2025,DOC,Passive Acoustic Monitoring,,,,,,,,,
2025-0300,2025,DOC,Active Acoustics,,,,,,,,,
2025-0301,2025,DOC,OLE Looker,,,,,,,,,
2025-0302,2025,DOC,Grants,,,,,,,,,
2025-0303,2025,DOC,Streamlining Fisheries DevSecOps with Gemini Code Assist,,,,,,,,,
2025-0304,2025,DOC,ENSO and Hurricane Outlooks using observed/analyzed fields,,,,,,,,,
2025-0305,2025,DOC,Drought outlooks by using ML techniques,,,,,,,,,
2025-0306,2025,DOC,NN/ML for OPC probabilistic guidance and GEFS-Waves,,,,,,,,,
2025-0307,2025,DOC,ProbSR (probability of subfreezing roads,,,,,,,,,
2025-0308,2025,DOC,AI/ML based atmospheric physics parameterizations for numerical weather prediction,,,,,,,,,
2025-0309,2025,DOC,Detecting rip currents with coastal imagery,,,,,,,,,
2025-0310,2025,DOC,AI QC of water level observations,,,,,,,,,
2025-0311,2025,DOC,Flowcytobot imaging system data using ML,,,,,,,,,
2025-0312,2025,DOC,HABScope,,,,,,,,,
2025-0313,2025,DOC,IOOS Coastal Modeling Cloud Computing Sandbox,,,,,,,,,
2025-0314,2025,DOC,Classifying communitity shifts with Self Organizing Maps,,,,,,,,,
2025-0315,2025,DOC,Picky,,,,,,,,,
2025-0316,2025,DOC,Structure from Motion photomosaic work in SE/Caribbean,,,,,,,,,
2025-0317,2025,DOC,Utilizing Machine Learning for Coral Identification at Flower Garden Banks National Marine Sanctuary,,,,,,,,,
2025-0318,2025,DOC,Improving the quality of NGS's GPS on Benchmarks with machine learning,,,,,,,,,
2025-0319,2025,DOC,Coastal Change Analysis Program (C-CAP),,,,,,,,,L0148
2025-0320,2025,DOC,"Supporting the Development of System Resilience Indicators for Wild Rice in Lake Superior, Lake Michigan, and Lake Huron",,,,,,,,,
2025-0321,2025,DOC,Great Lakes Coastal Assembly Coastal Wetland Conservation Framework,,,,,,,,,
2025-0322,2025,DOC,Automated Post-Disaster Vessel and Debris Mapping from Remotely Sensed Imagery,,,,,,,,,
2025-0323,2025,DOC,Machine Learning Collaboration Yields New Methods to Measure Shoreline Marine Debris,,,,,,,,,
2025-0324,2025,DOC,Mussel Watch data management,,,,,,,,,
2025-0325,2025,DOC,Ice seal detection and species classification in multispectral aerial imagery,,,,,,,,,
2025-0326,2025,DOC,Edge AI survey payload development,,,,,,,,,
2025-0327,2025,DOC,Steller sea lion automated count program,,,,,,,,,
2025-0328,2025,DOC,Steller sea lion brand sighting,,,,,,,,,L0149
2025-0329,2025,DOC,Use of an Imaging Flow Cytobot for identification of phytoplankton and HABs in Alaska's Large Marine Ecosystems,,,,,,,,,
2025-0330,2025,DOC,Automated classification of zooplankton images,,,,,,,,,
2025-0331,2025,DOC,Acoustic and image-based habitat classification in the Gulf of Alaska using machine learning,,,,,,,,,
2025-0332,2025,DOC,Automated detection and abundance estimation of salmon and pollock in Alaska's walleye pollock fishery,,,,,,,,,
2025-0333,2025,DOC,Predicting annual market squid returns using machine learning methods,,,,,,,,,
2025-0334,2025,DOC,AI-based automation of acoustic detection of marine mammals,,,,,,,,,
2025-0335,2025,DOC,"Passive acoustic analysis using ML in Cook Inlet, AK",,,,,,,,,
2025-0336,2025,DOC,Automated matching of identification photographs of Cook Inlet beluga whales,,,,,,,,,
2025-0337,2025,DOC,Automate detection of marine mammals and birds in still images,,,,,,,,,
2025-0338,2025,DOC,Automated detections of fish and invertebrates in Habcam images,,,,,,,,,
2025-0339,2025,DOC,Deep learning algorithms to automate right whale photo id,,,,,,,,,
2025-0340,2025,DOC,Ropeless Geolocation System,,,,,,,,,
2025-0341,2025,DOC,"Capitalizing on a groundfish image library to test automated image
classification in the northeast region.",,,,,,,,,
2025-0342,2025,DOC,Geospatial Artificial Intelligence for Animals (GAIA),,,,,,,,,
2025-0343,2025,DOC,Robotic microscopes and machine learning algorithms remotely and autonomously track lower trophic levels for improved ecosystem monitoring and assessment,,,,,,,,,
2025-0344,2025,DOC,"Advancing sustainable shellfish aquaculture through machine learning and automated data
collection on fish communities",,,,,,,,,
2025-0345,2025,DOC,Integrating AI into AUV image analysis workflow,,,,,,,,,
2025-0346,2025,DOC,Development of large annotated image data sets for training detection of groundfish and benthic invertebrates,,,,,,,,,
2025-0347,2025,DOC,Using CoralNet to develop subtrate detection models for AUV imagery,,,,,,,,,
2025-0348,2025,DOC,AI and Machine Learning for end-to-end marine ecosystem model calibration and validation,,,,,,,,,
2025-0349,2025,DOC,Climate Change Impacts on the California Current Marine Ecosystem,,,,,,,,,
2025-0350,2025,DOC,Puget Sound Climate Impacts on Orcas and Salmon,,,,,,,,,
2025-0351,2025,DOC,Automating Anadromous Fish Counts using imaging sonar data,,,,,,,,,
2025-0352,2025,DOC,VIAME: Video and Image Analysis for the Marine Environment SoftwareToolkit,,,,,,,,,
2025-0353,2025,DOC,Artificial Fintelligence: Automating photo-ID of dolphins in the Pacific Islands,,,,,,,,,
2025-0354,2025,DOC,Machine learning to automate review of electronic monitoring data collected from the Hawaii Longline Fisheries,,,,,,,,,
2025-0355,2025,DOC,An Interactive Machine Learning Toolkit for Classifying Species Identity of Cetacean Echolocation Signals in Passive Acoustic Recordings,,,,,,,,,
2025-0356,2025,DOC,Advancing the use of technology for port sampling in the US Caribbean using image analysis for length composition,,,,,,,,,
2025-0357,2025,DOC,Fast tracking the use of VIAME for automated identification of reef fish,,,,,,,,,
2025-0358,2025,DOC,Automation detection of sea turtles from Uncrewed Aircraft System (UAS) Surveys,,,,,,,,,
2025-0359,2025,DOC,AI for automated Rice's whale call detections and soundscape sources,,,,,,,,,
2025-0360,2025,DOC,Using FinFindR (computer-assisted identification of dorsal fins) for automation of photo processing.,,,,,,,,,
2025-0361,2025,DOC,Developing automation in the shrimp fisheries electronic monitoring.,,,,,,,,,
2025-0362,2025,DOC,Developing image library for EM collected data to ID Protected Species Bycatch.,,,,,,,,,
2025-0363,2025,DOC,Developing automation in the Reefish fisheries electronic monitoring.,,,,,,,,,
2025-0364,2025,DOC,Automation and detection of Marine Mammals and Turtles from AUV collected imagery.,,,,,,,,,
2025-0365,2025,DOC,Integrating query learning and domain adaptation to develop robust ML algrithms to determine species and count using optical data gathered from fisheries dependent and fisheries independent data collected in the Gulf of Mexico.,,,,,,,,,
2025-0366,2025,DOC,Developing deep learning models to automate age determination,,,,,,,,,
2025-0367,2025,DOC,Using community-sourced underwater photography and image recognition software to study green sea turtle distribution and ecology in southern California,,,,,,,,,
2025-0368,2025,DOC,Searching for large whales in UAS photographic strip transect images: developing an AI/ML object detection model using aerial photogrammetry catalogues,,,,,,,,,
2025-0369,2025,DOC,Automated whale blow detections using IR cameras,,,,,,,,,
2025-0370,2025,DOC,Partially automated matching of gray whales in lateral photo identification images,,,,,,,,,
2025-0371,2025,DOC,"BANTER, a machine learning acoustic event classifier",,,,,,,,,L0150
2025-0372,2025,DOC,"California sea lion, Steller sea lion, and northern fur seal automated count program in the California current",,,,,,,,,
2025-0373,2025,DOC,Uncertainties and recommendations for projecting species distributions under climate change,,,,,,,,,
2025-0374,2025,DOC,Quantifying the spatiotemporal overlap of albacore with diverse fisheries and IUU risk factors in the North Pacific,,,,,,,,,
2025-0375,2025,DOC,"Advancing the West Coast Ocean Forecasting System through Assessment, Model Development, and Ecological Products",,,,,,,,,
2025-0376,2025,DOC,"Dynamic prediction system for illegal, unregulated, and unreported fishing",,,,,,,,,
2025-0377,2025,DOC,Where did they not go? Considerations for generating pseudo-absences for telemetry-based habitat models,,,,,,,,,
2025-0378,2025,DOC,Predictability of Species Distributions Deteriorates Under Novel Environmental Conditions in the California Current System,,,,,,,,,
2025-0379,2025,DOC,Denoising Citizen Science  Big-Data - Empowering Magnetic Navigation with Machine Learning,,,,,,,,,
2025-0380,2025,DOC,SUVI Thematic Maps,,,,,,,,,
2025-0381,2025,DOC,Use of AI/ML CNN for VIIRS cloud clearing and super resolution,,,,,,,,,
2025-0382,2025,DOC,LightningCast: A lightning nowcasting model,,,,,,,,,
2025-0383,2025,DOC,The Development of ProbSevere v3 - An improved nowcasting model in support of severe weather warning operations,,,,,,,,,
2025-0384,2025,DOC,"The VOLcanic Cloud Analysis Toolkit (VOLCAT): An application system for detecting, tracking, characterizing, and forecasting hazardous volcanic events",,,,,,,,,
2025-0385,2025,DOC,Automated detection of hazardous low clouds in support of safe and efficient transportation,,,,,,,,,
2025-0386,2025,DOC,The Next Generation Fire System (NGFS): Automated human expert-like detection of fires in satellite imagery,,,,,,,,,
2025-0387,2025,DOC,Nowcasting Extreme Fire Behavior,,,,,,,,,
2025-0388,2025,DOC,Leveraging Machine Learning to Enhance the Quality of Ocean Observations,,,,,,,,,
2025-0389,2025,DOC,"Work with Allen Institute on developing the Ai2 Climate Emulator (ACE) for seamless weather applications, including to emulate SHiELD-based medium-range forecasts for large ensemble predictions",,,,,,,,,
2025-0390,2025,DOC,"Work with NMFS and NOS using AI/ML to understand how fish habitats are shaped by ocean conditions, and how changes in conditions might impact fisheries distributions and productivity.",,,,,,,,,
2025-0391,2025,DOC,"AI/ML techniques to infer local climate conditions based on large-scale climate drivers (i.e., empirical-statistical downscaling)",,,,,,,,,
2025-0392,2025,DOC,Use of AI/ML techniques to understand the factors controlling coastal hypoxia and its predictabilit,,,,,,,,,
2025-0393,2025,DOC,A Hybrid Data-driven and Physics-based Framework for Atmospheric Radiative Transfer Modeling,,,,,,,,,
2025-0394,2025,DOC,"Detection of hardware issues in complex, wide-area computing systems based on non-intrusive workflow performance data gathered via the GFDL EPMT",,,,,,,,,
2025-0395,2025,DOC,AI based Precipitation estimation,,,,,,,,,
2025-0396,2025,DOC,Optimization of highly-concurrent workflow task management systems based on anomaly detection using non-intrusive workflow performance data gathered via the GFDL EPMT,,,,,,,,,
2025-0397,2025,DOC,Weather.gov 2.0 Rebuild and NWS API Improvement Efforts,,,,,,,,,
2025-0398,2025,DOC,Utilizing Neural Operator Deep Learning to Enhance National-Scale Coastal Ocean Predictions,,,,,,,,,
2025-0399,2025,DOC,Physics-Informed Neural Network Hurricane Vortex Reconstruction,,,,,,,,,
2025-0400,2025,DOC,A hybrid physics-machine learning model for orographic precipitation forecasting,,,,,,,,,
2025-0401,2025,DOC,Observation-Centric Estimation and Learning for Outlook Trajectories (OCELOT),,,,,,,,,
2025-0402,2025,DOC,Severe Convective Weather Parameter Generation using AI/ML with Microwave/Infrared Sounder Satellite Observations for Enhanced Weather Analysis and Forecast,,,,,,,,,
2025-0403,2025,DOC,AI Based Calibration/validation of satellite microwave sounder observations for Numerical Weather Prediction (NWP),,,,,,,,,
2025-0404,2025,DOC,AI/ML Enterprise Cloud Mask development and operational implementation for all NOAA and international partner sensors,,,,,,,,,
2025-0405,2025,DOC,AI-powered Chatbot for Federal Funding Assistance (Grants) Guidance Dissemination,,,,,,,,,
2025-0406,2025,DOC,Essential Fish Habitat Consultation Efficiency Increases and Template Creation,,,,,,,,,
2025-0407,2025,DOC,Generative AI for Biological Opinions,,,,,,,,,
2025-0408,2025,DOC,"Administrative Tools - (Such as meeting/document management, reasonable accommodation needs, other administrative efficiencies such as broad code generation/translation/optimizations)",,,,,,,,,
2025-0409,2025,DOC,CED Generative AI Pilot Program,,,,,,,,,
2025-0410,2025,DOC,GitHub CoPilot,,,,,,,,,
2025-0411,2025,DOC,Document existing functions,,,,,,,,,
2025-0412,2025,DOC,LLM-Generated Causal Models,,,,,,,,,
2025-0413,2025,DOC,SWFSC Publications Search,,,,,,,,,
2025-0414,2025,DOC,"Using ChatGPT4 /DALLE3, Adobe Sensei and similar for design ideation and image generation",,,,,,,,,
2025-0415,2025,DOC,Coastal Zone Management Act Section 312 Evaluations AI Pilot Project,,,,,,,,,
2025-0416,2025,DOC,Support Chat Bot,,,,,,,,,
2025-0417,2025,DOC,A Study to Determine Natural Language Processing (NLP) Capabilities with the NCCF Open Knowledge Mesh,,,,,,,,,
2025-0418,2025,DOC,Developing Access Capabilities for the NCCF Open Information Stewardship Service (OISS),,,,,,,,,
2025-0419,2025,DOC,Digital Twin for Earth Observations Using Artificial Intelligence,,,,,,,,,
2025-0420,2025,DOC,Improving Imagery Visualization using Limb-Correction and AI Resolution Enhancement for Microwave sensors,,,,,,,,,
2025-0421,2025,DOC,Super-resolution of Satellite Imagery Products using Generative AI,,,,,,,,,
2025-0422,2025,DOC,Ocean AI,,,,,,,,,
2025-0423,2025,DOC,AI based radiative transfer emulator for data assimilation and remote sensing,,,,,,,,,
2025-0424,2025,DOC,Integrating NOAA APIs with LLMs for Enhanced Access to Environmental Data and Insights,,,,,,,,,
2025-0425,2025,DOC,AI Pair Programming with GitHub CoPilot,,,,,,,,,
2025-0426,2025,DOC,Gemini (Previously Duet AI),,,,,,,,,
2025-0427,2025,DOC,AI-Driven Predictive Maintenance for the NOAA Fleet,,,,,,,,,
2025-0428,2025,DOC,AI-Enhanced Emergency Response and Mission Continuity Planning,,,,,,,,,
2025-0429,2025,DOC,Emissions Reduction for NOAA Fleet,,,,,,,,,
2025-0430,2025,DOC,Fleet Requirements Analysis and Management Engine (FRAME),,,,,,,,,
2025-0431,2025,DOC,"Assissted translation of code between Matlab, R, and Python",,,,,,,,,
2025-0432,2025,DOC,Storm Events Knowledge Graph Chatbot,,,,,,,,,
2025-0433,2025,DOC,Alma/Primo,,,,,,,,,
2025-0434,2025,DOC,Amazon Q Developer Pilot,,,,,,,,,
2025-0435,2025,DOC,APIgee with Gemini Code Assist for OpenAPI Development,,,,,,,,,
2025-0436,2025,DOC,WAWENETS,,,,,,,,,L0142
2025-0437,2025,DOC,Streamline Spectrum Activities,,,,,,,,,L0143
2025-0438,2025,DOC,Spectrum Visualizations,,,,,,,,,L0144
2025-0439,2025,DOC,Use of Lexis. Other searches for legal research,,,,,,,,,L0145
2025-0440,2025,DOC,Grants Program Administration - Inquiry management Chatbot Pilot,,,,,,,,,
2025-0441,2025,DOC,Grants Program Administration - BEAD Monitoring Plan Agent Pilot,,,,,,,,,
2025-0442,2025,DOC,Grants Program Administration - Tiered Environmental Assessment AI Pilot,,,,,,,,,
2025-0443,2025,DOC,"NTIA Grants Portal (NGP) - AI Summarization, Analytics, and Automations",,,,,,,,,
2025-0444,2025,DOC,Using AI to assess the AI-readiness of Commerce data,,,,,,,,,
2025-0445,2025,DOC,BAS Assist,,,,,,,,,
2025-0446,2025,DOC,DOC Chat,,,,,,,,,
2025-0447,2025,DOC,USAi.gov,,,,,,,,,
2025-0448,2025,DOC,PRISM BidScale,,,,,,,,,
2025-0449,2025,DOC,Implement MS365 Copilot in OS,,,,,,,,,
2025-0450,2025,DOC,Prior Art Search: AI Retrieval for Patent Search (PSAI) (Similarity Search),,,,,,,,,
2025-0451,2025,DOC,Pre-Exam Application: CPC Classification,,,,,,,,,
2025-0452,2025,DOC,TM Word and Image Search Tool (TWIST),,,,,,,,,
2025-0453,2025,DOC,Prior Art Search: Patent Image Search,,,,,,,,,
2025-0454,2025,DOC,Virtual Assistant (Public),,,,,,,,,
2025-0455,2025,DOC,Pre-Exam Application: Front End Document Code Quality Control,,,,,,,,,
2025-0456,2025,DOC,Pre-Exam Application: Skill Group Matching,,,,,,,,,
2025-0457,2025,DOC,GenAI platform and applications for general productivity,,,,,,,,,
2025-0458,2025,DOC,Prior Art Search: Automated Search AI Pilot (ASAP! Report),,,,,,,,,
2025-0459,2025,DOC,First Office Action Creation: Claim Comparision for Double Patenting,,,,,,,,,
2025-0460,2025,DOC,First Office Action Creation: Examination Analysis Determination/Analysis of Informalities (35 USC 101 and 112),,,,,,,,,
2025-0461,2025,DOC,Patent Fraud Detection & Mitigation,,,,,,,,,
2025-0462,2025,DOC,Assisted software development,,,,,,,,,
2025-0463,2025,DOC,Call Center Automations (Internal),,,,,,,,,
2025-0464,2025,DOC,Pre-Exam Application Processing: Trademark Center (TM Center) AI Automation,,,,,,,,,
2025-0465,2025,DOE,AI for Operations Center,Deployed,Deployed,In-house,In-house Development,NLP,Other,,Not High-impact,
2025-0466,2025,DOE,WCD-AI,Deployed,Deployed,In-house,In-house Development,NLP,Other,,Not High-impact,L0181
2025-0467,2025,DOE,OPQ-AI,Deployed,Deployed,In-house,In-house Development,Classical ML,Admin Functions,,Not High-impact,L0183
2025-0468,2025,DOE,Argo,Deployed,Deployed,In-house,In-house Development,Generative AI,Other,,Not High-impact,L0199
2025-0469,2025,DOE,pComply-AI-High Risk,Deployed,Deployed,In-house,In-house Development,Classical ML,Procurement and Finance Mgmt,,Not High-impact,
2025-0470,2025,DOE,Advanced Peer to Peer Transactive Energy Platform with Predictive Optimization,Pre-deployment,Pre-deployment,,,Classical ML,Science,,Not High-impact,
2025-0471,2025,DOE,Nanoparticle growth kinetics and mechanism,Pre-deployment,Pre-deployment,,,Classical ML,Science,,Not High-impact,
2025-0472,2025,DOE,Center for Mesoscale Transport Properties,Pre-deployment,Pre-deployment,,,Classical ML,Science,,Not High-impact,
2025-0473,2025,DOE,Develop a Machine Learning Framework for Optimal Computational Campaigns for Complex Uncertain Systems,Pre-deployment,Pre-deployment,,,Classical ML,Science,,Not High-impact,
2025-0474,2025,DOE,AI/ML in High Energy Physics Research,Pre-deployment,Pre-deployment,,,Classical ML,Science,,Not High-impact,
2025-0475,2025,DOE,SMMM,Pre-deployment,Pre-deployment,,,Classical ML,Science,,Not High-impact,
2025-0476,2025,DOE,A Digital Twin for In-silico Spatiotemporally-resolved Experiments,Pre-deployment,Pre-deployment,,,Classical ML,Science,,Not High-impact,
2025-0477,2025,DOE,Machine learning for accelerated understanding of dynamic catalysis,Pre-deployment,Pre-deployment,,,Classical ML,Science,,Not High-impact,
2025-0478,2025,DOE,Use AI/ML ML to Optimize Data and Experiments at National Synchrotron Light Source II (NSLS-II) and the Accelerator Test Facility (ATF),Pre-deployment,Pre-deployment,,,Classical ML,Science,,Not High-impact,
2025-0479,2025,DOE,"Data-Science Enabled, Robust and Rapid MeV Ultrafast Electron Diffraction System to Characterize Materials Including for Quantum and Energy Applications",Pre-deployment,Pre-deployment,,,Classical ML,Science,,Not High-impact,
2025-0480,2025,DOE,Use ML as part of an integrated strategy for  forecasting renewable energy resources,Pre-deployment,Pre-deployment,,,Classical ML,Science,,Not High-impact,
2025-0481,2025,DOE,"Development of a Planning, Operation, and Control Framework for Hybrid Energy Storage and Renewable Generation Systems",Pre-deployment,Pre-deployment,,,Classical ML,Science,,Not High-impact,
2025-0482,2025,DOE,Accelerated Nanomaterial Discovery,Pre-deployment,Pre-deployment,,,Classical ML,Science,,Not High-impact,
2025-0483,2025,DOE,Use AI/ML for Climate Prediction,Pre-deployment,Pre-deployment,,,Classical ML,Science,,Not High-impact,
2025-0484,2025,DOE,Storage usage effectiveness and data placement optimization at Data Center,Pre-deployment,Pre-deployment,,,Classical ML,Science,,Not High-impact,
2025-0485,2025,DOE,Objective-Driven Data Reduction for Scientific Workflows,Pre-deployment,Pre-deployment,,,Classical ML,Science,,Not High-impact,
2025-0486,2025,DOE,"Autonomous, real-time guiding of BCP film synthesis",Pre-deployment,Pre-deployment,,,Classical ML,Science,,Not High-impact,
2025-0487,2025,DOE,Low Dose Radiation Biology,Pre-deployment,Pre-deployment,,,Classical ML,Science,,Not High-impact,
2025-0488,2025,DOE,KBase: An Integrated Knowledgebase for Predictive Biology and Environmental Research,Pre-deployment,Pre-deployment,,,Classical ML,Science,,Not High-impact,
2025-0489,2025,DOE,"lntegrated Platform for Multimodal Data Capture, Exploration and Discovery Driven by Al Tools",Pre-deployment,Pre-deployment,,,Classical ML,Science,,Not High-impact,
2025-0490,2025,DOE,Accelerating HEP Science: Inference and Machine Learning at Extreme Scales,Pre-deployment,Pre-deployment,,,Classical ML,Science,,Not High-impact,
2025-0491,2025,DOE,Continuous Structure Descriptors for XANES Interpretation,Pre-deployment,Pre-deployment,,,Classical ML,Science,,Not High-impact,
2025-0492,2025,DOE,Machine Learning for Autonomous Control of Scientific User Facilities,Pre-deployment,Pre-deployment,,,Classical ML,Science,,Not High-impact,
2025-0493,2025,DOE,"Towards Edge Computing: A Software and Hardware Co-Design Methodology for Application-Specific Integrated
Circuit (ASIC)-based Scientific Neuromorphic Computing (NC)",Pre-deployment,Pre-deployment,,,Classical ML,Science,,Not High-impact,
2025-0494,2025,DOE,AI/ML for Applications in High Energy adn Nuclear Physics,Pre-deployment,Pre-deployment,,,Classical ML,Science,,Not High-impact,
2025-0495,2025,DOE,"RAPIDS3: A SciDAC Institute for Computer Science, Data, and Artificial Intelligence",Pre-deployment,Pre-deployment,,,Classical ML,Science,,Not High-impact,
2025-0496,2025,DOE,Use AI/ML to Enhance the Bioimaging Capabilities at Brookhaven National Laboratory (BNL),Pre-deployment,Pre-deployment,,,Classical ML,Science,,Not High-impact,
2025-0497,2025,DOE,Automated sorting of high repetition rate coherent diffraction data from XFELS,Pre-deployment,Pre-deployment,,,Classical ML,Science,,Not High-impact,
2025-0498,2025,DOE,Collaborative Machine learning platform for Scientific Discovery,Pre-deployment,Pre-deployment,,,Classical ML,Science,,Not High-impact,
2025-0499,2025,DOE,Tackling Solid-State Electrochemical Interfaces from Structure to Function Utilizing HPC and Machine Learning Tools,Pre-deployment,Pre-deployment,,,Classical ML,Science,,Not High-impact,
2025-0500,2025,DOE,5G-enabled Reliable and Decentralized IoT Framework with Blockchain,Pre-deployment,Pre-deployment,,,Classical ML,Science,,Not High-impact,
2025-0501,2025,DOE,AI/ML in Particle Accelerator Controls System,Pre-deployment,Pre-deployment,,,Classical ML,Science,,Not High-impact,
2025-0502,2025,DOE,AI/ML to design and optimize materials and their properties,Pre-deployment,Pre-deployment,,,Classical ML,Science,,Not High-impact,
2025-0503,2025,DOE,Intelligent Acquisition and Reconstruction for Hyper-Spectral Tomography Systems,Pre-deployment,Pre-deployment,,,Classical ML,Science,,Not High-impact,
2025-0504,2025,DOE,NLP Data Analytics for Program and Portfolio Insights,Pre-deployment,Pre-deployment,,,NLP,Admin Functions,,Not High-impact,
2025-0505,2025,DOE,OpenText for Records Management (Email Auto-Classification),Retired,Retired,,,,,,Not High-impact,L0152
2025-0506,2025,DOE,AI and natural-language powered search,Deployed,Deployed,Vendor,Vendor Purchased,Classical ML,IT,OpenText,Not High-impact,
2025-0507,2025,DOE,"Enhancing the circularity: Cost effective battery de-energization, disassembly, and pre-processing (CEBDDP)",Pre-deployment,Pre-deployment,,,Classical ML,Energy and Environment,,Not High-impact,
2025-0508,2025,DOE,AI Support Agent Chatbot,Pre-deployment,Pre-deployment,,,Generative AI,IT,,Not High-impact,
2025-0509,2025,DOE,OpenText for Records Management (File share auto-classification),Deployed,Deployed,Vendor,Vendor Purchased,Classical ML,IT,OpenText,Not High-impact,L0182
2025-0510,2025,DOE,Expanding Consumer Participation in Consumer Electronics Recycling Programs Utilizing Targeted Marketing Campaigns,Pre-deployment,Pre-deployment,,,NLP,Energy and Environment,,Not High-impact,
2025-0511,2025,DOE,FY19 Lab Call – Livewire Data Sharing Platform,Pre-deployment,Pre-deployment,,,Generative AI,IT,,Not High-impact,
2025-0512,2025,DOE,DOE Technical Standards,Deployed,Deployed,In-house,In-house Development,Generative AI,Admin Functions,EnerGPT,Not High-impact,L0164
2025-0513,2025,DOE,MAPPRITE,Pilot,Pilot,Vendor and in-house,Contracting and In House,Generative AI,Other,Special Technologies Laboratory (STL),Not High-impact,L0170
2025-0514,2025,DOE,Microsoft Bing Service,Deployed,Deployed,Vendor,Vendor Purchased,Generative AI,IT,Microsoft,Not High-impact,
2025-0515,2025,DOE,Ariculate 360 AI Assistant,Pre-deployment,Pre-deployment,Vendor,Vendor Purchased,Generative AI,IT,Articulate,Not High-impact,
2025-0516,2025,DOE,Visual Studio Enterprise,Deployed,Deployed,Vendor,Vendor Purchased,Generative AI,IT,Microsoft,Not High-impact,
2025-0517,2025,DOE,Microsoft OneNote,Deployed,Deployed,Vendor,Vendor Purchased,Generative AI,IT,Microsoft,Not High-impact,
2025-0518,2025,DOE,Microsoft Azure Authoring Tools,Deployed,Deployed,Vendor,Vendor Purchased,Generative AI,IT,Microsoft,Not High-impact,
2025-0519,2025,DOE,Apple Intelligence,Deployed,Deployed,Vendor,Vendor Purchased,Generative AI,IT,Apple,Not High-impact,
2025-0520,2025,DOE,Microsoft ScreenSketch,Deployed,Deployed,Vendor,Vendor Purchased,Generative AI,IT,Microsoft,Not High-impact,
2025-0521,2025,DOE,Microsoft Visual C++ Additional Runtime,Deployed,Deployed,Vendor,Vendor Purchased,Generative AI,IT,Microsoft,Not High-impact,
2025-0522,2025,DOE,Microsoft Project,Deployed,Deployed,Vendor,Vendor Purchased,Generative AI,IT,Microsoft,Not High-impact,
2025-0523,2025,DOE,Google Chrome Generative AI,Deployed,Deployed,Vendor,Vendor Purchased,Generative AI,IT,Google,Not High-impact,
2025-0524,2025,DOE,Microsoft Copilot,Deployed,Deployed,Vendor,Vendor Purchased,Generative AI,IT,Microsoft,Not High-impact,
2025-0525,2025,DOE,Microsoft Visual C++ Redistributable,Deployed,Deployed,Vendor,Vendor Purchased,Generative AI,IT,Microsoft,Not High-impact,
2025-0526,2025,DOE,Microsoft Teams,Deployed,Deployed,Vendor,Vendor Purchased,Generative AI,IT,Microsoft,Not High-impact,
2025-0527,2025,DOE,Microsoft Search in Bing,Deployed,Deployed,Vendor,Vendor Purchased,Generative AI,IT,Microsoft,Not High-impact,
2025-0528,2025,DOE,Microsoft Teams Classic,Deployed,Deployed,Vendor,Vendor Purchased,Generative AI,IT,Microsoft,Not High-impact,
2025-0529,2025,DOE,Microsoft MSPaint,Deployed,Deployed,Vendor,Vendor Purchased,Generative AI,IT,Microsoft,Not High-impact,
2025-0530,2025,DOE,Visual Studio Community,Deployed,Deployed,Vendor,Vendor Purchased,Generative AI,IT,Microsoft,Not High-impact,
2025-0531,2025,DOE,Microsoft OneDrive,Deployed,Deployed,Vendor,Vendor Purchased,Generative AI,IT,Microsoft,Not High-impact,
2025-0532,2025,DOE,Microsoft 365,Deployed,Deployed,Vendor,Vendor Purchased,Generative AI,IT,Microsoft,Not High-impact,
2025-0533,2025,DOE,Microsoft Visual C++ Minimum Runtime,Deployed,Deployed,Vendor,Vendor Purchased,Generative AI,IT,Microsoft,Not High-impact,
2025-0534,2025,DOE,Microsoft OneDrive MUI,Deployed,Deployed,Vendor,Vendor Purchased,Generative AI,IT,Microsoft,Not High-impact,
2025-0535,2025,DOE,Microsoft 365 Apps for Enterprise,Deployed,Deployed,Vendor,Vendor Purchased,Generative AI,IT,Microsoft,Not High-impact,
2025-0536,2025,DOE,Microsoft Outlook MUI,Deployed,Deployed,Vendor,Vendor Purchased,Generative AI,IT,Microsoft,Not High-impact,
2025-0537,2025,DOE,Microsoft Edge,Deployed,Deployed,Vendor,Vendor Purchased,Generative AI,IT,Microsoft,Not High-impact,
2025-0538,2025,DOE,SQL Server Management Studio,Deployed,Deployed,Vendor,Vendor Purchased,Generative AI,IT,Microsoft,Not High-impact,
2025-0539,2025,DOE,Microsoft Exchange Server,Deployed,Deployed,Vendor,Vendor Purchased,Generative AI,IT,Microsoft,Not High-impact,
2025-0540,2025,DOE,Microsoft Skype App,Deployed,Deployed,Vendor,Vendor Purchased,Generative AI,IT,Microsoft,Not High-impact,
2025-0541,2025,DOE,Microsoft OneNote MUI,Deployed,Deployed,Vendor,Vendor Purchased,Generative AI,IT,Microsoft,Not High-impact,
2025-0542,2025,DOE,Microsoft PowerPoint MUI,Deployed,Deployed,Vendor,Vendor Purchased,Generative AI,IT,Microsoft,Not High-impact,
2025-0543,2025,DOE,Microsoft Power BI Desktop,Deployed,Deployed,Vendor,Vendor Purchased,Generative AI,IT,Microsoft,Not High-impact,
2025-0544,2025,DOE,Microsoft Azure PowerShell,Deployed,Deployed,Vendor,Vendor Purchased,Generative AI,IT,Microsoft,Not High-impact,
2025-0545,2025,DOE,MI8 Collimators Surogate Model,Pilot,Pilot,In-house,In-house Development,Classical ML,Science,,Not High-impact,L0171
2025-0546,2025,DOE,Unleashing AI Transformer Models on FPGAs for Accelerating LHC and Particle Physics,Pre-deployment,Pre-deployment,,,Classical ML,Science,,Not High-impact,L0188
2025-0547,2025,DOE,Machine Learning for Linac Improved Performance,Pilot,Pilot,In-house,In-house Development,Classical ML,Science,,Not High-impact,L0207
2025-0548,2025,DOE,AI Denoising,Retired,Retired,,,,,,Not High-impact,
2025-0549,2025,DOE,Next-Generation Beam Cooling and Control with Optical Stochastic Cooling,Pre-deployment,Pre-deployment,,,Reinforcement Learning,Science,,Not High-impact,L0208
2025-0550,2025,DOE,In-storage computing for multi-messenger astronomy in neutrino experiments and cosmological surveys,Pre-deployment,Pre-deployment,,,Classical ML,Science,,Not High-impact,
2025-0551,2025,DOE,high level synthesis for machine learning (previously hls4ml),Deployed,Deployed,In-house,In-house Development,Classical ML,Science,,Not High-impact,L0209
2025-0552,2025,DOE,Streamining intelligent detectors for sPHENIX/EIC,Pre-deployment,Pre-deployment,,,Classical ML,Science,,Not High-impact,L0210
2025-0553,2025,DOE,In-pixel AI for future tracking detectors,Pilot,Pilot,In-house,In-house Development,Classical ML,Science,,Not High-impact,L0211
2025-0554,2025,DOE,SONIC: AI acceleration as a service,Pilot,Pilot,In-house,In-house Development,Classical ML,Science,,Not High-impact,L0212
2025-0555,2025,DOE,High-Velocity AI: Generative Models,Retired,Retired,,,,,,Not High-impact,
2025-0556,2025,DOE,Uncertainty Quantification and Instrument Automation to enable next generation cosmological discoveries,Pre-deployment,Pre-deployment,,,Classical ML,Science,,Not High-impact,
2025-0557,2025,DOE,READS: Real-time Edge AI for Distributed Systems,Deployed,Deployed,In-house,In-house Development,Classical ML,Science,,Not High-impact,L0213
2025-0558,2025,DOE,Simulation-based inference for cosmology,Pre-deployment,Pre-deployment,,,Classical ML,Science,,Not High-impact,
2025-0559,2025,DOE,Denoising Diffusion to Accelerate Detector Simulation,Pilot,Pilot,In-house,In-house Development,Classical ML,Science,,Not High-impact,
2025-0560,2025,DOE,Extreme data reduction for the edge,Pre-deployment,Pre-deployment,,,Classical ML,Science,,Not High-impact,L0214
2025-0561,2025,DOE,Machine Learning for Accelerator Operations Using Big Data Analytics / L-CAPE,Pilot,Pilot,In-house,In-house Development,Classical ML,Science,,Not High-impact,L0215
2025-0562,2025,DOE,Argonne Resilience AI Assistant ARAIA (nee CALLM),Pre-deployment,Pre-deployment,,,Generative AI,Energy and Environment,,Not High-impact,
2025-0563,2025,DOE,CAISY,Deployed,Deployed,Vendor,Vendor Purchased,Reinforcement Learning,Admin Functions,SKILLSOFT,Not High-impact,L0161
2025-0564,2025,DOE,EnerGPT,Deployed,Deployed,Vendor and in-house,Contracting and In House,Generative AI,Admin Functions,"Accenture Federal Services, Google",Not High-impact,L0169
2025-0565,2025,DOE,Funding Finder,Retired,Retired,,,,,,Not High-impact,L0184
2025-0566,2025,DOE,PDF Analyzer,Deployed,Deployed,Vendor and in-house,Contracting and In House,Generative AI,Admin Functions,"Accenture Federal Services, Google",Not High-impact,L0185
2025-0567,2025,DOE,SmartPD Creator,Deployed,Deployed,Vendor and in-house,Contracting and In House,Generative AI,Admin Functions,"Accenture Federal Services, Google",Not High-impact,
2025-0568,2025,DOE,PWS Builder,Deployed,Deployed,Vendor and in-house,Contracting and In House,Generative AI,Admin Functions,"Accenture Federal Services, Google",Not High-impact,
2025-0569,2025,DOE,EnerGPT Canvas,Deployed,Deployed,Vendor and in-house,Contracting and In House,Generative AI,Admin Functions,"Accenture Federal Services, Google",Not High-impact,
2025-0570,2025,DOE,Network Security and Analysis,Deployed,Deployed,Vendor,Vendor Purchased,Classical ML,Cybersecurity,Vectra,Not High-impact,
2025-0571,2025,DOE,AI-Based Chat Bot,Retired,Retired,,,,,,Not High-impact,
2025-0572,2025,DOE,Text To Speech Audio Generation,Deployed,Deployed,Vendor,Vendor Purchased,Generative AI,HR,Wellsaid,Not High-impact,L0166
2025-0573,2025,DOE,Merlin - KCNSC Generative AI with RAG,Pilot,Pilot,In-house,In-house Development,Generative AI,IT,N/A - Open Source Integration,Not High-impact,
2025-0574,2025,DOE,Tabnine AI Pair Programmer,Pre-deployment,Pre-deployment,Vendor,Vendor Purchased,Generative AI,IT,Tabnine,Not High-impact,
2025-0575,2025,DOE,Microsoft Co-Pilot,Pilot,Pilot,Vendor,Vendor Purchased,Generative AI,Admin Functions,Microsoft,Not High-impact,
2025-0576,2025,DOE,ServiceNow Predictive Intelligence,Deployed,Deployed,Vendor,Vendor Purchased,Generative AI,IT,ServiceNow (SAAS hosting provider),Not High-impact,L0155
2025-0577,2025,DOE,NLCOO AI for Lessons Learned tool,Deployed,Deployed,In-house,In-house Development,NLP,Other,No Vendor Involved,Not High-impact,L0158
2025-0578,2025,DOE,ServiceNow Virtual Agent,Deployed,Deployed,Vendor,Vendor Purchased,NLP,IT,ServiceNow,Not High-impact,L0162
2025-0579,2025,DOE,LANL AI Portal,Deployed,Deployed,In-house,In-house Development,Generative AI,Admin Functions,Amazon Web Services (hosting provider),Not High-impact,L0197
2025-0580,2025,DOE,ChatGPT Enterprise,Deployed,Deployed,Vendor,Vendor Purchased,Generative AI,Admin Functions,OpenAI (SAAS hosting provider),Not High-impact,L0198
2025-0581,2025,DOE,ServiceNow Classification Prediction,Deployed,Deployed,Vendor,Vendor Purchased,Classical ML,IT,ServiceNow,Not High-impact,
2025-0582,2025,DOE,M365 Copilot,Pilot,Pilot,Vendor,Vendor Purchased,Generative AI,Other,Microsoft,"Presumed High-Impact, but Not High-impact",
2025-0583,2025,DOE,ServiceNow Cluster Analysis,Deployed,Deployed,Vendor,Vendor Purchased,Classical ML,IT,ServiceNow,Not High-impact,
2025-0584,2025,DOE,ServiceNow Similarity Analysis,Deployed,Deployed,Vendor,Vendor Purchased,Classical ML,IT,ServiceNow,Not High-impact,
2025-0585,2025,DOE,ServiceNow Now Assist,Pre-deployment,Pre-deployment,Vendor,Vendor Purchased,Agentic AI,IT,ServiceNow,Not High-impact,L0180
2025-0586,2025,DOE,ServiceNow LANL AI Portal Integration,Pre-deployment,Pre-deployment,In-house,In-house Development,Generative AI,IT,ServiceNow,Not High-impact,
2025-0587,2025,DOE,ServiceNow AI Search,Pre-deployment,Pre-deployment,Vendor,Vendor Purchased,NLP,IT,ServiceNow,Not High-impact,
2025-0588,2025,DOE,Bernie-AI: Infrastructure Planning Support POC,Pilot,Pilot,In-house,In-house Development,Generative AI,IT,,Not High-impact,
2025-0589,2025,DOE,OpenAI ChatGPT Pilot,Pilot,Pilot,Vendor,Vendor Purchased,Generative AI,IT,OpenAI,Not High-impact,
2025-0590,2025,DOE,NIF Shot Analytics & Predictive Maintenance Support Pilot,Pilot,Pilot,Vendor,Vendor Purchased,Classical ML,Science,C3,Not High-impact,
2025-0591,2025,DOE,xAI Grok Pilot,Pilot,Pilot,Vendor,Vendor Purchased,Generative AI,IT,xAI,Not High-impact,
2025-0592,2025,DOE,LivChat,Deployed,Deployed,In-house,In-house Development,Generative AI,IT,,Not High-impact,
2025-0593,2025,DOE,LISA Chatbot Pilot,Pilot,Pilot,Vendor and in-house,Contracting and In House,Generative AI,IT,AWS,Not High-impact,
2025-0594,2025,DOE,Microsoft Copilot Pilot,Pilot,Pilot,Vendor,Vendor Purchased,Generative AI,IT,Microsoft,Not High-impact,
2025-0595,2025,DOE,Amazon Q Chatbot Pilot,Pre-deployment,Pre-deployment,Vendor and in-house,Contracting and In House,Generative AI,IT,AWS,Not High-impact,
2025-0596,2025,DOE,Anthropic Claude Pilot,Pilot,Pilot,Vendor,Vendor Purchased,Generative AI,IT,Anthropic,Not High-impact,
2025-0597,2025,DOE,Drone Imagery Analysis,Pilot,Pilot,Vendor,Vendor Purchased,Classical ML,Energy and Environment,TBD,Not High-impact,
2025-0598,2025,DOE,Soil Moisture Modeling,Pilot,Pilot,Vendor,Vendor Purchased,Classical ML,Energy and Environment,University of Montana,Not High-impact,L0216
2025-0599,2025,DOE,Georeference Figures,Deployed,Deployed,Vendor,Vendor Purchased,Classical ML,Energy and Environment,Tesseract,Not High-impact,
2025-0600,2025,DOE,Groundwater Modeling,Deployed,Deployed,Vendor,Vendor Purchased,Classical ML,Energy and Environment,PEST,Not High-impact,L0151
2025-0601,2025,DOE,Scripting,Deployed,Deployed,Vendor,Vendor Purchased,NLP,Energy and Environment,Google Gemini,Not High-impact,
2025-0602,2025,DOE,First Alert DataMinr AI,Deployed,Deployed,Vendor,Vendor Purchased,NLP,Emergency Mgmt,Dataminr,Not High-impact,L0193
2025-0603,2025,DOE,DNA-P Use Cases Leaverging Artificial Intellegence  (Pilot),Pilot,Pilot,In-house,In-house Development,Other,Other,Palantir,Not High-impact,
2025-0604,2025,DOE,DNA-P Use Cases Leaverging Artificial Intellegence (Pre-Development),Pre-deployment,Pre-deployment,,,Other,Other,,Not High-impact,
2025-0605,2025,DOE,DNA-P Use Cases Leaverging Artificial Intellegence (Deployed),Deployed,Deployed,In-house,In-house Development,Other,Other,Palantir,Not High-impact,
2025-0606,2025,DOE,NA-CI Salesforce,Deployed,Deployed,Vendor,Vendor Purchased,Other,Other,Salesforce,Not High-impact,
2025-0607,2025,DOE,Scopus AI,Deployed,Deployed,Vendor and in-house,Contracting and In House,Other,Other,Not available,Not High-impact,L0168
2025-0608,2025,DOE,AI for Intelligent Automation,Deployed,Deployed,Vendor and in-house,Contracting and In House,Generative AI,Other,Not available,Not High-impact,L0179
2025-0609,2025,DOE,Cyber Threat Enrichment,Deployed,Deployed,In-house,In-house Development,Other,Other,,Not High-impact,
2025-0610,2025,DOE,INL AI Virtual Assitant (AiVA),Deployed,Deployed,In-house,In-house Development,Generative AI,Other,,Not High-impact,L0187
2025-0611,2025,DOE,ESH&Q NEPA App,Deployed,Deployed,Vendor and in-house,Contracting and In House,Other,Other,Not available,Not High-impact,
2025-0612,2025,DOE,ACORN (Autonomous Operation for Reactor Technologies),Pilot,Pilot,Vendor and in-house,Contracting and In House,Classical ML,Other,Open source development,Not High-impact,
2025-0613,2025,DOE,Custom GenAI for eVinci Microreactor Engineering (MauroGPT),Pilot,Pilot,Vendor and in-house,Contracting and In House,Generative AI,Other,Open source development with INL Advanced Analystics Center of Excellence,High-impact,
2025-0614,2025,DOE,VIPER (Visualizaiton for Predictive Maintenance Recommendation),Pilot,Pilot,Vendor and in-house,Contracting and In House,Generative AI,Other,Open Source development,Not High-impact,
2025-0615,2025,DOE,Nuclear Safety Analysis,Pilot,Pilot,Vendor and in-house,Contracting and In House,Other,Other,Not available,High-impact,
2025-0616,2025,DOE,Safeguards Digital Twin,Pilot,Pilot,Vendor and in-house,Contracting and In House,Classical ML,Science,Not available,Not High-impact,
2025-0617,2025,DOE,EDMS Admin,Pilot,Pilot,Vendor and in-house,Contracting and In House,Generative AI,Admin Functions,Not available,Not High-impact,
2025-0618,2025,DOE,Project Optimus - Prime Contract,Pilot,Pilot,Vendor and in-house,Contracting and In House,Other,Other,Not available,Not High-impact,
2025-0619,2025,DOE,MR-DT,Pre-deployment,Pre-deployment,,,Classical ML,Science,,"Presumed High-Impact, but Not High-impact",
2025-0620,2025,DOE,Custom GenAI for Advanced Reactor Development (LotusAI),Pilot,Pilot,Vendor and in-house,Contracting and In House,Generative AI,Other,Open source development,High-impact,
2025-0621,2025,DOE,Microsoft CoPilot,Deployed,Deployed,Vendor and in-house,Contracting and In House,Generative AI,Admin Functions,Microsoft,Not High-impact,
2025-0622,2025,DOE,Custom GenAI for Advanced Reactor Development (RickoverAI),Pilot,Pilot,Vendor and in-house,Contracting and In House,Generative AI,Other,Open source development with INL Advanced Analytics Center of Excellence,High-impact,
2025-0623,2025,DOE,ServiceNow Now Assist (AskIT),Deployed,Deployed,Vendor and in-house,Contracting and In House,Other,Other,Not available,Not High-impact,
2025-0624,2025,DOE,ChatGPT,Pilot,Pilot,Vendor and in-house,Contracting and In House,Generative AI,IT,Open AI,Not High-impact,
2025-0625,2025,DOE,AGN-201 DT,Pilot,Pilot,Vendor and in-house,Contracting and In House,Classical ML,Science,Not available,Not High-impact,
2025-0626,2025,DOE,HR Job Postings,Pre-deployment,Pre-deployment,In-house,In-house Development,Generative AI,HR,,High-impact,
2025-0627,2025,DOE,Critical Materials,Pre-deployment,Pre-deployment,,,Generative AI,Science,,High-impact,
2025-0628,2025,DOE,Advanced Fuels Campaign,Pilot,Pilot,Vendor and in-house,Contracting and In House,Other,Other,Not available,High-impact,
2025-0629,2025,DOE,ATLAS,Pre-deployment,Pre-deployment,,,Other,IT,,Not High-impact,
2025-0630,2025,DOE,MOOSE-LLM,Pilot,Pilot,In-house,In-house Development,Generative AI,Energy and Environment,Open source,Not High-impact,
2025-0631,2025,DOE,DevSec Ops AI,Deployed,Deployed,Vendor and in-house,Contracting and In House,Other,Other,Not available,Not High-impact,
2025-0632,2025,DOE,Climate Weather Data,Deployed,Deployed,Vendor and in-house,Contracting and In House,Other,Other,Not available,Not High-impact,
2025-0633,2025,DOE,EES&T Document Processing,Pilot,Pilot,Vendor and in-house,Contracting and In House,Other,Other,Not available,Not High-impact,
2025-0634,2025,DOE,Microsoft AI Builder,Pilot,Pilot,Vendor and in-house,Contracting and In House,Agentic AI,IT,Microsoft,Not High-impact,
2025-0635,2025,DOE,HALO AI,Pre-deployment,Pre-deployment,,,Other,Other,,Not High-impact,
2025-0636,2025,DOE,COREII,Pilot,Pilot,Vendor and in-house,Contracting and In House,Generative AI,Cybersecurity,1899-12-31 11:59:00,Not High-impact,
2025-0637,2025,DOE,GenAI for Classified Subject Area Categorization,Pilot,Pilot,Vendor and in-house,Contracting and In House,Generative AI,Admin Functions,Open source development with INL Advanced Analytics Center of Excellence,Not High-impact,
2025-0638,2025,DOE,Anthropic Claude,Pilot,Pilot,Vendor and in-house,Contracting and In House,Generative AI,Admin Functions,Anthropic,Not High-impact,
2025-0639,2025,DOE,HPC OpenAI-Compatible API,Deployed,Deployed,Vendor and in-house,Contracting and In House,Other,Other,Open Source,Not High-impact,
2025-0640,2025,DOE,Custom GenAI for ATR Fuel Conversion Project (FuelGPT),Pilot,Pilot,Vendor and in-house,Contracting and In House,Generative AI,Other,Open source development,Not High-impact,
2025-0641,2025,DOE,Chatlab,Pilot,Pilot,Vendor and in-house,Contracting and In House,Generative AI,Other,Not available,Not High-impact,
2025-0642,2025,DOE,Geo Threat Observable for structure cyber threat related to the energy sector,Deployed,Deployed,Vendor and in-house,Contracting and In House,Other,Other,Not available,Not High-impact,
2025-0643,2025,DOE,EES&T Communications Impact,Pilot,Pilot,Vendor and in-house,Contracting and In House,Other,Other,Not available,Not High-impact,
2025-0644,2025,DOE,Road Conditions from IBM Watson for INL,Deployed,Deployed,Vendor and in-house,Contracting and In House,Other,Other,Not available,Not High-impact,
2025-0645,2025,DOE,Deep Learning Malware Analysis for reusable cyber defenses.,Deployed,Deployed,Vendor and in-house,Contracting and In House,Other,Other,Not available,Not High-impact,
2025-0646,2025,DOE,Natural Language Processing,Pre-deployment,Pre-deployment,,,Classical ML,Energy and Environment,,Not High-impact,
2025-0647,2025,DOE,DOE AI Data Infrastructure System,Pre-deployment,Pre-deployment,,,Classical ML,Energy and Environment,,Not High-impact,
2025-0648,2025,DOE,"Creation of polymer datasets and inverse design of polymers with targeted backbones having 
High CO2 permeability and high CO2/N2 selectivity.",Pre-deployment,Pre-deployment,,,Classical ML,Energy and Environment,,Not High-impact,
2025-0649,2025,DOE,To use AI to calibrate the simulation model by matching simulation data with production history data.,Pre-deployment,Pre-deployment,,,Classical ML,Energy and Environment,,Not High-impact,
2025-0650,2025,DOE,"Data discovery, processing, and generation using machine learning for a range of CCS data and information",Pre-deployment,Pre-deployment,,,Classical ML,Energy and Environment,,Not High-impact,
2025-0651,2025,DOE,Machine Learning for geophysical data inversion,Deployed,Deployed,In-house,In-house Development,Classical ML,Energy and Environment,,Not High-impact,
2025-0652,2025,DOE,"To help automate data discovery and preparations to support a range of CS models, tools, and products",Pre-deployment,Pre-deployment,,,NLP,Science,,Not High-impact,
2025-0653,2025,DOE,IDAES-PSE,Pre-deployment,Pre-deployment,,,Classical ML,Energy and Environment,,Not High-impact,
2025-0654,2025,DOE,NRAP-Open-IAM,Pre-deployment,Pre-deployment,,,Classical ML,Energy and Environment,,Not High-impact,
2025-0655,2025,DOE,Offshore AIIM Dashboard,Pre-deployment,Pre-deployment,,,Classical ML,Energy and Environment,,Not High-impact,
2025-0656,2025,DOE,EDX-ClaiMM,Pre-deployment,Pre-deployment,,,NLP,Science,,Not High-impact,
2025-0657,2025,DOE,Smart CO2 Transport-Route Planning Tool,Pre-deployment,Pre-deployment,,,Classical ML,Energy and Environment,,Not High-impact,
2025-0658,2025,DOE,"To  drive insights on the power system reliability, cost, and operations during the energy transition with and without FECM technologies",Pre-deployment,Pre-deployment,,,Classical ML,Energy and Environment,,Not High-impact,
2025-0659,2025,DOE,To  drive insights on the dependencies between the natural gas and electricity sectors to increase reliability of the NG system,Pre-deployment,Pre-deployment,,,Classical ML,Energy and Environment,,Not High-impact,
2025-0660,2025,DOE,"Data platform to expedite access and reuse of carbon ore data for materials, manufacturing and research",Pre-deployment,Pre-deployment,,,Classical ML,Energy and Environment,,Not High-impact,
2025-0661,2025,DOE,ServiceNow Virtual Agent Natural Language Understanding,Deployed,Deployed,Vendor,Vendor Purchased,NLP,IT,ServiceNow,Not High-impact,
2025-0662,2025,DOE,AI Builder Document Scraping,Deployed,Deployed,Vendor,Vendor Purchased,Computer Vision,Admin Functions,Microsoft,Not High-impact,
2025-0663,2025,DOE,Azure Document Intelligence,Pre-deployment,Pre-deployment,,,Computer Vision,Admin Functions,,Not High-impact,
2025-0664,2025,DOE,SpyglassGPT Chat Assistant,Deployed,Deployed,Vendor and in-house,Contracting and In House,Generative AI,Admin Functions,Microsoft,Not High-impact,
2025-0665,2025,DOE,Azure AI Search,Pre-deployment,Pre-deployment,,,NLP,Admin Functions,,Not High-impact,
2025-0666,2025,DOE,Copilot Studio,Pre-deployment,Pre-deployment,,,Generative AI,Admin Functions,,Not High-impact,
2025-0667,2025,DOE,Agentic AI for cybersecurity change request reviews,Pre-deployment,Pre-deployment,,,Agentic AI,Cybersecurity,,Not High-impact,
2025-0668,2025,DOE,Microsoft 365 Copilot,Pre-deployment,Pre-deployment,,,Generative AI,Admin Functions,,Not High-impact,
2025-0669,2025,DOE,Lex Natural Language Interface,Deployed,Deployed,In-house,In-house Development,Generative AI,IT,Microsoft,Not High-impact,L0167
2025-0670,2025,DOE,AskOEDI,Deployed,Deployed,In-house,In-house Development,Generative AI,Energy and Environment,"AWS, Azure, OpenAI",Not High-impact,L0175
2025-0671,2025,DOE,LLM EV,Deployed,Deployed,In-house,In-house Development,Generative AI,Energy and Environment,"Azure, OpenAI",Not High-impact,L0190
2025-0672,2025,DOE,AskPRIMR,Deployed,Deployed,In-house,In-house Development,Generative AI,Energy and Environment,"AWS, Azure, OpenAI",Not High-impact,L0191
2025-0673,2025,DOE,Energy Wizard,Deployed,Deployed,In-house,In-house Development,Generative AI,Energy and Environment,"AWS, Azure, OpenAI",Not High-impact,L0196
2025-0674,2025,DOE,AskGDR,Deployed,Deployed,In-house,In-house Development,Generative AI,Energy and Environment,"AWS, Azure, OpenAI",Not High-impact,L0201
2025-0675,2025,DOE,WETO SA,Deployed,Deployed,In-house,In-house Development,Generative AI,Energy and Environment,"Azure, OpenAI",Not High-impact,
2025-0676,2025,DOE,CoPilot,Pilot,Pilot,Vendor,Vendor Purchased,Other,Admin Functions,Microsoft,Not High-impact,
2025-0677,2025,DOE,ORNL: Foundational AI Research,Pre-deployment,Pre-deployment,,,Generative AI,Science,,High-impact,
2025-0678,2025,DOE,ORNL: AI for Materials Science,Pre-deployment,Pre-deployment,,,Generative AI,Science,,High-impact,
2025-0679,2025,DOE,ORNL: AI for Experimental Facilities Operations,Pre-deployment,Pre-deployment,,,Agentic AI,Science,,High-impact,
2025-0680,2025,DOE,ORNL: AI for Transportation and Mobility,Pre-deployment,Pre-deployment,,,Classical ML,Science,,High-impact,
2025-0681,2025,DOE,ORNL: AI for Energy Generation and Distribution,Pre-deployment,Pre-deployment,,,Classical ML,Science,,High-impact,
2025-0682,2025,DOE,ORNL: AI for Advanced Manufacturing,Pre-deployment,Pre-deployment,,,Classical ML,Science,,High-impact,
2025-0683,2025,DOE,ORNL: AI for Bio and Health Sciences,Pre-deployment,Pre-deployment,,,Generative AI,Science,,High-impact,
2025-0684,2025,DOE,ORNL: AI for the Smart Laboratory,Pre-deployment,Pre-deployment,,,Agentic AI,Science,,High-impact,
2025-0685,2025,DOE,ORNL: AI for Neutron Science,Pre-deployment,Pre-deployment,,,Classical ML,Science,,High-impact,
2025-0686,2025,DOE,ORNL: AI for Earth Systems,Pre-deployment,Pre-deployment,,,Generative AI,Energy and Environment,,High-impact,
2025-0687,2025,DOE,ORNL: AI for Fusion Energy,Pre-deployment,Pre-deployment,,,Classical ML,Science,,High-impact,
2025-0688,2025,DOE,Copilot Studio,Deployed,Deployed,Vendor,Vendor Purchased,Generative AI,IT,Microsoft,High-impact,
2025-0689,2025,DOE,ServiceNow AI Search,Pre-deployment,Pre-deployment,,,Generative AI,IT,,Not High-impact,
2025-0690,2025,DOE,Copilot for Microsoft 365,Deployed,Deployed,Vendor,Vendor Purchased,Generative AI,IT,Microsoft,High-impact,
2025-0691,2025,DOE,AI for High Risk Property,Pre-deployment,Pre-deployment,,,Generative AI,IT,,High-impact,
2025-0692,2025,DOE,AI for Isotopes (Pellet) Inspection,Pre-deployment,Pre-deployment,,,Computer Vision,Energy and Environment,,High-impact,
2025-0693,2025,DOE,AI Assistant Phase 2 Simple Chat,Deployed,Deployed,In-house,In-house Development,Generative AI,Admin Functions,,Not High-impact,
2025-0694,2025,DOE,AI for QA Audit,Pre-deployment,Pre-deployment,,,Generative AI,Admin Functions,,Not High-impact,
2025-0695,2025,DOE,AI Enabled Code Review,Pre-deployment,Pre-deployment,,,Generative AI,IT,,High-impact,
2025-0696,2025,DOE,AI Video Creation,Pre-deployment,Pre-deployment,,,Generative AI,Other,,Not High-impact,
2025-0697,2025,DOE,QuantomVision,Pre-deployment,Pre-deployment,,,Generative AI,IT,Open AI,High-impact,
2025-0698,2025,DOE,Knowledge Capture Agent (KCA),Pre-deployment,Pre-deployment,,,Generative AI,IT,,High-impact,
2025-0699,2025,DOE,AI for Vendor Compliance,Pre-deployment,Pre-deployment,,,Generative AI,Procurement and Finance Mgmt,,Not High-impact,
2025-0700,2025,DOE,AI Safety Tool,Pre-deployment,Pre-deployment,,,Generative AI,Energy and Environment,,High-impact,
2025-0701,2025,DOE,AI for Financial Analysis,Pre-deployment,Pre-deployment,,,Classical ML,Procurement and Finance Mgmt,,Not High-impact,
2025-0702,2025,DOE,Topic Modeling for Energy.gov,Retired,Retired,,,,,,Not High-impact,L0202
2025-0703,2025,DOE,PARSGPT,Deployed,Deployed,In-house,In-house Development,Generative AI,Admin Functions,,Not High-impact,L0154
2025-0704,2025,DOE,Advancing Market-Ready Building Energy Management by Cost-Effective Differentiable Predictive Control,Deployed,Deployed,In-house,In-house Development,Reinforcement Learning,Energy and Environment,,Not High-impact,
2025-0705,2025,DOE,Adaptive Cyber-Physical Resilience for Building Control Systems,Deployed,Deployed,Vendor and in-house,Contracting and In House,Reinforcement Learning,Energy and Environment,PassiveLogic,Not High-impact,
2025-0706,2025,DOE,Elucidating Genetic and Environmental Risk Factors for Antipsychotic-induced Metabolic Adverse Effects Using AI,Deployed,Deployed,In-house,In-house Development,Classical ML,Health and Medical,,Not High-impact,
2025-0707,2025,DOE,APT Analytics,Pre-deployment,Pre-deployment,Vendor and in-house,Contracting and In House,Classical ML,Science,Microsoft,Not High-impact,
2025-0708,2025,DOE,AI used for predictive modeling and real time control of traffic systems,Deployed,Deployed,Vendor and in-house,Contracting and In House,Reinforcement Learning,Transportation,Microsoft,Not High-impact,
2025-0709,2025,DOE,Laboratory Automation,Pre-deployment,Pre-deployment,In-house,In-house Development,Computer Vision,Science,,Not High-impact,
2025-0710,2025,DOE,"Scalable, Efficient and Accelerated Causal Reasoning Operators, Graphs and Spikes for Earth and Embedded Systems (SEA-CROGS)",Deployed,Deployed,Vendor and in-house,Contracting and In House,NLP,Science,Microsoft,Not High-impact,
2025-0711,2025,DOE,Physics-Informed Learning Machines for Multiscale and Multiphysics Problems (PhILMs),Deployed,Deployed,In-house,In-house Development,Classical ML,Science,,Not High-impact,
2025-0712,2025,DOE,Managing curb allocation in cities,Pre-deployment,Pre-deployment,In-house,In-house Development,Classical ML,Transportation,,Not High-impact,
2025-0713,2025,DOE,Regional waste feedstock conversion to biofuels,Deployed,Deployed,In-house,In-house Development,Classical ML,Energy and Environment,,Not High-impact,
2025-0714,2025,DOE,Use of developed ML techniques to parse opensource text-based information.,Pre-deployment,Pre-deployment,Vendor and in-house,Contracting and In House,NLP,IT,Microsoft,Not High-impact,
2025-0715,2025,DOE,AI techniques for identification of suitable delivery parking spaces in an urban scenario,Pre-deployment,Pre-deployment,Vendor and in-house,Contracting and In House,Classical ML,Science,Cisco,Not High-impact,
2025-0716,2025,DOE,Surrogate models for probabilistic Bayesian inference,Pre-deployment,Pre-deployment,In-house,In-house Development,Classical ML,Science,,Not High-impact,
2025-0717,2025,DOE,AI Incubator Sandbox,Deployed,Deployed,In-house,In-house Development,Agentic AI,Science,,Not High-impact,
2025-0718,2025,DOE,AI-Enhanced Lab Assist,Deployed,Deployed,In-house,In-house Development,Generative AI,Science,,Not High-impact,L0156
2025-0719,2025,DOE,Microsoft 365 Copilot (Productivity Suite),Deployed,Deployed,Vendor,Vendor Purchased,Generative AI,IT,Microsoft,Not High-impact,L0157
2025-0720,2025,DOE,"Spot for automated sensing, inspection, and capture",Pilot,Pilot,Vendor and in-house,Contracting and In House,Computer Vision,Science,Boston Dynamics,Not High-impact,L0159
2025-0721,2025,DOE,Microsoft Power Platform capability that provides AI to automate processes in Power Apps and Power Automate,Deployed,Deployed,Vendor,Vendor Purchased,Generative AI,IT,Microsoft,Not High-impact,L0160
2025-0722,2025,DOE,Databricks AI for Cloud Data Warehouse,Deployed,Deployed,Vendor,Vendor Purchased,Generative AI,IT,Databricks,Not High-impact,L0163
2025-0723,2025,DOE,Microsoft Copilot for Security,Deployed,Deployed,Vendor and in-house,Contracting and In House,Generative AI,Cybersecurity,Microsoft,Not High-impact,L0165
2025-0724,2025,DOE,GitHub Copilot with the OpenAI Codex,Deployed,Deployed,Vendor and in-house,Contracting and In House,Agentic AI,IT,OpenAI,Not High-impact,L0192
2025-0725,2025,DOE,Microsoft Azure Quantum Elements,Pilot,Pilot,Vendor and in-house,Contracting and In House,Generative AI,Science,Microsoft Corporation,Not High-impact,
2025-0726,2025,DOE,OpenAI Enterprise,Deployed,Deployed,Vendor and in-house,Contracting and In House,Generative AI,Science,OpenAI,Not High-impact,
2025-0727,2025,DOE,Decisions AI,Deployed,Deployed,Vendor and in-house,Contracting and In House,Generative AI,Admin Functions,OpenAI,Not High-impact,
2025-0728,2025,DOE,AI-Enhanced Hub,Pre-deployment,Pre-deployment,In-house,In-house Development,Generative AI,HR,,Not High-impact,
2025-0729,2025,DOE,HeyGen,Pilot,Pilot,Vendor,Vendor Purchased,Generative AI,IT,HeyGen,Not High-impact,
2025-0730,2025,DOE,CrewAI,Pilot,Pilot,Vendor,Vendor Purchased,Agentic AI,IT,CrewAI,Not High-impact,
2025-0731,2025,DOE,Google Agentspace / NotebookLM,Pilot,Pilot,Vendor,Vendor Purchased,Generative AI,Science,Google,Not High-impact,
2025-0732,2025,DOE,M&O Program Trimester Reporting Modernization,Pre-deployment,Pre-deployment,In-house,In-house Development,Generative AI,Admin Functions,,Not High-impact,
2025-0733,2025,DOE,Claude Anthropic Enterprise,Pilot,Pilot,Vendor,Vendor Purchased,Generative AI,Science,Anthropic,Not High-impact,
2025-0734,2025,DOE,Improve Scout Search results,Pre-deployment,Pre-deployment,In-house,In-house Development,Generative AI,IT,,Not High-impact,
2025-0735,2025,DOE,Facilities Visual Inspection,Pre-deployment,Pre-deployment,In-house,In-house Development,Computer Vision,Science,,Not High-impact,
2025-0736,2025,DOE,Microsoft Discovery,Pre-deployment,Pre-deployment,Vendor and in-house,Contracting and In House,Generative AI,Science,Microsoft,Not High-impact,
2025-0737,2025,DOE,Instrument Documentation Search,Pre-deployment,Pre-deployment,In-house,In-house Development,Generative AI,Science,,Not High-impact,
2025-0738,2025,DOE,PermitAI,Pilot,Pilot,In-house,In-house Development,Agentic AI,Energy and Environment,,Not High-impact,
2025-0739,2025,DOE,AI-Enabled Tech Desk Agent,Pilot,Pilot,In-house,In-house Development,Agentic AI,IT,,Not High-impact,
2025-0740,2025,DOE,Hub Biography Builder,Pilot,Pilot,In-house,In-house Development,Generative AI,HR,,Not High-impact,
2025-0741,2025,DOE,Cloud Knowledge Hub,Pre-deployment,Pre-deployment,In-house,In-house Development,Generative AI,IT,,Not High-impact,
2025-0742,2025,DOE,Create Statement of Work (SOW) for Procurement,Pilot,Pilot,In-house,In-house Development,Generative AI,Admin Functions,,Not High-impact,
2025-0743,2025,DOE,Microsoft Copilot Studio,Deployed,Deployed,Vendor,Vendor Purchased,Generative AI,IT,Microsoft,Not High-impact,
2025-0744,2025,DOE,AI Chat Bot for IT User Services,Pilot,Pilot,In-house,In-house Development,Generative AI,Science,,Not High-impact,L0177
2025-0745,2025,DOE,"Interactive platform to help review and create ""Promoting Inclusive and Equitable Research"" Plans",Retired,Retired,,,,,,Not High-impact,L0195
2025-0746,2025,DOE,AI Chat Bot for Facility Sustainability Practices,Retired,Retired,,,,,,Not High-impact,L0200
2025-0747,2025,DOE,AI workflow to process voicemail user service requests and translate them into actionable IT service tickets,Pre-deployment,Pre-deployment,In-house,In-house Development,NLP,IT,,Not High-impact,
2025-0748,2025,DOE,Command Media,Pre-deployment,Pre-deployment,In-house,In-house Development,Generative AI,IT,,Not High-impact,
2025-0749,2025,DOE,Intrabot,Pre-deployment,Pre-deployment,In-house,In-house Development,Generative AI,IT,,Not High-impact,
2025-0750,2025,DOE,CyberSearch,Pre-deployment,Pre-deployment,In-house,In-house Development,Generative AI,Cybersecurity,,Not High-impact,
2025-0751,2025,DOE,Preventive Maintenance Procedure Development,Pre-deployment,Pre-deployment,In-house,In-house Development,Generative AI,Admin Functions,,High-impact,
2025-0752,2025,DOE,Hanford Search,Retired,Retired,,,,,,Not High-impact,L0176
2025-0753,2025,DOE,Hanford Popfon Search,Retired,Retired,,,,,,Not High-impact,L0178
2025-0754,2025,DOE,Hanford Ai Liaison (HAL) 1.1,Deployed,Deployed,In-house,In-house Development,Generative AI,Admin Functions,,Not High-impact,
2025-0755,2025,DOE,Hanford  Service Ticket Lookup,Retired,Retired,,,,,,Not High-impact,L0186
2025-0756,2025,DOE,Hanford Procedure Search,Retired,Retired,,,,,,Not High-impact,L0189
2025-0757,2025,DOE,Microsoft Co-Pilot,Pilot,Pilot,Vendor,Vendor Purchased,Generative AI,Admin Functions,Microsoft,Not High-impact,
2025-0758,2025,DOE,GitHub Co-Pilot,Deployed,Deployed,Vendor,Vendor Purchased,Generative AI,IT,GitHub,Not High-impact,
2025-0759,2025,DOE,Invoice Scanning System,Deployed,Deployed,In-house,In-house Development,Classical ML,Procurement and Finance Mgmt,,Not High-impact,
2025-0760,2025,DOE,Hanford Ai Liaison (HAL) 2.0,Pre-deployment,Pre-deployment,In-house,In-house Development,Generative AI,Admin Functions,,Not High-impact,
2025-0761,2025,DOE,LexisNexis,Pre-deployment,Pre-deployment,Vendor,Vendor Purchased,Generative AI,Other,Nexus,Not High-impact,
2025-0762,2025,DOE,Records Digitization,Pre-deployment,Pre-deployment,,,NLP,Admin Functions,,Not High-impact,L0172
2025-0763,2025,DOE,"AI for system design optimization (e.g., detector, accelerator)",Retired,Retired,,,,,,Not High-impact,L0153
2025-0764,2025,DOE,Machine Learning components within Splunk Enterprise Security,Deployed,Deployed,Vendor,Vendor Purchased,Classical ML,Cybersecurity,Splunk,Not High-impact,L0173
2025-0765,2025,DOE,Machine Learning components within CrowdStrike,Deployed,Deployed,Vendor,Vendor Purchased,Classical ML,Cybersecurity,CrowdStrike,Not High-impact,L0174
2025-0766,2025,DOE,Yurts AI search function,Deployed,Deployed,Vendor and in-house,Contracting and In House,Generative AI,IT,Legion (Previously Yurts),Not High-impact,L0194
2025-0767,2025,DOE,ServiceNow Predictive Intelligence,Pre-deployment,Pre-deployment,,,Classical ML,IT,,Not High-impact,
2025-0768,2025,DOE,GitHub Copilot,Pilot,Pilot,Vendor,Vendor Purchased,Generative AI,IT,Microsoft,Not High-impact,
2025-0769,2025,DOE,O365 Copilot,Pre-deployment,Pre-deployment,,,Generative AI,Admin Functions,,Not High-impact,
2025-0770,2025,DOE,Ask CAS,Pre-deployment,Pre-deployment,In-house,In-house Development,Generative AI,Other,,Not High-impact,
2025-0771,2025,DOE,Poseidon,Pre-deployment,Pre-deployment,In-house,In-house Development,Other,Procurement and Finance Mgmt,,Not High-impact,
2025-0772,2025,DOE,Computer Vision for Defect Detection,Pre-deployment,Pre-deployment,In-house,In-house Development,Computer Vision,Admin Functions,SRNS - OT In House Staff,Not High-impact,
2025-0773,2025,DOE,Ask Alan,Pre-deployment,Pre-deployment,In-house,In-house Development,Generative AI,IT,,Not High-impact,
2025-0774,2025,DOE,DIRECTIVES,Pre-deployment,Pre-deployment,In-house,In-house Development,Generative AI,Admin Functions,,Not High-impact,
2025-0775,2025,DOE,FindMATID,Pre-deployment,Pre-deployment,In-house,In-house Development,Generative AI,Procurement and Finance Mgmt,,Not High-impact,
2025-0776,2025,DOE,Report Assistant,Pre-deployment,Pre-deployment,In-house,In-house Development,Classical ML,Admin Functions,,Not High-impact,
2025-0777,2025,DOE,AI-Tailored Learning Management Solutions,Pre-deployment,Pre-deployment,In-house,In-house Development,Generative AI,Admin Functions,SRNS - OT In House Staff,Not High-impact,
2025-0778,2025,DOE,Ask IT,Pre-deployment,Pre-deployment,In-house,In-house Development,Generative AI,IT,,Not High-impact,
2025-0779,2025,DOE,AI Drafting of Operational Procedures and Training Materials,Pre-deployment,Pre-deployment,In-house,In-house Development,Generative AI,Admin Functions,SRNS - OT In House Staff,Not High-impact,
2025-0780,2025,DOE,ChatSRS,Pre-deployment,Pre-deployment,In-house,In-house Development,Generative AI,Admin Functions,,Not High-impact,
2025-0781,2025,DOE,UNSPSC Codes,Pre-deployment,Pre-deployment,In-house,In-house Development,Generative AI,Procurement and Finance Mgmt,,Not High-impact,
2025-0782,2025,DOE,Software Implementation Assistant,Pre-deployment,Pre-deployment,In-house,In-house Development,Agentic AI,IT,Purchased from a Vendor - Tabnine,Not High-impact,
2025-0783,2025,DOE,Sindri,Pre-deployment,Pre-deployment,In-house,In-house Development,Agentic AI,Procurement and Finance Mgmt,,Not High-impact,
2025-0784,2025,DOE,Ask HR,Pre-deployment,Pre-deployment,In-house,In-house Development,Generative AI,HR,,Not High-impact,
2025-0785,2025,DOE,mass3,Pre-deployment,Pre-deployment,In-house,In-house Development,Generative AI,Science,,Not High-impact,
2025-0786,2025,DOE,AI-Form and Questionnaire Assistant,Pre-deployment,Pre-deployment,In-house,In-house Development,Generative AI,Admin Functions,SRNS - OT In House Staff,Not High-impact,
2025-0787,2025,DOE,Crickets,Pre-deployment,Pre-deployment,In-house,In-house Development,Classical ML,Cybersecurity,,Not High-impact,
2025-0788,2025,DOE,Neptune,Pre-deployment,Pre-deployment,In-house,In-house Development,Other,International Affairs,,Not High-impact,
2025-0789,2025,DOE,AccessAI,Pre-deployment,Pre-deployment,In-house,In-house Development,Generative AI,Admin Functions,,Not High-impact,
2025-0790,2025,DOE,Machine Learning to support Operational Efficiency,Pre-deployment,Pre-deployment,In-house,In-house Development,Classical ML,Admin Functions,SRNS - OT In House Staff,Not High-impact,
2025-0791,2025,DOE,CURIE  -  Conversational Unified Research Information Engine,Pre-deployment,Pre-deployment,,,Generative AI,Admin Functions,,Not High-impact,
2025-0792,2025,DOE,AI-Assisted Strategies and Solutions for Environmental Technology (AI-ASSET),Pre-deployment,Pre-deployment,,,Agentic AI,Energy and Environment,,"Presumed High-Impact, but Not High-impact",
2025-0793,2025,DOE,Consolidated Nuclear Waste Glass Database,Pre-deployment,Pre-deployment,,,Classical ML,Energy and Environment,,"Presumed High-Impact, but Not High-impact",
2025-0794,2025,DOE,Performance Monitoring at the Salt Waste Processing Facility (SWPF),Pre-deployment,Pre-deployment,,,Classical ML,Energy and Environment,,"Presumed High-Impact, but Not High-impact",
2025-0795,2025,DOE,Advanced Long Term Environmental Monitoring Systems (ALTEMIS),Pilot,Pilot,In-house,In-house Development,Classical ML,Energy and Environment,Python,High-impact,
2025-0796,2025,DOE,Identifying Controlling Variables for Mercury Vapor Release at Y-12's Alpha-4,Pre-deployment,Pre-deployment,,,Classical ML,Energy and Environment,,High-impact,
2025-0797,2025,DOE,SWPA Generative AI,Retired,Retired,,,,,,Not High-impact,
2025-0798,2025,DOE,FIMS Invoice BOT,Retired,Retired,,,,,,Not High-impact,
2025-0799,2025,DOE,GitHub Copilot,Deployed,Deployed,Vendor,Vendor Purchased,NLP,IT,Microsoft,Not High-impact,
2025-0800,2025,DOE,Microsoft Copilot (Pilot),Pilot,Pilot,Vendor,Vendor Purchased,NLP,Other,Microsoft,Not High-impact,
2025-0801,2025,DOE,Boston Dynamics Spot Robotics,Deployed,Deployed,Vendor,Vendor Purchased,Computer Vision,Emergency Mgmt,Boston Dynamics,Not High-impact,L0203
2025-0802,2025,DOE,Elastic Stack Technology (ELK),Deployed,Deployed,Vendor,Vendor Purchased,Classical ML,IT,Elastic,Not High-impact,L0204
2025-0803,2025,DOE,Raytheon Multimedia Monitoring System (M3S),Deployed,Deployed,Vendor,Vendor Purchased,NLP,IT,Raytheon BBN Technologies,Not High-impact,L0205
2025-0804,2025,DOE,Cognitive Prescreen Tool (CPT),Deployed,Deployed,In-house,In-house Development,Classical ML,IT,,Not High-impact,L0206
2025-0805,2025,DOI,IA Tribal Consultation Clearinghouse,Pre-deployment,Pre-deployment,,,Classical ML,Admin Functions,,Not High-impact,
2025-0806,2025,DOI,Automate Project Execution of FI&R (Facilities Improvement and Repair) Projects,Pre-deployment,Pre-deployment,,,NLP,Other,,Not High-impact,
2025-0807,2025,DOI,BIA-GEO Assist,Pilot,Pilot,In-house,In-house Development,Generative AI,Service Delivery,,Not High-impact,
2025-0808,2025,DOI,General Land Office Records  Modernization,Pre-deployment,Pre-deployment,,,NLP,Service Delivery,,Not High-impact,
2025-0809,2025,DOI,AI Trapline for Fire,Pre-deployment,Pre-deployment,,,Agentic AI,Emergency Mgmt,,Not High-impact,
2025-0810,2025,DOI,RUDD AI Development of a Small Language Model for Land Use Planning Decisions Consolidation,Pre-deployment,Pre-deployment,,,NLP,Admin Functions,,Not High-impact,
2025-0811,2025,DOI,Assessment Inventory and Monitoring (AIM) Chatbot,Pre-deployment,Pre-deployment,,,Generative AI,Service Delivery,,Not High-impact,
2025-0812,2025,DOI,NEPA Document Generation,Pre-deployment,Pre-deployment,,,Generative AI,Admin Functions,,Not High-impact,
2025-0813,2025,DOI,GraphRAG Comment Analysis and Management Solution,Pre-deployment,Pre-deployment,,,Generative AI,Admin Functions,,Not High-impact,
2025-0814,2025,DOI,User guides/training provided in chat form,Pre-deployment,Pre-deployment,,,Generative AI,IT,,Not High-impact,
2025-0815,2025,DOI,Aveva Predictive Analytics (APA),Pre-deployment,Pre-deployment,,,Classical ML,Other,,Not High-impact,
2025-0816,2025,DOI,Using Machine Learning to Automate Crack Mapping and Structural Health Monitoring,Pre-deployment,Pre-deployment,,,Classical ML,Energy and Environment,,Not High-impact,
2025-0817,2025,DOI,Seasonal Water Supply Forecasting: Pyforecast [2024 INV#DOI-69],Pilot,Pilot,In-house,In-house Development,Classical ML,Energy and Environment,,Not High-impact,
2025-0818,2025,DOI,Piloting Machine Learning Inflow Forecasts Across Reclamation [2024 INV#DOI-58],Pilot,Pilot,Vendor,Vendor Purchased,Classical ML,Energy and Environment,Upstream Tech,Not High-impact,
2025-0819,2025,DOI,Machine Learning Refines Quagga Habitat Suitability [2024 INV#DOI-74 (NEW)],Pre-deployment,Pre-deployment,,,Classical ML,Energy and Environment,,Not High-impact,
2025-0820,2025,DOI,Machine Learning Applied to Geotechnical Engineering: Statistical Methods Applied to Seismic Analysis [2024 INV#DOI-71 (NEW)],Pre-deployment,Pre-deployment,,,Classical ML,Energy and Environment,,Not High-impact,
2025-0821,2025,DOI,Machine Learning for Chemical Savings at Reverse Osmosis Plants [2024 INV#DOI-73 (NEW)],Pre-deployment,Pre-deployment,,,Classical ML,Energy and Environment,,Not High-impact,
2025-0822,2025,DOI,Improved Processing and Analysis of Test and Operating Data from Rotating Machines [2024 INV#DOI-62],Pre-deployment,Pre-deployment,In-house,In-house Development,Classical ML,Energy and Environment,,Not High-impact,
2025-0823,2025,DOI,ROV Smart Touch Subsea Pipeline Inspections,Pre-deployment,Pre-deployment,,,Other,Energy and Environment,,Not High-impact,L0222
2025-0824,2025,DOI,Well Risk Assessment [2024 Inv# WO0000000108776],Retired,Retired,,,,,,Not High-impact,
2025-0825,2025,DOI,Sustained Casing Pressure Identification [2024 Inv# WO0000000108777],Retired,Retired,,,,,,Not High-impact,
2025-0826,2025,DOI,Level 1 Survey Report Corrosion Level Classification,Pre-deployment,Pre-deployment,Vendor and in-house,Contracting and In House,Computer Vision,Energy and Environment,NASA,Not High-impact,L0221
2025-0827,2025,DOI,Well Activity Report Classification,Pre-deployment,Pre-deployment,Vendor and in-house,Contracting and In House,Classical ML,Energy and Environment,,Not High-impact,L0220
2025-0828,2025,DOI,Autonomous Drone Inspections,Pre-deployment,Pre-deployment,Vendor and in-house,Contracting and In House,Other,Energy and Environment,,Not High-impact,L0219
2025-0829,2025,DOI,Non-Generative AI use for Trust Information Analysis and Reporting Tool [2024 INV#WO0000000110516],Pilot,Pilot,Vendor,Vendor Purchased,Computer Vision,Admin Functions,Microsoft Azure,Not High-impact,
2025-0830,2025,DOI,"Integration of AI, specifically CoPilot for GitHub,  for BTFA Software Development Life Cycle Process for DME and O&M applications.",Pilot,Pilot,Vendor,Vendor Purchased,Generative AI,IT,Microsoft,Not High-impact,
2025-0831,2025,DOI,Development of a computer vision model to monitor for early detection of habitat loss across the landscape. [2024 INV#DOI-65],Pre-deployment,Pre-deployment,,,Other,Science,,Not High-impact,
2025-0832,2025,DOI,Summarization of documents and output to ECOSphere species workflow [2024 INV#DOI-63],Pre-deployment,Pre-deployment,,,Other,Science,,Not High-impact,
2025-0833,2025,DOI,DocketScope,Deployed,Deployed,Vendor,Vendor Purchased,NLP,Admin Functions,"The Regulatory Group, Inc.",Not High-impact,
2025-0834,2025,DOI,AI for Offshore Energy: Innovative Technology Streamlines Marine Wildlife Surveys [2024 INV#DOI-66],Pilot,Pilot,Vendor and in-house,Contracting and In House,Computer Vision,Energy and Environment,Quantaero,Not High-impact,
2025-0835,2025,DOI,AI-Powered Wildlife Monitoring on National Wildlife Refuges,Pilot,Pilot,In-house,In-house Development,Computer Vision,Service Delivery,,Not High-impact,
2025-0836,2025,DOI,Implementation of Artificial Intelligence to Estimate Population Size of a Migratory Bird from Aerial Thermal Imagery [2024 INV#DOI-67],Pilot,Pilot,In-house,In-house Development,Computer Vision,Service Delivery,,Not High-impact,
2025-0837,2025,DOI,Atlas.ti (Qualitative Data Analysis Software),Pre-deployment,Pre-deployment,,,NLP,Science,,Not High-impact,
2025-0838,2025,DOI,,Deployed,Deployed,Vendor,Vendor Purchased,Other,Law Enforcement,,Not High-impact,
2025-0839,2025,DOI,AI data harvesting project – ECOSphere [2024 INV#DOI-62],Pilot,Pilot,In-house,In-house Development,Other,Science,,Not High-impact,
2025-0840,2025,DOI,ePermits: Chatbot Implementation and Permit Application Wizard Tools,Pre-deployment,Pre-deployment,,,NLP,Service Delivery,,Not High-impact,
2025-0841,2025,DOI,ePermits: Cognitive Search Capability,Pre-deployment,Pre-deployment,,,NLP,Service Delivery,,Not High-impact,
2025-0842,2025,DOI,Intelligent Optical Character Recognition [2024 INV#WO0000000110733],Retired,Retired,,,,,,Not High-impact,
2025-0843,2025,DOI,Use of AI to Enhance Flash Flood Forecast Tool [2024 Inv#WO0000000110323],Pre-deployment,Pre-deployment,,,Classical ML,Emergency Mgmt,,Not High-impact,
2025-0844,2025,DOI,Bird Nest Detection [2024 Inv#WO0000000110506],Pre-deployment,Pre-deployment,,,Computer Vision,Science,,Not High-impact,
2025-0845,2025,DOI,Everlaw AI Assistant for Responsive Review,Pilot,Pilot,Vendor and in-house,Contracting and In House,Agentic AI,Admin Functions,"Everlaw, Inc.",Not High-impact,
2025-0846,2025,DOI,FBMS UPC Chatbot,Pre-deployment,Pre-deployment,,,Generative AI,Procurement and Finance Mgmt,,Not High-impact,
2025-0847,2025,DOI,Anomaly Detection for Financial Transactions Related to DOI Programs,Pilot,Pilot,In-house,In-house Development,Classical ML,Other,,Not High-impact,
2025-0848,2025,DOI,Data Extraction Using MS Power Automate AI Functionality [2024 INV#WO0000000110500],Retired,Retired,,,,,,Not High-impact,
2025-0849,2025,DOI,Liable Party Research [2024 INV#WO0000000110496],Retired,Retired,,,,,,Not High-impact,
2025-0850,2025,DOI,Image Generation and Audio Video Editing [2024 Inv#WO0000000110551],Retired,Retired,,,,,,Not High-impact,
2025-0851,2025,DOI,Machine Learning Model Optimization[2024 INV#WO0000000110563],Retired,Retired,,,,,,Not High-impact,
2025-0852,2025,DOI,Video Creation and Editing[2024 Inv#WO0000000110494],Retired,Retired,,,,,,Not High-impact,
2025-0853,2025,DOI,ONRR Video Hosting Platform [OVHP][2024 Inv#WO0000000110488],Retired,Retired,,,,,,Not High-impact,
2025-0854,2025,DOI,I-NEPA System: Leveraging Artificial Intelligence (AI) for Enhanced Efficiency [2024 INV# WO0000000111250],Retired,Retired,,,,,,Not High-impact,
2025-0855,2025,DOI,Public Comment Analysis Tool (PCAT): Leveraging Artificial Intelligence (AI) for Enhanced Efficiency  [2024 INV#WO0000000106351],Retired,Retired,,,,,,Not High-impact,
2025-0856,2025,DOI,Office of Grants Management (PGM) Grants Utility Tool,Deployed,Deployed,In-house,In-house Development,Agentic AI,Procurement and Finance Mgmt,,Not High-impact,
2025-0857,2025,DOI,FOIA Record Pre-Review Tool,Pre-deployment,Pre-deployment,,,NLP,Other,,Not High-impact,
2025-0858,2025,DOI,Document Review Platform Generative AI,Pre-deployment,Pre-deployment,,,Generative AI,Other,,Not High-impact,
2025-0859,2025,DOI,Microsoft eDiscovery Attorney-Client Privilege Detection,Deployed,Deployed,Vendor,Vendor Purchased,Classical ML,Other,Microsoft,Not High-impact,
2025-0860,2025,DOI,FOIA Request Lexical Similarity Tool in the Document Review Platform (Term Frequency – Inverse Document Frequency (TF-IDF) - Cosine),Deployed,Deployed,In-house,In-house Development,NLP,Other,,Not High-impact,
2025-0861,2025,DOI,Enabling FOIA Request Clustering Capability in the Document Review Platform (Density Based Algorithm alongside Term Frequency – Inverse Document Frequency (TF-IDF)),Deployed,Deployed,In-house,In-house Development,NLP,Other,,Not High-impact,
2025-0862,2025,DOI,FOIA Request Clustering Tool (Embedding based clustering alongside Term Frequency – Inverse Document Frequency (TF-IDF)),Deployed,Deployed,In-house,In-house Development,NLP,Other,,Not High-impact,
2025-0863,2025,DOI,FOIA Request Conceptual Similarity Tool (Semantic Similarity Score Generation),Deployed,Deployed,In-house,In-house Development,NLP,Other,,Not High-impact,
2025-0864,2025,DOI,Performance Modeling / Performance Forecasting,Deployed,Deployed,In-house,In-house Development,Classical ML,Admin Functions,,Not High-impact,
2025-0865,2025,DOI,Remote Sensing Coastal Change - Shoreline Change,Pre-deployment,Pre-deployment,,,Classical ML,Science,,Not High-impact,
2025-0866,2025,DOI,VoiceAtlas no-code chatbot framework,Pilot,Pilot,Vendor,Vendor Purchased,Agentic AI,Science,Navteca,Not High-impact,
2025-0867,2025,DOI,Automated Walrus Haulout Monitoring [2024 INV#WO0000000110052],Deployed,Deployed,In-house,In-house Development,Classical ML,Science,,Not High-impact,
2025-0868,2025,DOI,ChatGPT to write Python scripts for ArcGIS Pro Maps to be CVD-Friendly [2024 INV#WO0000000107402],Pre-deployment,Pre-deployment,In-house,In-house Development,Generative AI,Science,,Not High-impact,
2025-0869,2025,DOI,Machine Learning approach to predict the composition of seafloor massive sulfide deposits [2024 INV#WO0000000108420],Pilot,Pilot,In-house,In-house Development,Classical ML,Science,,Not High-impact,
2025-0870,2025,DOI,Harmful Algal Bloom prediction and detection system for Williams Fork Reservoir [2024 INV#WO0000000184339],Pre-deployment,Pre-deployment,In-house,In-house Development,Classical ML,Science,,Not High-impact,
2025-0871,2025,DOI,Google Cloud Vision [2024 INV#WO0000000154445],Pilot,Pilot,Vendor,Vendor Purchased,Computer Vision,Science,Google,Not High-impact,
2025-0872,2025,DOI,Google Vertex AI Document workbench [2024 INV#WO0000000154393],Pilot,Pilot,Vendor,Vendor Purchased,Computer Vision,Science,Google,Not High-impact,
2025-0873,2025,DOI,USGS Azure OpenAI ChatGPT [2024 INV#WO0000000154392],Pilot,Pilot,Vendor,Vendor Purchased,Classical ML,Science,"OpenAI, Microsoft",Not High-impact,
2025-0874,2025,DOI,Use modern AI/ML approaches to gain insight into USGS unstructured data such as text [2024 INV#WO0000000131706],Pre-deployment,Pre-deployment,Vendor,Vendor Purchased,Classical ML,Science,,Not High-impact,
2025-0875,2025,DOI,Parsing large quantities of text data [2024 INV#WO0000000113692],Pre-deployment,Pre-deployment,Vendor,Vendor Purchased,Classical ML,Science,,Not High-impact,
2025-0876,2025,DOI,PAWSC Ecotoxicology PFAS Machine Learning [2024 INV#WO0000000112908],Deployed,Deployed,In-house,In-house Development,Classical ML,Science,,Not High-impact,
2025-0877,2025,DOI,Prioritized Constituents: Sediment [2024 INV#WO0000000109726],Pilot,Pilot,In-house,In-house Development,Classical ML,Science,,Not High-impact,
2025-0878,2025,DOI,Avian population estimates from passive acoustic monitoring [2024 INV#WO0000000109725],Pre-deployment,Pre-deployment,,,Classical ML,Science,,Not High-impact,
2025-0879,2025,DOI,FEMA mixed population flood-frequency analysis [2024 INV#WO0000000109723],Pre-deployment,Pre-deployment,,,Classical ML,Science,,Not High-impact,
2025-0880,2025,DOI,Data-Driven Streamflow Drought [2024 INV#WO0000000109714],Pilot,Pilot,In-house,In-house Development,Classical ML,Science,,Not High-impact,
2025-0881,2025,DOI,National-Extent Groundwater Quality Prediction for the National Water Census and Regional Integrated Water Availability Assessments [2024 INV#WO0000000109709],Pilot,Pilot,In-house,In-house Development,Classical ML,Science,,Not High-impact,
2025-0882,2025,DOI,Use of artificial intelligence tools for optimization and documentation for computer codes [2024 INV#WO0000000109681],Pilot,Pilot,Vendor and in-house,Contracting and In House,Generative AI,Science,OpenAI,Not High-impact,
2025-0883,2025,DOI,Mapping sagebrush from drones to satellites [2024 INV#WO0000000109568],Pre-deployment,Pre-deployment,,,Classical ML,Science,,Not High-impact,
2025-0884,2025,DOI,Delineating sub-surface drainage using satellite imagery [2024 INV#WO0000000109525],Deployed,Deployed,In-house,In-house Development,Classical ML,Science,,Not High-impact,
2025-0885,2025,DOI,Vegetation mapping on the Hawaiian island of Lanai [2024 INV#WO0000000109501],Pilot,Pilot,In-house,In-house Development,Classical ML,Science,,Not High-impact,
2025-0886,2025,DOI,Reinforcement Learning for Helmholtz Coil Operation and Simulation [2024 INV#WO0000000109497],Pre-deployment,Pre-deployment,,,Classical ML,Science,,Not High-impact,
2025-0887,2025,DOI,Population and critical habitat modeling of overwintering monarch butterflies [2024 INV#WO0000000109410],Pilot,Pilot,In-house,In-house Development,Classical ML,Science,,Not High-impact,
2025-0888,2025,DOI,Machine Learning algorithm for stream velocity prediction [2024 INV#WO0000000109319],Pre-deployment,Pre-deployment,In-house,In-house Development,Classical ML,Science,,Not High-impact,
2025-0889,2025,DOI,Automated otolith aging using image processing [2024 INV#WO0000000109315],Pilot,Pilot,In-house,In-house Development,Classical ML,Science,,Not High-impact,
2025-0890,2025,DOI,Machine learning for tsunami source zones [2024 INV#WO0000000109313],Pilot,Pilot,In-house,In-house Development,Classical ML,Science,,Not High-impact,
2025-0891,2025,DOI,"Oceanographic, coastal, and geomorphic change analysis: data generation, QC/QA, and data management [2024 INV#WO0000000109310]",Pilot,Pilot,In-house,In-house Development,Classical ML,Science,,Not High-impact,
2025-0892,2025,DOI,"Quantifying the effects of land-use change and bioenergy crop production on pollinators, wildlife, and ecosystem services in the Northern Great Plains [2024 INV#WO0000000109305]",Pilot,Pilot,In-house,In-house Development,Classical ML,Science,,Not High-impact,
2025-0893,2025,DOI,Computationally efficient emulation of spheroidal elastic deformation sources using machine learning [2024 INV#WO0000000109302],Pilot,Pilot,In-house,In-house Development,Classical ML,Science,,Not High-impact,
2025-0894,2025,DOI,Wildlife species recognition and distance from camera estimation [2024 INV#WO0000000109245],Pre-deployment,Pre-deployment,In-house,In-house Development,Classical ML,Science,,Not High-impact,
2025-0895,2025,DOI,Machine Learning to evaluate water quality [2024 INV#WO0000000109241],Pilot,Pilot,In-house,In-house Development,Classical ML,Science,,Not High-impact,
2025-0896,2025,DOI,Ecological niche models for bat species [2024 INV#WO0000000109233],Pilot,Pilot,In-house,In-house Development,Classical ML,Science,,Not High-impact,
2025-0897,2025,DOI,Development of a Strategic Framework for Use and Implementation of Machine Learning in Energy Resource Program Workflows [2024 INV#WO0000000109216],Pre-deployment,Pre-deployment,,,Classical ML,Science,,Not High-impact,
2025-0898,2025,DOI,"Quantifying Watershed Controls on Fine Sediment Flux to Lake Tahoe, California/Nevada [2024 INV#WO0000000109215]",Pilot,Pilot,In-house,In-house Development,Classical ML,Science,,Not High-impact,
2025-0899,2025,DOI,Seismology of Magmatic Injection [2024 INV#WO0000000109214],Pilot,Pilot,In-house,In-house Development,Classical ML,Science,,Not High-impact,
2025-0900,2025,DOI,Earthquake Catalog Development [2024 INV#WO0000000109208],Pilot,Pilot,In-house,In-house Development,Classical ML,Science,,Not High-impact,
2025-0901,2025,DOI,Seedling Identification and Percent Growth Analysis [2024 INV#WO0000000109200],Pilot,Pilot,In-house,In-house Development,Classical ML,Science,,Not High-impact,
2025-0902,2025,DOI,Gulf Coast Geologic Energy Machine Learning [2024 INV#WO0000000109198],Pilot,Pilot,In-house,In-house Development,Classical ML,Science,,Not High-impact,
2025-0903,2025,DOI,Predicting Sparse (Geothermal) Resources Availability by using Machine Learning [2024 INV#WO0000000109195],Pre-deployment,Pre-deployment,,,Classical ML,Science,,Not High-impact,
2025-0904,2025,DOI,Using machine learning to detect invasive bullfrogs [2024 INV#WO0000000109159],Pilot,Pilot,In-house,In-house Development,Classical ML,Science,,Not High-impact,
2025-0905,2025,DOI,"Deep Learning application for automated mapping of surficial landforms, surficial geological deposits, and abandoned mine sites from lidar-derived topography [2024 INV#WO0000000109153]",Pilot,Pilot,In-house,In-house Development,Classical ML,Science,,Not High-impact,
2025-0906,2025,DOI,Oil Spill Response for Ice-Covered Rivers [2024 INV#WO0000000109142],Deployed,Deployed,In-house,In-house Development,Classical ML,Science,,Not High-impact,
2025-0907,2025,DOI,Pacific Northwest Stream Flow Permanence [2024 INV#WO0000000109137],Deployed,Deployed,In-house,In-house Development,Classical ML,Science,,Not High-impact,
2025-0908,2025,DOI,SAMPLE Toolbox [2024 INV#WO0000000109123],Pre-deployment,Pre-deployment,In-house,In-house Development,Classical ML,Science,,Not High-impact,
2025-0909,2025,DOI,Mapping wildfire fuels in previously burned landscapes [2024 INV#WO0000000109121],Pre-deployment,Pre-deployment,,,Classical ML,Science,,Not High-impact,
2025-0910,2025,DOI,"Lava lake thermal pattern classification using self organizing maps and relationships to eruption processes at Kilauea Volcano, Hawaii [2024 INV#WO0000000109098]",Pilot,Pilot,In-house,In-house Development,Classical ML,Science,,Not High-impact,
2025-0911,2025,DOI,Advancing image-based surveys to support sea duck conservation along the Pacific Flyway [2024 INV#WO0000000109096],Pre-deployment,Pre-deployment,,,Classical ML,Science,,Not High-impact,
2025-0912,2025,DOI,InSAR and other geodetic studies at Volcanoes [2024 INV#WO0000000109093],Pilot,Pilot,In-house,In-house Development,Classical ML,Science,,Not High-impact,
2025-0913,2025,DOI,Climate Futures for Lizards and Snakes in Western North America [2024 INV#WO0000000109092],Deployed,Deployed,In-house,In-house Development,Classical ML,Science,,Not High-impact,
2025-0914,2025,DOI,Predicting inundation dynamics of small forested wetlands [2024 INV#WO0000000109089],Pre-deployment,Pre-deployment,,,Classical ML,Science,,Not High-impact,
2025-0915,2025,DOI,Machine-learning model to delineate sub-surface agricultural drainage from satellite imagery [2024 INV#WO0000000109078],Pilot,Pilot,In-house,In-house Development,Classical ML,Science,,Not High-impact,
2025-0916,2025,DOI,Environmental streamflows in the United States: historical patterns and predictions [2024 INV#WO0000000109075],Pre-deployment,Pre-deployment,,,Classical ML,Science,,Not High-impact,
2025-0917,2025,DOI,"Extracting robust, searchable data from narrative geologic descriptions [2024 INV#WO0000000109022]",Pilot,Pilot,In-house,In-house Development,Generative AI,Science,,Not High-impact,
2025-0918,2025,DOI,Classifying GPS data to understand flight behavior of birds [2024 INV#WO0000000109015],Pilot,Pilot,In-house,In-house Development,Classical ML,Science,,Not High-impact,
2025-0919,2025,DOI,Whole-lake indexing of round goby abundances with photographic catch data [2024 INV#WO0000000109010],Pilot,Pilot,In-house,In-house Development,Classical ML,Science,,Not High-impact,
2025-0920,2025,DOI,Predicting PFAS in shallow soils in northern New England [2024 INV#WO0000000108973],Pilot,Pilot,In-house,In-house Development,Classical ML,Science,,Not High-impact,
2025-0921,2025,DOI,Improving accuracy and precision of sonar-based estimates of fish abundance [2024 INV#WO0000000108800],Pilot,Pilot,In-house,In-house Development,Classical ML,Science,,Not High-impact,
2025-0922,2025,DOI,Machine learning-based landscape feature classification using satellite and airborne imagery [2024 INV#WO0000000108791; 2024 INV#WO0000000108794],Pilot,Pilot,Vendor,Vendor Purchased,Classical ML,Science,ESRI,Not High-impact,
2025-0923,2025,DOI,Predicting PFAS occurrence in groundwater using machine learning [2024 INV#WO0000000108780],Pilot,Pilot,In-house,In-house Development,Classical ML,Science,,Not High-impact,
2025-0924,2025,DOI,Machine Learning Image Classification of Wetlands and Soil moisture [2024 INV#WO0000000108779],Pilot,Pilot,Vendor and in-house,Contracting and In House,Classical ML,Science,Google,Not High-impact,
2025-0925,2025,DOI,Zero shot segmentation to expedite Quaternary geologic mapping [2024 INV#WO0000000108739; 2024 INV#WO0000000109150],Pre-deployment,Pre-deployment,,,Classical ML,Science,,Not High-impact,
2025-0926,2025,DOI,Inventorying landforms with convolutional neural networks [2024 INV#WO0000000108738; WO0000000109117],Pilot,Pilot,In-house,In-house Development,Classical ML,Science,,Not High-impact,
2025-0927,2025,DOI,Tracking wetlands and water movement across watersheds [2024 INV#WO0000000108734],Pre-deployment,Pre-deployment,,,Classical ML,Science,,Not High-impact,
2025-0928,2025,DOI,"Everglades-Flux, Digital Surveys [2024 INV#WO0000000108630]",Pre-deployment,Pre-deployment,,,Classical ML,Science,,Not High-impact,
2025-0929,2025,DOI,Shoreline modeling [2024 INV#WO0000000108297; 2024 INV#WO0000000109312],Pilot,Pilot,In-house,In-house Development,Classical ML,Science,,Not High-impact,
2025-0930,2025,DOI,Cell Phone Application for Oil Spill Detection [2024 INV#WO0000000108285],Pre-deployment,Pre-deployment,,,Classical ML,Science,,Not High-impact,
2025-0931,2025,DOI,Wave runup and total water level observations from time series imagery at several sites with varying nearshore morphologies [2024 INV#WO0000000108262],Pilot,Pilot,In-house,In-house Development,Computer Vision,Science,,Not High-impact,
2025-0932,2025,DOI,National Wildlife Disease Database (NWDD) [2024 INV#WO0000000108149; 2024 INV#WO0000000109192],Pre-deployment,Pre-deployment,,,Classical ML,Science,,Not High-impact,
2025-0933,2025,DOI,Sediment Transport in Coastal Environments [2024 INV#WO0000000108118],Pilot,Pilot,In-house,In-house Development,Classical ML,Science,,Not High-impact,
2025-0934,2025,DOI,"Machine learning based shoreline time-series imputation, classification and forecasting (time-series analyses) [2024 INV#WO0000000108117]",Pilot,Pilot,In-house,In-house Development,Classical ML,Science,,Not High-impact,
2025-0935,2025,DOI,National Oceanographic Partnership Program (NOPP) [2024 INV#WO0000000108018],Pilot,Pilot,In-house,In-house Development,Classical ML,Science,,Not High-impact,
2025-0936,2025,DOI,Using Machine Learning in USGS StreamStats to make suspended sediment and bedload predictions [2024 INV#WO0000000107977],Deployed,Deployed,In-house,In-house Development,Classical ML,Science,,Not High-impact,
2025-0937,2025,DOI,Deep Learning based image segmentation [2024 INV#WO0000000107975],Pilot,Pilot,In-house,In-house Development,Classical ML,Science,,Not High-impact,
2025-0938,2025,DOI,Data-driven approaches to filling missing time-series data within the San Francisco Bay-Delta [2024 INV#WO0000000107683; INV#WO0000000107488],Pre-deployment,Pre-deployment,In-house,In-house Development,Classical ML,Science,,Not High-impact,
2025-0939,2025,DOI,Seabird and Marine Mammal Surveys Near Potential Renewable Energy Sites Offshore Central and Southern California [2024 INV#WO0000000107535],Deployed,Deployed,Vendor,Vendor Purchased,Computer Vision,Science,unkown,Not High-impact,
2025-0940,2025,DOI,Foundation Models to Advance Earth Science [2024 INV#WO0000000107153],Pilot,Pilot,In-house,In-house Development,Generative AI,Science,,Not High-impact,
2025-0941,2025,DOI,Rangeland Condition Monitoring Assessment and Projection (RCMAP) [2024 INV#WO0000000107126],Deployed,Deployed,In-house,In-house Development,Classical ML,Science,,Not High-impact,
2025-0942,2025,DOI,CHS Q Business AI Assistant (theKraken),Pilot,Pilot,In-house,In-house Development,Generative AI,Admin Functions,,Not High-impact,
2025-0943,2025,DOI,Machine Learning for Bat Acoustics,Pilot,Pilot,In-house,In-house Development,Other,Science,,Not High-impact,
2025-0944,2025,DOI,Mapping ecohydrological headwater refugia,Pre-deployment,Pre-deployment,,,Classical ML,Energy and Environment,,Not High-impact,
2025-0945,2025,DOI,Machine Learning based shoreline detection and sea ice dynamics using coastal cameras [2024 INV#WO0000000108008],Pre-deployment,Pre-deployment,In-house,In-house Development,Classical ML,Science,,Not High-impact,
2025-0946,2025,DOI,Tsunami Hazard Analysis [2024 INV#WO0000000108470],Pre-deployment,Pre-deployment,In-house,In-house Development,Classical ML,Science,,Not High-impact,
2025-0947,2025,DOI,Machine learning for streamflow forecasting [2024 INV#WO0000000109317],Pre-deployment,Pre-deployment,,,Classical ML,Science,,Not High-impact,
2025-0948,2025,DOI,Determining the resource potential of critical minerals in seafloor massive sulfide deposits [2024 INV#WO0000000109311],Pre-deployment,Pre-deployment,In-house,In-house Development,Classical ML,Energy and Environment,,Not High-impact,
2025-0949,2025,DOI,use of random forest for species distribution modeling,Deployed,Deployed,In-house,In-house Development,Classical ML,Science,,Not High-impact,
2025-0950,2025,DOI,Remote sensing of particulate and filter passing mercury species: models and proxies,Pre-deployment,Pre-deployment,,,Classical ML,Energy and Environment,,Not High-impact,
2025-0951,2025,DOI,Tephra classification with machine learning [2024 INV#WO0000000109095],Pilot,Pilot,In-house,In-house Development,Classical ML,Science,,Not High-impact,
2025-0952,2025,DOI,HOTLink: identifying elevated thermal anomalies at volcanoes [2024 INV#WO0000000109217],Pilot,Pilot,In-house,In-house Development,Classical ML,Science,,Not High-impact,
2025-0953,2025,DOI,An integrated sensor network and data driven approach to satellite remote sensing of Dissolved Organic Matter,Pre-deployment,Pre-deployment,,,Classical ML,Energy and Environment,,Not High-impact,
2025-0954,2025,DOI,PRObability of Streamflow PERmanence (PROSPER models) [2024 INV#WO0000000109074],Deployed,Deployed,In-house,In-house Development,Classical ML,Science,,Not High-impact,
2025-0955,2025,DOI,Machine Learning for automatic fracture mapping and rock identification [2024 INV#WO0000000109499],Deployed,Deployed,In-house,In-house Development,Classical ML,Science,,Not High-impact,
2025-0956,2025,DOI,Machine Learning for Rapid Earthquake Magnitude Estimation,Pre-deployment,Pre-deployment,,,Classical ML,Science,,Not High-impact,
2025-0957,2025,DOI,Lead attribution model,Pre-deployment,Pre-deployment,,,Classical ML,Science,,Not High-impact,
2025-0958,2025,DOI,discrimination among biological radar target types detected by NEXRAD,Retired,Retired,,,,,,Not High-impact,
2025-0959,2025,DOI,target discrimination on portable radar,Pilot,Pilot,In-house,In-house Development,Classical ML,Science,,Not High-impact,
2025-0960,2025,DOI,AI to survey boat traffic,Pilot,Pilot,Vendor,Vendor Purchased,Classical ML,Science,Ultralytics,Not High-impact,
2025-0961,2025,DOI,Machine learning for stream velocity prediction,Pre-deployment,Pre-deployment,,,Classical ML,Science,,Not High-impact,
2025-0962,2025,DOI,Machine Learning for Avalanche Frequency Modeling,Deployed,Deployed,In-house,In-house Development,Classical ML,Science,,Not High-impact,
2025-0963,2025,DOI,Improved earthquake detection for research studies [2024 INV#WO0000000108499],Pre-deployment,Pre-deployment,In-house,In-house Development,Classical ML,Science,,Not High-impact,
2025-0964,2025,DOI,Predictive AI applications for estimating water quality constituents as causal factors of harmful algal blooms.,Pre-deployment,Pre-deployment,,,Classical ML,Science,,Not High-impact,
2025-0965,2025,DOI,Biotic and abiotic drivers of the prevalence of a tick and associated vector-borne disease,Pre-deployment,Pre-deployment,,,Classical ML,Science,,Not High-impact,
2025-0966,2025,DOI,Enhancing Community and Wildlife Resilience to Sea?Level Rise and Infrastructure Development in the San Pablo Baylands,Pre-deployment,Pre-deployment,,,Classical ML,Science,,Not High-impact,
2025-0967,2025,DOI,Predicting from the past - identifying characteristics of invasion-resistant and invasion-prone waterbodies to aid horizon scanning,Pre-deployment,Pre-deployment,,,Classical ML,Science,,Not High-impact,
2025-0968,2025,DOI,Adaptive Management with AMMonitor,Pilot,Pilot,In-house,In-house Development,Classical ML,Science,,Not High-impact,
2025-0969,2025,DOI,Using High-Resolution Imagery and Artificial Intelligence to Support Climate Change Resilience in Agroforestry Across the Pacific,Pre-deployment,Pre-deployment,,,Classical ML,Science,,Not High-impact,
2025-0970,2025,DOI,Forecasting Earthquake Ground Motion Time Series [2024 INV#WO0000000109733],Pre-deployment,Pre-deployment,In-house,In-house Development,Generative AI,Science,,Not High-impact,
2025-0971,2025,DOI,Refining Flood Risk Predictions in Hawai?i with Generative Machine Learning,Pre-deployment,Pre-deployment,,,Generative AI,Science,,Not High-impact,
2025-0972,2025,DOI,Machine Learning for High-Resolution Downscaling in the Hawaiian Islands,Pre-deployment,Pre-deployment,,,Classical ML,Science,,Not High-impact,
2025-0973,2025,DOI,Random forest models for predicting water quality of inland waters from remotely sensed imagery,Pilot,Pilot,In-house,In-house Development,Classical ML,Energy and Environment,,Not High-impact,
2025-0974,2025,DOI,Global Detection of Historical Harmful Algal Blooms via combined Satellite Data and Deep Learning Methods,Pre-deployment,Pre-deployment,,,Classical ML,Science,,Not High-impact,
2025-0975,2025,DOI,Classifying CWD-Infected Elk Using Recurrent Neural Networks on GPS Movement Data,Deployed,Deployed,In-house,In-house Development,Classical ML,Energy and Environment,,Not High-impact,
2025-0976,2025,DOI,Feature extraction and characterization for update of The National Map,Pre-deployment,Pre-deployment,,,Classical ML,Science,,Not High-impact,
2025-0977,2025,DOI,Supervised learning for phycocyanin estimation from Sentinel-2 MSI in inland waters with independent validation,Pre-deployment,Pre-deployment,,,Classical ML,Science,,Not High-impact,
2025-0978,2025,DOI,"Four AI systems using different strategies to identify, classify and locate both volcano-tectonic and non-traditional volcanic earthquakes",Pilot,Pilot,In-house,In-house Development,Classical ML,Science,,Not High-impact,
2025-0979,2025,DOI,MAGMA-net: Multimodal analysis for geophysical monitoring of activity,Pre-deployment,Pre-deployment,,,Classical ML,Science,,Not High-impact,
2025-0980,2025,DOI,Wildfire Risk Assessment & Predictive Modeling,Pilot,Pilot,Vendor and in-house,Contracting and In House,Classical ML,Emergency Mgmt,Open Geospatial Consortium,Not High-impact,
2025-0981,2025,DOI,Mapping vegetation classes to understand wildfire fuel conditions,Pilot,Pilot,In-house,In-house Development,Classical ML,Science,,Not High-impact,
2025-0982,2025,DOI,AI/ML For Hazard Detection in Austere Environments with Automated or Remotely-Operated Rovers [2024 INV#WO0000000107424],Pilot,Pilot,In-house,In-house Development,Classical ML,Science,,Not High-impact,
2025-0983,2025,DOI,"Species Distribution Models for Pectis imberbis, a Rare Plant Species in Southeastern Arizona",Retired,Retired,,,,,,Not High-impact,
2025-0984,2025,DOI,Animas River Metals Surrogate,Pre-deployment,Pre-deployment,,,Classical ML,Science,,Not High-impact,
2025-0985,2025,DOI,[Un]supervised clustering of [non-]earthquake signals commonly recorded on regional seismic networks,Pre-deployment,Pre-deployment,,,Classical ML,Science,,Not High-impact,L0217
2025-0986,2025,DOI,Inference of PFAS precursor compositions,Pre-deployment,Pre-deployment,,,Classical ML,Science,,Not High-impact,
2025-0987,2025,DOI,Using Graph Neural Networks for development of nonergodic earthquake ground-motion models,Pre-deployment,Pre-deployment,,,Classical ML,Science,,Not High-impact,
2025-0988,2025,DOI,Modeling Rupture Directivity Effects on Ground Motion Using Neural Networks,Pilot,Pilot,In-house,In-house Development,Classical ML,Science,,Not High-impact,
2025-0989,2025,DOI,Deep?learning Integrations into NEIC Operations [2024 INV#WO0000000109496],Deployed,Deployed,In-house,In-house Development,Classical ML,Science,,Not High-impact,
2025-0990,2025,DOI,LLM-Assisted Volcanic Alert Monitoring,Pilot,Pilot,In-house,In-house Development,NLP,Science,,Not High-impact,
2025-0991,2025,DOI,USGS Flow Photo Explorer [2024 INV#WO0000000109196],Deployed,Deployed,Vendor and in-house,Contracting and In House,Classical ML,Science,Walker Environmental Research LLC,Not High-impact,
2025-0992,2025,DOI,Synthesizing mapping and monitoring data to understand fluctuations in prairie dog colony size and densities in Theodore Roosevelt National Park [2024 INV#WO0000000109308],Pre-deployment,Pre-deployment,In-house,In-house Development,Computer Vision,Science,,Not High-impact,
2025-0993,2025,DOI,Coastal Change Likelihood: Synthesizing change factors using supervised learning,Deployed,Deployed,Vendor,Vendor Purchased,Classical ML,Science,ESRI,Not High-impact,
2025-0994,2025,DOI,Improving Prediction Capabilities for Barrier Island Landscape Change,Pilot,Pilot,Vendor and in-house,Contracting and In House,Classical ML,Science,"Marda Science, LLC; ESRI; Python libraries (open-source)",Not High-impact,
2025-0995,2025,DOI,Lake-wide monitoring and assessment of Great Lakes fisheries with autonomous vehicles and image analysis,Pilot,Pilot,In-house,In-house Development,Computer Vision,Science,,Not High-impact,
2025-0996,2025,DOI,RSCC and TCA projects [2024 INV#WO0000000108017],Pilot,Pilot,In-house,In-house Development,Classical ML,Science,,Not High-impact,
2025-0997,2025,DOI,Storm Induced Erosion Response Network,Pre-deployment,Pre-deployment,,,Classical ML,Science,,Not High-impact,L0218
2025-0998,2025,DOI,Accelerating scientific discovery through AI-driven literature synthesis and meta-analysis using large language models [2024 INV#WO0000000201793]],Pre-deployment,Pre-deployment,,,NLP,Science,,Not High-impact,
2025-0999,2025,DOI,Enhancing U.S. critical mineral supply chains through AI and remote sensing mapping of legacy mine sites and tailings,Pre-deployment,Pre-deployment,,,Reinforcement Learning,Energy and Environment,,Not High-impact,
2025-1000,2025,DOI,Improving recreation opportunities and access to public lands through machine learning and transportation planning,Pre-deployment,Pre-deployment,,,Classical ML,Transportation,,Not High-impact,
2025-1001,2025,DOI,Catalog of stock ponds using machine learning,Pilot,Pilot,In-house,In-house Development,Classical ML,Science,,Not High-impact,
2025-1002,2025,DOI,Experimental Forecast for River Chlorophyll,Pilot,Pilot,In-house,In-house Development,Classical ML,Science,,Not High-impact,
2025-1003,2025,DOI,Multiple machine-learning estimation of groundwater levels and trends for the regional Mississippi River Valley alluvial aquifer,Pre-deployment,Pre-deployment,,,Classical ML,Science,,Not High-impact,
2025-1004,2025,DOI,Lake Champlain Cyanobacteria Bloom modeling,Pre-deployment,Pre-deployment,,,Classical ML,Science,,Not High-impact,
2025-1005,2025,DOI,Forest metrics at Redwood National and State Parks,Pre-deployment,Pre-deployment,,,Classical ML,Science,,Not High-impact,
2025-1006,2025,DOI,Predicting post-fire tree mortality,Deployed,Deployed,In-house,In-house Development,Classical ML,Science,,Not High-impact,
2025-1007,2025,DOI,Fire Effects at Whiskeytown National Recreation Area and Lava Beds National Monument,Pre-deployment,Pre-deployment,,,Classical ML,Science,,Not High-impact,
2025-1008,2025,DOI,Global food-and-water security-support analysis data (GFSAD) project [2024 INV#WO0000000107073],Deployed,Deployed,In-house,In-house Development,Classical ML,Science,,Not High-impact,
2025-1009,2025,DOI,Using deep learning to classify potential piping plover habitat along the Upper Missouri River,Pilot,Pilot,In-house,In-house Development,Computer Vision,Science,,Not High-impact,
2025-1010,2025,DOI,Diploid Detector/Triploid Tracker for Grass Carp,Pre-deployment,Pre-deployment,,,Computer Vision,Science,,Not High-impact,
2025-1011,2025,DOI,Frog vocalization recognition from digital recordings,Deployed,Deployed,In-house,In-house Development,Classical ML,Science,,Not High-impact,
2025-1012,2025,DOI,Patterns in the Landscape – Analyses of Cause and Effect,Deployed,Deployed,In-house,In-house Development,Classical ML,Science,,Not High-impact,
2025-1013,2025,DOI,Reducing elevation error in coastal wetland digital elevation models,Pilot,Pilot,In-house,In-house Development,Classical ML,Science,,Not High-impact,
2025-1014,2025,DOI,Developing land cover maps for barrier islands using satellite imagery,Pilot,Pilot,In-house,In-house Development,Classical ML,Science,,Not High-impact,
2025-1015,2025,DOI,Detecting and tracking reed canarygrass (Phalaris arundinacea) invasion in the Upper Mississippi River floodplain using remote sensing and artifial intelegence.,Pre-deployment,Pre-deployment,,,Classical ML,Science,,Not High-impact,
2025-1016,2025,DOI,Hydrologic predictions for the Upper Mississippi River System using a hybrid deep learning approach.,Pre-deployment,Pre-deployment,,,Classical ML,Science,,Not High-impact,
2025-1017,2025,DOI,Estimates of Habitat Suitability of Reed Canarygrass (Phalaris arundinacea) in Upper Mississippi River Floodplain Forest Understories,Deployed,Deployed,In-house,In-house Development,Classical ML,Science,,Not High-impact,
2025-1018,2025,DOI,Integrate High-resolution Satellite Remote Sensing Data with  Automated Machine Learning Techniques to Enhance Water Quality Assessment,Pilot,Pilot,In-house,In-house Development,Classical ML,Science,,Not High-impact,
2025-1019,2025,DOI,Invasive Carp Harvest Predictive Model,Pilot,Pilot,In-house,In-house Development,Classical ML,Science,,Not High-impact,
2025-1020,2025,DOI,Submersed Aquatic Vegetation Vulnerability Evaluation Application (SAVVEA),Deployed,Deployed,In-house,In-house Development,Classical ML,Science,,Not High-impact,
2025-1021,2025,DOI,U.S. Wind Turbine Database,Deployed,Deployed,In-house,In-house Development,Computer Vision,Energy and Environment,,Not High-impact,
2025-1022,2025,DOI,PFAS model of soils in the northeast,Pre-deployment,Pre-deployment,,,Classical ML,Science,,Not High-impact,
2025-1023,2025,DOI,PFAS Groundwater Model,Pre-deployment,Pre-deployment,,,Classical ML,Science,,Not High-impact,
2025-1024,2025,DOI,ATLAS,Pre-deployment,Pre-deployment,,,NLP,Science,,Not High-impact,
2025-1025,2025,DOI,Flor-AI: Developing a Remotely Sensed Image Classification Method for Inventory and Monitoring of Flora in Digital UAS Imagery,Pilot,Pilot,In-house,In-house Development,Computer Vision,Energy and Environment,,Not High-impact,
2025-1026,2025,DOI,Automating the Detection and Classification of Wildlife in Aerial Imagery [2024 INV#WO0000000109409],Pilot,Pilot,In-house,In-house Development,Computer Vision,Energy and Environment,,Not High-impact,
2025-1027,2025,DOI,Automated identification of ducks from hunter-submitted photos using deep learning models,Pilot,Pilot,In-house,In-house Development,Classical ML,Science,,Not High-impact,
2025-1028,2025,DOI,Automated photographic identification of Eastern box turtles,Pilot,Pilot,In-house,In-house Development,Computer Vision,Science,,Not High-impact,
2025-1029,2025,DOI,Machine learning in remote sensing-based wildfire and natural resource risk assessments,Deployed,Deployed,In-house,In-house Development,Classical ML,Emergency Mgmt,,Not High-impact,
2025-1030,2025,DOI,Pathogen identification in salmon,Pilot,Pilot,In-house,In-house Development,Classical ML,Science,,Not High-impact,
2025-1031,2025,DOI,Telemetry Analysis Learning Algorithm (TALA),Deployed,Deployed,In-house,In-house Development,Classical ML,Other,,Not High-impact,
2025-1032,2025,DOI,LANDFIRE,Deployed,Deployed,In-house,In-house Development,Classical ML,Science,,Not High-impact,
2025-1033,2025,DOI,Invasive Grass Mapping,Deployed,Deployed,In-house,In-house Development,Classical ML,Science,,Not High-impact,
2025-1034,2025,DOI,Evapotranspiration mapping and monitoring,Deployed,Deployed,In-house,In-house Development,Classical ML,Science,,Not High-impact,
2025-1035,2025,DOI,National Land Cover Database (NLCD) [2024 INV#WO0000000107887],Deployed,Deployed,In-house,In-house Development,Classical ML,Science,,Not High-impact,
2025-1036,2025,DOI,DARPAs CriticalMAAS [2024 INV#WO0000000108419; WO0000000096527],Pilot,Pilot,In-house,In-house Development,Classical ML,Science,,Not High-impact,
2025-1037,2025,DOI,"Willamette Regional IWAAs, gradient boosted ML stream temperature modeling.",Pilot,Pilot,In-house,In-house Development,Classical ML,Science,,Not High-impact,
2025-1038,2025,DOI,"Mapping wood and wood hazards in the Willamette Basin, Oregon",Pilot,Pilot,In-house,In-house Development,Other,Science,,Not High-impact,
2025-1039,2025,DOI,Automated power line extraction using deep learning,Pilot,Pilot,In-house,In-house Development,Computer Vision,Science,,Not High-impact,
2025-1040,2025,DOI,Geothermal Energy Assessments,Pre-deployment,Pre-deployment,,,Classical ML,Energy and Environment,,Not High-impact,
2025-1041,2025,DOI,Lithium Potential Assessments,Pre-deployment,Pre-deployment,,,Classical ML,Energy and Environment,,Not High-impact,
2025-1042,2025,DOI,Mineral Resource Assessments,Pre-deployment,Pre-deployment,,,Classical ML,Energy and Environment,,Not High-impact,
2025-1043,2025,DOI,Water Time-Series Record Automation Framework development,Pre-deployment,Pre-deployment,,,Classical ML,Science,,Not High-impact,
2025-1044,2025,DOI,Using advanced computing techniques for mobile monitoring platforms [2024 INV#WO0000000109492],Pre-deployment,Pre-deployment,,,Classical ML,Science,,Not High-impact,
2025-1045,2025,DOI,Using advanced computing techniques for image-based monitoring [2024 INV#WO0000000109674],Pre-deployment,Pre-deployment,In-house,In-house Development,Classical ML,Science,,Not High-impact,
2025-1046,2025,DOI,CONUS EcoFlows Planning & Prototype [2024 INV#WO0000000109732],Pre-deployment,Pre-deployment,,,Classical ML,Science,,Not High-impact,
2025-1047,2025,DOI,"Nutrient, Salinity, sediment, temperature, and drought model development",Pre-deployment,Pre-deployment,,,Classical ML,Science,,Not High-impact,
2025-1048,2025,DOI,Water Use Model Development [2024 INV#WO0000000109669],Pre-deployment,Pre-deployment,In-house,In-house Development,Classical ML,Science,,Not High-impact,
2025-1049,2025,DOI,Comprehensive Condition Assessment,Pre-deployment,Pre-deployment,,,Generative AI,Other,,Not High-impact,
2025-1050,2025,DOI,DiscoverDOI,Pilot,Pilot,In-house,In-house Development,Agentic AI,Admin Functions,,Not High-impact,
2025-1051,2025,DOI,Effects of vehicle traffic on space use and road crossings of caribou in the Arctic [2024 INV#WO0000000110111],Deployed,Deployed,In-house,In-house Development,Classical ML,Science,,Not High-impact,
2025-1052,2025,DOJ,Adobe Suite Applications,Deployed,Deployed,Vendor,Vendor Purchased,Classical ML,Admin Functions,Adobe,Not High-impact,L0864
2025-1053,2025,DOJ,Airlines Travel Intelligence Program,Deployed,Deployed,Vendor,Vendor Purchased,Classical ML,Law Enforcement,Airlines Reporting Corporation,High-impact,
2025-1054,2025,DOJ,Unmanned Aerial Systems (UAS),Deployed,Deployed,Vendor,Vendor Purchased,Computer Vision,Law Enforcement,Airship AI Holdings Inc.,High-impact,L0990
2025-1055,2025,DOJ,Alation Data Catalog,Deployed,Deployed,Vendor,Vendor Purchased,Generative AI,IT,Leidos,Not High-impact,L0865
2025-1056,2025,DOJ,Axon FUSUS (via HIDTA partners),Deployed,Deployed,Vendor,Vendor Purchased,Classical ML,Law Enforcement,Axon,High-impact,L0866
2025-1057,2025,DOJ,Azure Data Factory,Deployed,Deployed,Vendor and in-house,Contracting and In House,Classical ML,IT,Microsoft,Not High-impact,L0867
2025-1058,2025,DOJ,Azure Zen 2 Storage,Deployed,Deployed,Vendor and in-house,Contracting and In House,Classical ML,IT,Microsoft,Not High-impact,L0868
2025-1059,2025,DOJ,Bloomberg Government,Deployed,Deployed,Vendor,Vendor Purchased,Classical ML,Admin Functions,Bloomberg Industry Group,Not High-impact,
2025-1060,2025,DOJ,CargoNet,Deployed,Deployed,Vendor,Vendor Purchased,Classical ML,Law Enforcement,Verisk Analytics,"Presumed High-Impact, but Not High-impact",L0869
2025-1061,2025,DOJ,Cell Hawk (via HIDTA partners),Deployed,Deployed,Vendor,Vendor Purchased,Computer Vision,Law Enforcement,Leads Online,High-impact,L1071
2025-1062,2025,DOJ,Coinbase,Retired,Retired,,,,,,High-impact,L0870
2025-1063,2025,DOJ,Digital.ai,Pre-deployment,Pre-deployment,,,Classical ML,IT,,Not High-impact,L0871
2025-1064,2025,DOJ,Dun & Bradstreet Business Establishments Data,Deployed,Deployed,Vendor,Vendor Purchased,Classical ML,Procurement and Finance Mgmt,Dun and Bradstreet Holdings Inc.,"Presumed High-Impact, but Not High-impact",L0872
2025-1065,2025,DOJ,Axon Evidence.com,Deployed,Deployed,Vendor,Vendor Purchased,Computer Vision,Law Enforcement,Axon,High-impact,
2025-1066,2025,DOJ,Federal Docket Management System,Deployed,Deployed,Vendor,Vendor Purchased,Computer Vision,Admin Functions,General Services Administration (GSA),Not High-impact,L0873
2025-1067,2025,DOJ,FINDER,Deployed,Deployed,Vendor,Vendor Purchased,Classical ML,Law Enforcement,FINDER,High-impact,L0874
2025-1068,2025,DOJ,First Two,Deployed,Deployed,Vendor,Vendor Purchased,Classical ML,Law Enforcement,FirstTwo,High-impact,L0875
2025-1069,2025,DOJ,LexisNexis Accurint,Deployed,Deployed,Vendor,Vendor Purchased,Classical ML,Law Enforcement,LexisNexis,"Presumed High-Impact, but Not High-impact",L0876
2025-1070,2025,DOJ,LexisNexis Babel Street,Retired,Retired,,,,,,High-impact,L0877
2025-1071,2025,DOJ,Mark43 Public Safety Records,Deployed,Deployed,Vendor,Vendor Purchased,Classical ML,Law Enforcement,Mark43,"Presumed High-Impact, but Not High-impact",L0878
2025-1072,2025,DOJ,National Insurance Crime Bureau ISO ClaimSearch,Deployed,Deployed,Vendor,Vendor Purchased,Classical ML,Procurement and Finance Mgmt,ISO / Verisk Analytics / National Insurance Crime Bureau,"Presumed High-Impact, but Not High-impact",L0879
2025-1073,2025,DOJ,Operational Planning Analytics Risk Management Solution (OPARMS),Pre-deployment,Pre-deployment,,,Computer Vision,Law Enforcement,,High-impact,L0880
2025-1074,2025,DOJ,Palantir (via access to external state LE system),Deployed,Deployed,Vendor,Vendor Purchased,Generative AI,Law Enforcement,Palantir,High-impact,L0881
2025-1075,2025,DOJ,ShotSpotter (via access to external state/local systems),Deployed,Deployed,Vendor,Vendor Purchased,Classical ML,Law Enforcement,SoundThinking,High-impact,L0883
2025-1076,2025,DOJ,Southwest Border Transaction Record Analysis Center (SWBTRAC),Deployed,Deployed,Vendor,Vendor Purchased,Classical ML,Procurement and Finance Mgmt,Western Union,"Presumed High-Impact, but Not High-impact",L0884
2025-1077,2025,DOJ,Spokeo,Deployed,Deployed,Vendor,Vendor Purchased,Classical ML,Law Enforcement,Spokeo,"Presumed High-Impact, but Not High-impact",L0885
2025-1078,2025,DOJ,Thomson Reuters CLEAR,Deployed,Deployed,Vendor,Vendor Purchased,NLP,Law Enforcement,Thomson Reuters,"Presumed High-Impact, but Not High-impact",L0886
2025-1079,2025,DOJ,TransUnion TLOxp Online Investigative Services,Deployed,Deployed,Vendor,Vendor Purchased,Classical ML,Law Enforcement,TransUnion,"Presumed High-Impact, but Not High-impact",L0887
2025-1080,2025,DOJ,Veritone Redact,Deployed,Deployed,Vendor,Vendor Purchased,Generative AI,Admin Functions,aiWARE,"Presumed High-Impact, but Not High-impact",L0888
2025-1081,2025,DOJ,Whooster,Deployed,Deployed,Vendor,Vendor Purchased,Classical ML,Law Enforcement,Whooster,High-impact,L0889
2025-1082,2025,DOJ,Commercial LPR (via HIDTA partners),Deployed,Deployed,Vendor,Vendor Purchased,Computer Vision,Law Enforcement,Flock Safety,High-impact,
2025-1083,2025,DOJ,ELSAG/Leonardo (via HIDTA partners),Deployed,Deployed,Vendor,Vendor Purchased,Classical ML,Law Enforcement,Leonardo US Cyber and Security Solutions LLC,High-impact,L0890
2025-1084,2025,DOJ,Thomson Reuters Vigilant Vehicle Manager,Deployed,Deployed,Vendor,Vendor Purchased,Computer Vision,Law Enforcement,Motorola,High-impact,L0891
2025-1085,2025,DOJ,PLX,Deployed,Deployed,Vendor,Vendor Purchased,NLP,Law Enforcement,PenLink,High-impact,
2025-1086,2025,DOJ,Veritone Illuminate,Deployed,Deployed,Vendor,Vendor Purchased,Computer Vision,Law Enforcement,Veritone,High-impact,L0978
2025-1087,2025,DOJ,"SAS (Forecasting, predictive analytics, data/statistical analysis)",Pre-deployment,Pre-deployment,,,Classical ML,Law Enforcement,,"Presumed High-Impact, but Not High-impact",L0892
2025-1088,2025,DOJ,"R (Forecasting, predictive analytics, data/statistical analysis)",Pre-deployment,Pre-deployment,,,Generative AI,Law Enforcement,,"Presumed High-Impact, but Not High-impact",L0893
2025-1089,2025,DOJ,"Stata (Forecasting, predictive analytics, data/statistical analysis)",Pre-deployment,Pre-deployment,,,Generative AI,Law Enforcement,,"Presumed High-Impact, but Not High-impact",L0894
2025-1090,2025,DOJ,"Matlab (Forecasting, predictive analytics, data/statistical analysis)",Pre-deployment,Pre-deployment,,,Generative AI,Law Enforcement,,"Presumed High-Impact, but Not High-impact",L0895
2025-1091,2025,DOJ,"Databricks (Forecasting, predictive analytics, data/statistical analysis)",Pilot,Pilot,Vendor,Vendor Purchased,Generative AI,Law Enforcement,Databricks,"Presumed High-Impact, but Not High-impact",L0896
2025-1092,2025,DOJ,Knowledge retrieval and synthesis (Azure OpenAI Services),Pilot,Pilot,Vendor,Vendor Purchased,Generative AI,Law Enforcement,Microsoft,Not High-impact,
2025-1093,2025,DOJ,Bloomberg (AI Assisted Legal Research),Pre-deployment,Pre-deployment,,,NLP,Law Enforcement,,Not High-impact,L0918
2025-1094,2025,DOJ,ATR Generative Artificial Intelligence Test,Pilot,Pilot,Vendor,Vendor Purchased,Generative AI,Admin Functions,"https://www.harvey.ai/ ,	https://openai.com/ ,	https://www.perplexity.ai/",Not High-impact,
2025-1095,2025,DOJ,ATR Expert/Consulting with Bates White,Deployed,Deployed,Vendor,Vendor Purchased,Generative AI,Law Enforcement,"Bates White, using Microsoft Azure","Presumed High-Impact, but Not High-impact",
2025-1096,2025,DOJ,Salesforce,Pilot,Pilot,Vendor,Vendor Purchased,Classical ML,IT,,Not High-impact,L0897
2025-1097,2025,DOJ,Enabling eDiscovery Platform AI,Pre-deployment,Pre-deployment,,,Classical ML,IT,,Not High-impact,
2025-1098,2025,DOJ,Claims Program Predictive Fraud Analytics,Pre-deployment,Pre-deployment,,,Classical ML,Admin Functions,,High-impact,
2025-1099,2025,DOJ,AI-powered Legal Research,Pre-deployment,Pre-deployment,,,NLP,Admin Functions,,Not High-impact,
2025-1100,2025,DOJ,AI-generated Content Detector,Pre-deployment,Pre-deployment,,,NLP,Law Enforcement,,Not High-impact,
2025-1101,2025,DOJ,AI-Enabled Workflow Automation,Pre-deployment,Pre-deployment,,,NLP,Law Enforcement,,High-impact,
2025-1102,2025,DOJ,AI-enabled Legal Argument Harmonization,Pre-deployment,Pre-deployment,,,NLP,Law Enforcement,,High-impact,
2025-1103,2025,DOJ,AI-enabled Compliance Verification,Pre-deployment,Pre-deployment,,,Classical ML,Law Enforcement,,High-impact,
2025-1104,2025,DOJ,AI-Enabled Briefing Assistant,Pre-deployment,Pre-deployment,,,Generative AI,Law Enforcement,,High-impact,
2025-1105,2025,DOJ,AI-driven Fraud Detection,Pre-deployment,Pre-deployment,,,Classical ML,Law Enforcement,,High-impact,
2025-1106,2025,DOJ,AI-assisted Settlement Data and Risk Analysis,Pre-deployment,Pre-deployment,,,NLP,Law Enforcement,,Not High-impact,
2025-1107,2025,DOJ,AI-assisted Legacy Code Modernization,Pre-deployment,Pre-deployment,,,Generative AI,IT,,Not High-impact,
2025-1108,2025,DOJ,AI Powered Data Governance,Pre-deployment,Pre-deployment,,,Classical ML,IT,,Not High-impact,
2025-1109,2025,DOJ,AI Personal Assistant,Pre-deployment,Pre-deployment,,,NLP,Admin Functions,,Not High-impact,
2025-1110,2025,DOJ,AI Meeting Assistant,Pre-deployment,Pre-deployment,,,NLP,Admin Functions,,Not High-impact,
2025-1111,2025,DOJ,Mass Claim Tool,Pre-deployment,Pre-deployment,,,Generative AI,Law Enforcement,,Not High-impact,
2025-1112,2025,DOJ,AI Evidence and Claim Consolidation,Pre-deployment,Pre-deployment,,,NLP,Law Enforcement,,High-impact,
2025-1113,2025,DOJ,ChatBot,Deployed,Deployed,In-house,In-house Development,Classical ML,IT,,Not High-impact,L0898
2025-1114,2025,DOJ,BMC Helix ITSM,Deployed,Deployed,Vendor,Vendor Purchased,Classical ML,IT,BMC,Not High-impact,L0899
2025-1115,2025,DOJ,Thomson Reuters CLEAR - License Plate Recognition,Deployed,Deployed,Vendor,Vendor Purchased,Computer Vision,Law Enforcement,Thomson Reuters,High-impact,L0900
2025-1116,2025,DOJ,Veritone,Deployed,Deployed,Vendor,Vendor Purchased,NLP,Law Enforcement,Veritone,High-impact,L0901
2025-1117,2025,DOJ,Systran Translate Server,Deployed,Deployed,Vendor,Vendor Purchased,NLP,Law Enforcement,Systran,High-impact,
2025-1118,2025,DOJ,AWS/cloud.gov -  Network Routing,Deployed,Deployed,Vendor,Vendor Purchased,Classical ML,IT,Amazon,Not High-impact,L0902
2025-1119,2025,DOJ,Azure Platform/Tools - Network Routing,Deployed,Deployed,Vendor,Vendor Purchased,Generative AI,IT,Microsoft,Not High-impact,L0903
2025-1120,2025,DOJ,Camtasia,Pre-deployment,Pre-deployment,,,Generative AI,IT,,Not High-impact,
2025-1121,2025,DOJ,Cloudflare Turnstile,Deployed,Deployed,Vendor,Vendor Purchased,Classical ML,IT,Cloudflare,High-impact,L0904
2025-1122,2025,DOJ,Dragon,Deployed,Deployed,Vendor,Vendor Purchased,NLP,IT,Nuance Communications,Not High-impact,L0905
2025-1123,2025,DOJ,Evidence.com,Pre-deployment,Pre-deployment,,,Classical ML,Law Enforcement,,High-impact,
2025-1124,2025,DOJ,Civil Rights Public Reporting Portal,Pre-deployment,Pre-deployment,,,Classical ML,Admin Functions,,"Presumed High-Impact, but Not High-impact",
2025-1125,2025,DOJ,DEA Drug Signature Program Models,Deployed,Deployed,Vendor and in-house,Contracting and In House,Generative AI,Law Enforcement,,Not High-impact,L0906
2025-1126,2025,DOJ,LPR: DEA DEASIL Program,Deployed,Deployed,Vendor,Vendor Purchased,Classical ML,Law Enforcement,,High-impact,
2025-1127,2025,DOJ,LPR: State Partner,Deployed,Deployed,Vendor,Vendor Purchased,Classical ML,Law Enforcement,,High-impact,
2025-1128,2025,DOJ,LPR: Federal Partner,Deployed,Deployed,Vendor,Vendor Purchased,Classical ML,Law Enforcement,,High-impact,
2025-1129,2025,DOJ,LPR: Commercial Solution,Deployed,Deployed,Vendor,Vendor Purchased,Classical ML,Law Enforcement,,High-impact,
2025-1130,2025,DOJ,Friction Ridge Print Comparisons,Pilot,Pilot,Vendor,Vendor Purchased,Classical ML,Law Enforcement,,High-impact,L0907
2025-1131,2025,DOJ,Automated Count of Items in Photos,Pre-deployment,Pre-deployment,,,Generative AI,Law Enforcement,,Not High-impact,L0908
2025-1132,2025,DOJ,Body Worn Camera (BWC) Audio-Video Software AI Tools,Retired,Retired,,,,,,High-impact,L0909
2025-1133,2025,DOJ,Supply Chain Analytics,Deployed,Deployed,Vendor,Vendor Purchased,Classical ML,Law Enforcement,,Not High-impact,L0910
2025-1134,2025,DOJ,Data & Analytics: Database Tools,Deployed,Deployed,Vendor,Vendor Purchased,Generative AI,Law Enforcement,,High-impact,
2025-1135,2025,DOJ,Data & Analytics: Healthcare Fraud Detection,Deployed,Deployed,Vendor and in-house,Contracting and In House,Generative AI,Law Enforcement,,High-impact,
2025-1136,2025,DOJ,Data & Analytics: Threat and Security Incident Monitoring,Pilot,Pilot,Vendor,Vendor Purchased,Generative AI,Law Enforcement,,"Presumed High-Impact, but Not High-impact",
2025-1137,2025,DOJ,Data & Analytics: Transportation OCR,Pre-deployment,Pre-deployment,,,Classical ML,Law Enforcement,,"Presumed High-Impact, but Not High-impact",
2025-1138,2025,DOJ,Data & Analytics: Chemistry Instrument Library,Deployed,Deployed,Vendor and in-house,Contracting and In House,Classical ML,Law Enforcement,,Not High-impact,L0911
2025-1139,2025,DOJ,Data & Analytics: Gunshot Detection System,Deployed,Deployed,Vendor,Vendor Purchased,Classical ML,Law Enforcement,,High-impact,L0912
2025-1140,2025,DOJ,Financial and Cryptocurrency Analysis: Federal Partner,Deployed,Deployed,Vendor and in-house,Contracting and In House,NLP,Law Enforcement,,High-impact,
2025-1141,2025,DOJ,Financial and Cryptocurrency Analysis: Commercial Solution,Deployed,Deployed,Vendor and in-house,Contracting and In House,NLP,Law Enforcement,,High-impact,
2025-1142,2025,DOJ,Controlled Substances Act (CSA): Automation of Reports and Consolidated Orders System (ARCOS) Data Summarization,Deployed,Deployed,Vendor and in-house,Contracting and In House,Generative AI,Law Enforcement,,Not High-impact,L0913
2025-1143,2025,DOJ,Controlled Substances Act (CSA): Transaction Data Ranking,Deployed,Deployed,Vendor and in-house,Contracting and In House,Generative AI,Law Enforcement,,Not High-impact,L0914
2025-1144,2025,DOJ,Intelligence Data Platform,Deployed,Deployed,Vendor,Vendor Purchased,NLP,Law Enforcement,PenLink PLX,High-impact,
2025-1145,2025,DOJ,Call Center Management and Service Delivery Support,Pre-deployment,Pre-deployment,,,Generative AI,Benefits Processing,,Not High-impact,
2025-1146,2025,DOJ,Generative AI R&D Sandbox,Pilot,Pilot,Vendor,Vendor Purchased,Generative AI,IT,NVIDIA,High-impact,L0915
2025-1147,2025,DOJ,Instructional System Design Online Courses,Pre-deployment,Pre-deployment,,,Generative AI,Admin Functions,,Not High-impact,L0916
2025-1148,2025,DOJ,Autonomous Drone Detection and Monitoring,Deployed,Deployed,Vendor,Vendor Purchased,Classical ML,Law Enforcement,,High-impact,
2025-1149,2025,DOJ,Nuclear Magnetic Resonance (NMR) Spectra Prediction,Pre-deployment,Pre-deployment,,,Classical ML,Law Enforcement,,Not High-impact,L0917
2025-1150,2025,DOJ,Automated IT Services and Application Monitoring,Retired,Retired,,,,,,Not High-impact,L1076
2025-1151,2025,DOJ,Summarizing Inspection Actions and Results for Future Inspectors,Pilot,Pilot,In-house,In-house Development,NLP,Admin Functions,,Not High-impact,
2025-1152,2025,DOJ,"Generating Recommendations, Outlines, and Summaries",Pre-deployment,Pre-deployment,,,Generative AI,Admin Functions,,Not High-impact,
2025-1153,2025,DOJ,Fingerprint (Friction Ridge) Optical Character Recognition (OCR),Deployed,Deployed,Vendor and in-house,Contracting and In House,Classical ML,Law Enforcement,,High-impact,
2025-1154,2025,DOJ,Extracting Data from Receipts to Speed Travel Reimbursement or Provide Logbook Documentation,Pilot,Pilot,Vendor,Vendor Purchased,Computer Vision,Admin Functions,Microsoft,Not High-impact,
2025-1155,2025,DOJ,Chatbot to Answer Internal Employee Policy Queries,Pilot,Pilot,Vendor and in-house,Contracting and In House,NLP,Law Enforcement,OpenAI,High-impact,
2025-1156,2025,DOJ,Audio and Written Transcription and Translation,Pilot,Pilot,Vendor and in-house,Contracting and In House,Classical ML,Law Enforcement,MIT Lincoln Laboratory,High-impact,
2025-1157,2025,DOJ,Simulate Regulatory Audits to Train Diversion Investigators and Improve Audit Protocols,Pre-deployment,Pre-deployment,,,Classical ML,Law Enforcement,,Not High-impact,
2025-1158,2025,DOJ,Parse and Capture Data Submitted by Laboratories to the NFLIS Program,Pre-deployment,Pre-deployment,,,Agentic AI,IT,,Not High-impact,
2025-1159,2025,DOJ,Managing Document Digital Signatures,Pre-deployment,Pre-deployment,,,Generative AI,Admin Functions,,Not High-impact,
2025-1160,2025,DOJ,Creating and Maintaining IT Security Packages for Authorizations,Pre-deployment,Pre-deployment,,,Generative AI,Admin Functions,,"Presumed High-Impact, but Not High-impact",
2025-1161,2025,DOJ,Community Outreach Chatbot that Helps the Public Consume Prevention Resources,Pre-deployment,Pre-deployment,,,Agentic AI,Law Enforcement,,Not High-impact,
2025-1162,2025,DOJ,Chatbot to Answer Diversion Registrants' Queries About Registration and Compliance Issues,Pre-deployment,Pre-deployment,,,Generative AI,Law Enforcement,,Not High-impact,
2025-1163,2025,DOJ,Capture and Convert Structured Data from Scanned Case Documents to Support Advanced Analysis and Trend Forecasting,Pre-deployment,Pre-deployment,,,Generative AI,Law Enforcement,,High-impact,
2025-1164,2025,DOJ,Auditing Diversion Registrant Inventories of Controlled Substances,Pre-deployment,Pre-deployment,,,NLP,Law Enforcement,,Not High-impact,
2025-1165,2025,DOJ,Analyzing Prescription Monitoring Program Data,Pre-deployment,Pre-deployment,,,Classical ML,Law Enforcement,,"Presumed High-Impact, but Not High-impact",
2025-1166,2025,DOJ,Analyze Financial Reports to Identify Linkages Across Investigations,Pre-deployment,Pre-deployment,,,NLP,Law Enforcement,,"Presumed High-Impact, but Not High-impact",
2025-1167,2025,DOJ,Creating and Maintaining IT Security Packages for Authorizations,Pre-deployment,Pre-deployment,,,Generative AI,Admin Functions,,"Presumed High-Impact, but Not High-impact",
2025-1168,2025,DOJ,BriefCatch,Deployed,Deployed,Vendor,Vendor Purchased,NLP,Law Enforcement,Lawcatch LLC,Not High-impact,L0919
2025-1169,2025,DOJ,Cybersecurity Defense Tools,Deployed,Deployed,Vendor,Vendor Purchased,Classical ML,Cybersecurity,"CrowdStrike, Zscaler, Splunk, Lookout, Palo Alto Networks, and Cisco Secure Network Analytics",Not High-impact,L0920
2025-1170,2025,DOJ,eLitigation Tools,Deployed,Deployed,Vendor,Vendor Purchased,Classical ML,Law Enforcement,"CloudNine Law, Everlaw, Relativity, and Nuix.","Presumed High-Impact, but Not High-impact",L0921
2025-1171,2025,DOJ,Digital Forensics,Deployed,Deployed,Vendor,Vendor Purchased,Classical ML,Law Enforcement,"These tools include, for example, Cellebrite, Magnet Axiom and Griffeye",High-impact,L0922
2025-1172,2025,DOJ,LexisNexis (AI assisted legal research),Deployed,Deployed,Vendor,Vendor Purchased,Classical ML,Law Enforcement,LexisNexis,Not High-impact,L0923
2025-1173,2025,DOJ,Percipio Skillsoft,Pre-deployment,Pre-deployment,,,Generative AI,HR,,Not High-impact,
2025-1174,2025,DOJ,ServiceNow,Deployed,Deployed,Vendor,Vendor Purchased,NLP,Service Delivery,ServiceNow,Not High-impact,L0882
2025-1175,2025,DOJ,Westlaw (AI assisted legal research),Deployed,Deployed,Vendor,Vendor Purchased,NLP,Law Enforcement,Thomson Reuters,Not High-impact,L0924
2025-1176,2025,DOJ,Smartphone and tablet operating systems and features,Deployed,Deployed,Vendor,Vendor Purchased,Classical ML,Admin Functions,,Not High-impact,
2025-1177,2025,DOJ,"Microsoft Office 365, Teams, and Windows default features",Deployed,Deployed,Vendor,Vendor Purchased,Classical ML,Admin Functions,,Not High-impact,
2025-1178,2025,DOJ,CoPilot,Pre-deployment,Pre-deployment,,,Generative AI,Admin Functions,,Not High-impact,L0965
2025-1179,2025,DOJ,Veritone,Deployed,Deployed,Vendor,Vendor Purchased,NLP,Law Enforcement,Veritone,High-impact,L1065
2025-1180,2025,DOJ,Public Comment Analysis,Deployed,Deployed,Vendor,Vendor Purchased,NLP,Admin Functions,Docketscope,"Presumed High-Impact, but Not High-impact",
2025-1181,2025,DOJ,Geospatial Tools,Deployed,Deployed,Vendor,Vendor Purchased,Classical ML,Law Enforcement,"ESRI, ArcGIS",Not High-impact,
2025-1182,2025,DOJ,FOIA Production Tools,Deployed,Deployed,Vendor,Vendor Purchased,Classical ML,Admin Functions,"FOIA Xpress, Forum One, Adobe, and Polydelta",Not High-impact,
2025-1183,2025,DOJ,Code Development,Deployed,Deployed,Vendor,Vendor Purchased,Generative AI,IT,"GitHub, Microsoft",Not High-impact,
2025-1184,2025,DOJ,Business Intelligence Tools,Deployed,Deployed,Vendor,Vendor Purchased,Classical ML,IT,"Tableau, PowerBI",Not High-impact,
2025-1185,2025,DOJ,AI Cloud Environments,Pre-deployment,Pre-deployment,,,Classical ML,Law Enforcement,,Not High-impact,
2025-1186,2025,DOJ,Parallel Search from CaseText,Retired,Retired,,,,,,Not High-impact,L0925
2025-1187,2025,DOJ,Qualtrics,Pre-deployment,Pre-deployment,,,NLP,Admin Functions,,Not High-impact,L0926
2025-1188,2025,DOJ,SimplyFile,Deployed,Deployed,Vendor,Vendor Purchased,Classical ML,Admin Functions,TechHit,Not High-impact,L0927
2025-1189,2025,DOJ,Veritone,Pre-deployment,Pre-deployment,,,NLP,Energy and Environment,,Not High-impact,
2025-1190,2025,DOJ,Record Digitization,Pre-deployment,Pre-deployment,,,Computer Vision,Admin Functions,,High-impact,
2025-1191,2025,DOJ,Intelligent Workflow Optimization,Pre-deployment,Pre-deployment,,,NLP,Admin Functions,,Not High-impact,
2025-1192,2025,DOJ,Immigration Hearing Transcription and Translation/Interpretation Services,Pre-deployment,Pre-deployment,,,Generative AI,Law Enforcement,,High-impact,
2025-1193,2025,DOJ,Immigration Case Filing Intake and Processing,Pre-deployment,Pre-deployment,,,NLP,Admin Functions,,High-impact,
2025-1194,2025,DOJ,Immigration Case and Filing Content Summary,Pre-deployment,Pre-deployment,,,Generative AI,Law Enforcement,,High-impact,
2025-1195,2025,DOJ,EOIR Adjudicator Notice/Order Writing Assistance,Pre-deployment,Pre-deployment,,,Generative AI,Admin Functions,,High-impact,
2025-1196,2025,DOJ,Customer Service AI Agent/ChatBot,Pre-deployment,Pre-deployment,,,Generative AI,Admin Functions,,Not High-impact,
2025-1197,2025,DOJ,Background Searches,Deployed,Deployed,Vendor,Vendor Purchased,Classical ML,Admin Functions,"TransUnion Risk and Alternative Data Solutions, Inc.",High-impact,
2025-1198,2025,DOJ,Critical Mention,Deployed,Deployed,Vendor,Vendor Purchased,Generative AI,Law Enforcement,Critical Mention,High-impact,L0928
2025-1199,2025,DOJ,Evidence.com,Deployed,Deployed,Vendor,Vendor Purchased,Generative AI,Law Enforcement,Axon,High-impact,
2025-1200,2025,DOJ,Flashpoint Ignite,Retired,Retired,,,,,,High-impact,L0929
2025-1201,2025,DOJ,Insider Threat Management and User Activity Monitoring,Deployed,Deployed,Vendor,Vendor Purchased,Generative AI,Law Enforcement,,High-impact,L1093
2025-1202,2025,DOJ,Palantir,Deployed,Deployed,Vendor,Vendor Purchased,Generative AI,Law Enforcement,Palantir,High-impact,
2025-1203,2025,DOJ,Conduit AI,Pilot,Pilot,Vendor,Vendor Purchased,Generative AI,Law Enforcement,Conductor,High-impact,
2025-1204,2025,DOJ,Cocounsel AI,Pilot,Pilot,Vendor,Vendor Purchased,Generative AI,Law Enforcement,Thomson Reuters,High-impact,
2025-1205,2025,DOJ,Azure AI Foundry Platform,Pilot,Pilot,Vendor and in-house,Contracting and In House,Generative AI,Law Enforcement,Microsoft,Not High-impact,
2025-1206,2025,DOJ,Object Classification Tool - Field Office Security Camera,Deployed,Deployed,Vendor,Vendor Purchased,Computer Vision,Admin Functions,AI Model Provider,Not High-impact,L0930
2025-1207,2025,DOJ,"Data Synthesis, Sentiment, Filtering, and Location Linking",Deployed,Deployed,Vendor,Vendor Purchased,NLP,Law Enforcement,,High-impact,
2025-1208,2025,DOJ,Facial Recognition Technology,Deployed,Deployed,In-house,In-house Development,Computer Vision,Law Enforcement,,High-impact,
2025-1209,2025,DOJ,OCR and Translation,Deployed,Deployed,Vendor,Vendor Purchased,Computer Vision,Law Enforcement,,Not High-impact,
2025-1210,2025,DOJ,License Plate Reader 1,Deployed,Deployed,Vendor,Vendor Purchased,Computer Vision,Law Enforcement,AI Service Provider,High-impact,L0931
2025-1211,2025,DOJ,Enterprise Telecommunications Information System,Deployed,Deployed,Vendor,Vendor Purchased,Generative AI,IT,,Not High-impact,L0932
2025-1212,2025,DOJ,Facial Recognition Technology and Data Mapping Tools,Deployed,Deployed,Vendor,Vendor Purchased,Computer Vision,Law Enforcement,,High-impact,
2025-1213,2025,DOJ,Human Language Extraction and Translation Technology,Deployed,Deployed,Vendor and in-house,Contracting and In House,NLP,Law Enforcement,AI Service Provider,Not High-impact,L0933
2025-1214,2025,DOJ,Attrition and Background Models Capability,Retired,Retired,,,,,,Not High-impact,L0934
2025-1215,2025,DOJ,Audio and Video Recording Management Tool,Deployed,Deployed,Vendor,Vendor Purchased,Computer Vision,Law Enforcement,,Not High-impact,
2025-1216,2025,DOJ,License Plate Reader 2,Deployed,Deployed,Vendor,Vendor Purchased,Computer Vision,Law Enforcement,AI Service Provider,High-impact,
2025-1217,2025,DOJ,License Plate Reader 3,Deployed,Deployed,Vendor,Vendor Purchased,Computer Vision,Law Enforcement,AI Service Provider,High-impact,
2025-1218,2025,DOJ,National Crime Information Center,Pre-deployment,Pre-deployment,,,Classical ML,Law Enforcement,,Not High-impact,L0935
2025-1219,2025,DOJ,National Data Exchange,Deployed,Deployed,Vendor,Vendor Purchased,NLP,Law Enforcement,,Not High-impact,L0936
2025-1220,2025,DOJ,National Instant Criminal Background Check System,Pre-deployment,Pre-deployment,,,Classical ML,Service Delivery,,Not High-impact,L0937
2025-1221,2025,DOJ,Next Generation Identification,Deployed,Deployed,Vendor,Vendor Purchased,Classical ML,Law Enforcement,,High-impact,L1090
2025-1222,2025,DOJ,TIPS,Deployed,Deployed,Vendor and in-house,Contracting and In House,Classical ML,IT,,Not High-impact,L0938
2025-1223,2025,DOJ,Facial Recognition Technology and Data Mapping Tools - 2,Deployed,Deployed,Vendor,Vendor Purchased,Computer Vision,Law Enforcement,,High-impact,
2025-1224,2025,DOJ,"Language Translation,  Optical Character Recognition (OCR), Object Detection, Language Detection, Alert Noise Reduction",Deployed,Deployed,Vendor,Vendor Purchased,NLP,Law Enforcement,AI Service Provider,High-impact,
2025-1225,2025,DOJ,Writing assistant,Pre-deployment,Pre-deployment,,,Generative AI,Admin Functions,,Not High-impact,
2025-1226,2025,DOJ,Transcription,Pre-deployment,Pre-deployment,,,NLP,Law Enforcement,,Not High-impact,
2025-1227,2025,DOJ,Synthetic data generation for software testing,Pre-deployment,Pre-deployment,,,Generative AI,IT,,Not High-impact,
2025-1228,2025,DOJ,Symphony AD-Hoc Batch Processing,Deployed,Deployed,In-house,In-house Development,Generative AI,Law Enforcement,,Not High-impact,
2025-1229,2025,DOJ,Summarization Tool,Deployed,Deployed,Vendor,Vendor Purchased,NLP,Law Enforcement,,Not High-impact,
2025-1230,2025,DOJ,Sentiment Analysis Tool,Pilot,Pilot,Vendor,Vendor Purchased,NLP,HR,,Not High-impact,
2025-1231,2025,DOJ,Search Tool for Prioritization,Pre-deployment,Pre-deployment,,,Classical ML,Law Enforcement,,Not High-impact,
2025-1232,2025,DOJ,Search Tool,Deployed,Deployed,Vendor,Vendor Purchased,NLP,Law Enforcement,AI Service Provider,Not High-impact,
2025-1233,2025,DOJ,Redaction Tool 2,Pre-deployment,Pre-deployment,,,Classical ML,IT,,Not High-impact,
2025-1234,2025,DOJ,Redaction Tool 1,Pilot,Pilot,Vendor and in-house,Contracting and In House,Classical ML,Admin Functions,,Not High-impact,
2025-1235,2025,DOJ,Procurement Data Triage Tool,Deployed,Deployed,Vendor,Vendor Purchased,NLP,Admin Functions,AI Model Provider,Not High-impact,
2025-1236,2025,DOJ,Administrative Chatbot,Pre-deployment,Pre-deployment,,,Generative AI,Admin Functions,,Not High-impact,
2025-1237,2025,DOJ,Policy Chatbot,Pilot,Pilot,Vendor,Vendor Purchased,Generative AI,Admin Functions,AI Model Provider,Not High-impact,
2025-1238,2025,DOJ,Optical Character Recognition Tool 3,Pilot,Pilot,Vendor,Vendor Purchased,Classical ML,Procurement and Finance Mgmt,,Not High-impact,
2025-1239,2025,DOJ,Optical Character Recognition Tool 1,Retired,Retired,,,,,,Not High-impact,
2025-1240,2025,DOJ,Optical Character Recognition Tool 2,Deployed,Deployed,Vendor and in-house,Contracting and In House,Computer Vision,Law Enforcement,,Not High-impact,
2025-1241,2025,DOJ,Object Detection Tool 2,Pre-deployment,Pre-deployment,,,Computer Vision,Law Enforcement,,Not High-impact,
2025-1242,2025,DOJ,Object Detection Tool 1,Deployed,Deployed,Vendor,Vendor Purchased,Classical ML,Law Enforcement,,Not High-impact,
2025-1243,2025,DOJ,NIST Compliance Recommender,Pilot,Pilot,In-house,In-house Development,Generative AI,IT,,Not High-impact,
2025-1244,2025,DOJ,Named Entity Recognition,Deployed,Deployed,In-house,In-house Development,NLP,IT,,Not High-impact,
2025-1245,2025,DOJ,Image processing,Pre-deployment,Pre-deployment,,,Computer Vision,Science,,Not High-impact,
2025-1246,2025,DOJ,Entity Resolution,Deployed,Deployed,In-house,In-house Development,Classical ML,IT,,Not High-impact,
2025-1247,2025,DOJ,Entity Extraction and Summarization,Pre-deployment,Pre-deployment,,,NLP,Law Enforcement,,Not High-impact,
2025-1248,2025,DOJ,Data Triage and Processing,Pilot,Pilot,Vendor,Vendor Purchased,Computer Vision,Law Enforcement,AI Service Provider,Not High-impact,
2025-1249,2025,DOJ,Data Triage,Pre-deployment,Pre-deployment,,,Generative AI,Admin Functions,,Not High-impact,
2025-1250,2025,DOJ,Data outlier detection,Pre-deployment,Pre-deployment,,,Classical ML,Law Enforcement,,Not High-impact,
2025-1251,2025,DOJ,Data Call Code Assist Tool,Pilot,Pilot,Vendor and in-house,Contracting and In House,Generative AI,Admin Functions,,Not High-impact,
2025-1252,2025,DOJ,Chatbot,Pre-deployment,Pre-deployment,,,NLP,Law Enforcement,,Not High-impact,
2025-1253,2025,DOJ,Business Form Generation,Pre-deployment,Pre-deployment,,,Generative AI,Procurement and Finance Mgmt,,Not High-impact,
2025-1254,2025,DOJ,Audio Clarity Tool,Pre-deployment,Pre-deployment,,,Classical ML,Law Enforcement,,Not High-impact,
2025-1255,2025,DOJ,AI Chatbot,Pre-deployment,Pre-deployment,,,Generative AI,Admin Functions,,Not High-impact,
2025-1256,2025,DOJ,ASCVD (Atherosclerotic Cardiovascular Disease) Risk Estimator,Deployed,Deployed,Vendor,Vendor Purchased,Classical ML,Health and Medical,American College of Cardiology,High-impact,L0939
2025-1257,2025,DOJ,Automated Medication Dispensing Cabinet,Deployed,Deployed,Vendor,Vendor Purchased,Classical ML,Health and Medical,BD Pyxis,High-impact,L1096
2025-1258,2025,DOJ,Automated Staffing Tool,Deployed,Deployed,Vendor,Vendor Purchased,Classical ML,HR,Microsoft,Not High-impact,L0940
2025-1259,2025,DOJ,Aztec Learning Software,Pre-deployment,Pre-deployment,,,Classical ML,Service Delivery,,Not High-impact,L0941
2025-1260,2025,DOJ,BRAVO Classification,Deployed,Deployed,Vendor,Vendor Purchased,Classical ML,Law Enforcement,SAS,High-impact,L0942
2025-1261,2025,DOJ,Building Automation Systems,Deployed,Deployed,Vendor,Vendor Purchased,Classical ML,Admin Functions,,High-impact,L0943
2025-1262,2025,DOJ,Community Treatment Pipeline Screening,Deployed,Deployed,Vendor,Vendor Purchased,Classical ML,Health and Medical,SAS,High-impact,L0944
2025-1263,2025,DOJ,Descript,Deployed,Deployed,Vendor,Vendor Purchased,Generative AI,Service Delivery,Descript,Not High-impact,L0945
2025-1264,2025,DOJ,Google Translate,Deployed,Deployed,Vendor,Vendor Purchased,Classical ML,Admin Functions,Google,"Presumed High-Impact, but Not High-impact",L0946
2025-1265,2025,DOJ,InterQual,Retired,Retired,,,,,,High-impact,L0947
2025-1266,2025,DOJ,Medical Claims Adjudication,Deployed,Deployed,Vendor,Vendor Purchased,Classical ML,Health and Medical,Quantum Choice from Plexis,High-impact,L0948
2025-1267,2025,DOJ,Medical Designations Calculator,Deployed,Deployed,Vendor,Vendor Purchased,Classical ML,Health and Medical,SAS,High-impact,L0949
2025-1268,2025,DOJ,NLETs Arrest Classification,Deployed,Deployed,Vendor,Vendor Purchased,Classical ML,Law Enforcement,SAS,High-impact,L0950
2025-1269,2025,DOJ,Pathfinder,Deployed,Deployed,Vendor,Vendor Purchased,Classical ML,HR,Azure,Not High-impact,L0951
2025-1270,2025,DOJ,Prisoner Assessment Tool Targeting Estimated Risk and Needs (PATTERN),Deployed,Deployed,In-house,In-house Development,Classical ML,Law Enforcement,,Not High-impact,L0952
2025-1271,2025,DOJ,Psychological Test Interpretation - Pearson Assessments,Deployed,Deployed,Vendor,Vendor Purchased,Classical ML,Health and Medical,Pearson Assessments,High-impact,L0953
2025-1272,2025,DOJ,reCAPTCHA,Deployed,Deployed,Vendor,Vendor Purchased,Classical ML,Law Enforcement,Google,Not High-impact,L0954
2025-1273,2025,DOJ,Static-99 Sex Offender Data System (SODS),Deployed,Deployed,In-house,In-house Development,Classical ML,Law Enforcement,,High-impact,L0955
2025-1274,2025,DOJ,The R Project for Statistical Computing,Retired,Retired,,,,,,High-impact,L0956
2025-1275,2025,DOJ,Thomson Reuters Drafting Assistant Tool for MS Word,Retired,Retired,,,,,,Not High-impact,L0957
2025-1276,2025,DOJ,"TruNarc, Smith Detection",Deployed,Deployed,Vendor,Vendor Purchased,Classical ML,Law Enforcement,"TruNarc, Smiths Detection",High-impact,L1073
2025-1277,2025,DOJ,Trunet Systems,Deployed,Deployed,Vendor,Vendor Purchased,Classical ML,Law Enforcement,Advanced Technologies Group,High-impact,L0958
2025-1278,2025,DOJ,Truview,Deployed,Deployed,Vendor,Vendor Purchased,Classical ML,Law Enforcement,Advanced Technologies Group,High-impact,L0959
2025-1279,2025,DOJ,UAS Threat Detector,Deployed,Deployed,Vendor,Vendor Purchased,Classical ML,Law Enforcement,,High-impact,L0960
2025-1280,2025,DOJ,UpToDate,Deployed,Deployed,Vendor,Vendor Purchased,NLP,Health and Medical,UpToDate,High-impact,L0961
2025-1281,2025,DOJ,Veritone,Retired,Retired,,,,,,High-impact,
2025-1282,2025,DOJ,Wellsaid,Deployed,Deployed,Vendor,Vendor Purchased,Generative AI,Service Delivery,Wellsaid,Not High-impact,L0962
2025-1283,2025,DOJ,Perimeter Detection Fence (FLIR),Retired,Retired,,,,,,High-impact,L1109
2025-1284,2025,DOJ,Goblin,Retired,Retired,,,,,,Not High-impact,
2025-1285,2025,DOJ,CoHost AI (Podcast hosting service feature),Deployed,Deployed,Vendor,Vendor Purchased,Generative AI,Admin Functions,Buzz sprout,Not High-impact,
2025-1286,2025,DOJ,Adobe Premiere,Deployed,Deployed,Vendor,Vendor Purchased,Generative AI,Admin Functions,Adobe,Not High-impact,
2025-1287,2025,DOJ,Adobe Photoshop,Deployed,Deployed,Vendor,Vendor Purchased,Generative AI,Admin Functions,Adobe,Not High-impact,
2025-1288,2025,DOJ,Exiger Supply Chain Risk Management - DDIQ Research Engine,Deployed,Deployed,Vendor,Vendor Purchased,Generative AI,Cybersecurity,Exiger,Not High-impact,L0963
2025-1289,2025,DOJ,Exiger Supply Chain Risk Management - DDIQ Due Diligence Analytics,Deployed,Deployed,Vendor,Vendor Purchased,Generative AI,Cybersecurity,Exiger,Not High-impact,L0964
2025-1290,2025,DOJ,Savan Group Intelligent Records Consolidation Tool,Retired,Retired,,,,,,Not High-impact,L0966
2025-1291,2025,DOJ,UFMS ChatBot,Pre-deployment,Pre-deployment,,,Generative AI,Admin Functions,,Not High-impact,
2025-1292,2025,DOJ,Internal Finance ChatBot,Pre-deployment,Pre-deployment,,,Generative AI,Admin Functions,,Not High-impact,
2025-1293,2025,DOJ,AI CLIN Generation,Pre-deployment,Pre-deployment,,,Generative AI,Admin Functions,,Not High-impact,
2025-1294,2025,DOJ,Salesforce,Pre-deployment,Pre-deployment,,,Classical ML,Law Enforcement,,Not High-impact,L1066
2025-1295,2025,DOJ,Enhanced Proactive Financial Analysis Techniques for Fusion Desktop,Pre-deployment,Pre-deployment,,,NLP,Law Enforcement,,High-impact,L0967
2025-1296,2025,DOJ,FinCEN Data Summarization,Pre-deployment,Pre-deployment,,,Generative AI,Law Enforcement,,High-impact,L1091
2025-1297,2025,DOJ,Generation of Graphs and Charts,Pre-deployment,Pre-deployment,,,Generative AI,Law Enforcement,,Not High-impact,
2025-1298,2025,DOJ,Generation of Large Test Data Sets,Pre-deployment,Pre-deployment,,,Generative AI,Law Enforcement,,Not High-impact,
2025-1299,2025,DOJ,Machine Learning for Decision Support for Fusion Desktop,Pre-deployment,Pre-deployment,,,Classical ML,Law Enforcement,,High-impact,L0968
2025-1300,2025,DOJ,Machine Learning for Decision Support for DOJ MIS,Pre-deployment,Pre-deployment,,,Classical ML,Law Enforcement,,High-impact,L1086
2025-1301,2025,DOJ,Narrative Analysis for Fusion Desktop,Pre-deployment,Pre-deployment,,,NLP,Law Enforcement,,High-impact,L1106
2025-1302,2025,DOJ,Narrative Analysis for DOJ MIS,Pre-deployment,Pre-deployment,,,NLP,Law Enforcement,,High-impact,L1103
2025-1303,2025,DOJ,Train ML on Intelligence Analyst Best Practices,Pre-deployment,Pre-deployment,,,Classical ML,Law Enforcement,,High-impact,L0969
2025-1304,2025,DOJ,Link Analysis and Chart Creation from Narrative Summaries,Pre-deployment,Pre-deployment,,,Generative AI,Law Enforcement,,High-impact,
2025-1305,2025,DOJ,Speech to Text Managed Service - Voice Transcription to Text,Deployed,Deployed,Vendor and in-house,Contracting and In House,NLP,Law Enforcement,"Microsoft, OpenAI",Not High-impact,L1097
2025-1306,2025,DOJ,Inspection Productivity Tool,Pre-deployment,Pre-deployment,,,Generative AI,Admin Functions,,High-impact,
2025-1307,2025,DOJ,Internal Component-specific chatbot service,Pilot,Pilot,Vendor,Vendor Purchased,Generative AI,IT,"Microsoft, OpenAI",Not High-impact,
2025-1308,2025,DOJ,Dragon,Deployed,Deployed,Vendor,Vendor Purchased,NLP,Admin Functions,Nuance Communications (owned by Microsoft),Not High-impact,L1067
2025-1309,2025,DOJ,Informatica - CLAIRE,Deployed,Deployed,Vendor,Vendor Purchased,Classical ML,Admin Functions,Informatica,Not High-impact,L0970
2025-1310,2025,DOJ,Nlets Nationwide License Plate Reader Pointer Index,Deployed,Deployed,Vendor,Vendor Purchased,Computer Vision,Law Enforcement,Thomson Reuters,High-impact,L0971
2025-1311,2025,DOJ,Axon,Deployed,Deployed,Vendor,Vendor Purchased,Generative AI,Law Enforcement,Axon,Not High-impact,L0972
2025-1312,2025,DOJ,SAS Enterprise Miner - Grant risk assessment model,Retired,Retired,,,,,,Not High-impact,L0973
2025-1313,2025,DOJ,Grant Risk Assessment Model v3,Pre-deployment,Pre-deployment,,,Classical ML,Admin Functions,,Not High-impact,
2025-1314,2025,DOJ,Prisoner Assessment Tool Targeting Estimated Risk and Needs (PATTERN),Deployed,Deployed,In-house,In-house Development,Agentic AI,Law Enforcement,,High-impact,L1068
2025-1315,2025,DOJ,MACO Project: Law Enforcement CAD Data Autocoder,Pre-deployment,Pre-deployment,,,NLP,Law Enforcement,,Not High-impact,L0974
2025-1316,2025,DOJ,Offense Text Auto-Coder (OTAC) - Automated offense coder from offense charge text strings used for the BJS National Pretrial Reporting Program,Deployed,Deployed,In-house,In-house Development,NLP,Law Enforcement,,Not High-impact,L0975
2025-1317,2025,DOJ,Rapid Offense Text Autocoder (ROTA) - Automated offense coder from offense charge text strings used for the BJS Criminal Cases in State Courts,Deployed,Deployed,In-house,In-house Development,NLP,Law Enforcement,,Not High-impact,L0976
2025-1318,2025,DOJ,Research Abstract Screening for CrimeSolutions,Retired,Retired,,,,,,Not High-impact,L0977
2025-1319,2025,DOJ,AI Sandbox for exploration and education on AI,Pre-deployment,Pre-deployment,,,Generative AI,IT,,Not High-impact,
2025-1320,2025,DOJ,NetDocuments,Deployed,Deployed,Vendor,Vendor Purchased,Classical ML,Admin Functions,"Inonde, NetDocuments",Not High-impact,
2025-1321,2025,DOJ,Adobe,Pre-deployment,Pre-deployment,,,Generative AI,Admin Functions,,Not High-impact,L0979
2025-1322,2025,DOJ,Hootsuite,Deployed,Deployed,Vendor,Vendor Purchased,NLP,Admin Functions,Hootsuite,Not High-impact,L0980
2025-1323,2025,DOJ,Veritone Digital Media Hub,Deployed,Deployed,Vendor,Vendor Purchased,NLP,Admin Functions,Veritone,Not High-impact,L0981
2025-1324,2025,DOJ,Lexis Nexis (People Search),Deployed,Deployed,Vendor,Vendor Purchased,NLP,Law Enforcement,Lexis Nexis,High-impact,L0982
2025-1325,2025,DOJ,Pacer Search,Deployed,Deployed,Vendor,Vendor Purchased,Generative AI,Law Enforcement,Techsmith,High-impact,L0983
2025-1326,2025,DOJ,Westlaw (People Search),Deployed,Deployed,Vendor,Vendor Purchased,NLP,Law Enforcement,Westlaw,High-impact,L0984
2025-1327,2025,DOJ,"Voicemail Transcription, Translation and Summarization",Pilot,Pilot,Vendor,Vendor Purchased,Generative AI,Admin Functions,Amazon,High-impact,
2025-1328,2025,DOJ,ProLaw,Deployed,Deployed,Vendor,Vendor Purchased,NLP,Law Enforcement,Thomson Reuters,Not High-impact,L0985
2025-1329,2025,DOJ,AWS Transcribe,Deployed,Deployed,Vendor,Vendor Purchased,NLP,Law Enforcement,Amazon Web Services,"Presumed High-Impact, but Not High-impact",L0986
2025-1330,2025,DOJ,AWS Translate,Deployed,Deployed,Vendor,Vendor Purchased,Classical ML,Law Enforcement,Amazon Web Services,"Presumed High-Impact, but Not High-impact",L0987
2025-1331,2025,DOJ,JAWS (Text-to-Speech Assistant for Accessibility),Deployed,Deployed,Vendor,Vendor Purchased,Generative AI,Law Enforcement,Freedom Scientific Inc.,High-impact,
2025-1332,2025,DOJ,Trial Presentation Software,Deployed,Deployed,Vendor,Vendor Purchased,Classical ML,Law Enforcement,"OnCue Technology, LLC",Not High-impact,
2025-1333,2025,DOJ,Deposition Transcript Management,Deployed,Deployed,Vendor,Vendor Purchased,Generative AI,Law Enforcement,LexisNexis,Not High-impact,
2025-1334,2025,DOJ,Table of Contents / Table of Authorities Word plugin,Deployed,Deployed,Vendor,Vendor Purchased,NLP,Law Enforcement,"Levit & James, acquired by Litera",Not High-impact,
2025-1335,2025,DOJ,System Performance Monitoring,Pre-deployment,Pre-deployment,,,NLP,IT,,Not High-impact,
2025-1336,2025,DOJ,Stream Processing & Analytics,Pre-deployment,Pre-deployment,,,Classical ML,Law Enforcement,,Not High-impact,
2025-1337,2025,DOJ,Graph Analytics & Visualization,Pre-deployment,Pre-deployment,,,Classical ML,Law Enforcement,,Not High-impact,
2025-1338,2025,DOJ,Email Organization Plugin,Pre-deployment,Pre-deployment,,,NLP,Admin Functions,,Not High-impact,
2025-1339,2025,DOJ,Document Processing,Pre-deployment,Pre-deployment,,,Classical ML,Law Enforcement,,Not High-impact,
2025-1340,2025,DOJ,Diagram Creation,Pre-deployment,Pre-deployment,,,Generative AI,Law Enforcement,,Not High-impact,
2025-1341,2025,DOJ,Case Management System Integration,Pre-deployment,Pre-deployment,,,Generative AI,Admin Functions,,Not High-impact,
2025-1342,2025,DOJ,Big Data Visualization Tools,Pre-deployment,Pre-deployment,,,Classical ML,Law Enforcement,,Not High-impact,
2025-1343,2025,DOJ,Axon Video Retention Solution (VRS) - object recognition and redaction,Deployed,Deployed,Vendor,Vendor Purchased,Computer Vision,Law Enforcement,"Axon Enterprise, Inc.",High-impact,L0988
2025-1344,2025,DOJ,Facial Recognition Technology,Deployed,Deployed,Vendor,Vendor Purchased,Computer Vision,Law Enforcement,Clearview AI,High-impact,
2025-1345,2025,DOJ,JMIS: JARS,Deployed,Deployed,In-house,In-house Development,Classical ML,Admin Functions,,Not High-impact,
2025-1346,2025,DOJ,JMIS: Route Optimizer,Deployed,Deployed,Vendor and in-house,Contracting and In House,Classical ML,Admin Functions,,Not High-impact,
2025-1347,2025,DOJ,UiPath OCR activity,Pre-deployment,Pre-deployment,,,Generative AI,IT,,Not High-impact,L0989
2025-1348,2025,DOJ,Unmanned Aerial Systems (UAS),Deployed,Deployed,Vendor,Vendor Purchased,Agentic AI,Law Enforcement,Skydio,Not High-impact,
2025-1349,2025,DOJ,Video Transcription Tool,Deployed,Deployed,In-house,In-house Development,NLP,Law Enforcement,,High-impact,L0991
2025-1350,2025,DOJ,Axon Video Retention Solution (VRS) - Transcription,Deployed,Deployed,Vendor,Vendor Purchased,Computer Vision,Law Enforcement,"Axon Enterprise, Inc.",High-impact,L0992
2025-1351,2025,DOJ,Open Source Investigative Tool,Deployed,Deployed,Vendor,Vendor Purchased,NLP,Law Enforcement,Vendor proprietary,High-impact,
2025-1352,2025,DOJ,JPATS Mobile App (Biometrics),Deployed,Deployed,Vendor and in-house,Contracting and In House,Computer Vision,Transportation,Rank One Computing,Not High-impact,
2025-1353,2025,DOJ,UiPath Document Understanding,Pre-deployment,Pre-deployment,,,Generative AI,IT,,Not High-impact,
2025-1354,2025,DOJ,Translation tool,Pre-deployment,Pre-deployment,,,Generative AI,IT,,Not High-impact,
2025-1355,2025,DOJ,Storyblocks,Retired,Retired,,,,,,Not High-impact,
2025-1356,2025,DOJ,Pega GenAI,Pre-deployment,Pre-deployment,,,Generative AI,IT,,"Presumed High-Impact, but Not High-impact",
2025-1357,2025,DOJ,Camtasia,Pilot,Pilot,Vendor,Vendor Purchased,Generative AI,Admin Functions,TechSmith,Not High-impact,
2025-1358,2025,DOJ,AWS Textract,Pre-deployment,Pre-deployment,,,Classical ML,Law Enforcement,,"Presumed High-Impact, but Not High-impact",
2025-1359,2025,DOJ,AWS Rekognition,Pre-deployment,Pre-deployment,,,Computer Vision,Law Enforcement,,High-impact,
2025-1360,2025,DOJ,Audiate,Pilot,Pilot,Vendor,Vendor Purchased,Generative AI,Admin Functions,Techsmith,Not High-impact,
2025-1361,2025,DOJ,Acquisition Support Tool,Deployed,Deployed,Vendor,Vendor Purchased,Generative AI,Procurement and Finance Mgmt,Virtual Acquisition Office (VAO) Ally,Not High-impact,
2025-1362,2025,DOJ,Aware,Deployed,Deployed,Vendor,Vendor Purchased,Generative AI,Law Enforcement,Aware Technologies,"Presumed High-Impact, but Not High-impact",L0993
2025-1363,2025,DOJ,Language Weaver,Retired,Retired,,,,,,High-impact,L0994
2025-1364,2025,DOJ,Thomson Reuters CLEAR,Deployed,Deployed,Vendor,Vendor Purchased,Computer Vision,Law Enforcement,Thomson Reuters,"Presumed High-Impact, but Not High-impact",L1069
2025-1365,2025,DOJ,USTP AI Assistant,Pre-deployment,Pre-deployment,,,NLP,IT,,Not High-impact,
2025-1366,2025,DOL,OEWS Occupation Autocoder,Deployed,Deployed,In-house,In-house Development,Classical ML,Other - Applied Mathematical Sciences,,Not High-impact,L0234
2025-1367,2025,DOL,Scanner Data Product Classification,Deployed,Deployed,In-house,In-house Development,Classical ML,Other - Applied Mathematical Sciences,,Not High-impact,L0235
2025-1368,2025,DOL,"Expenditure Classification 
Autocoder",Deployed,Deployed,Vendor and in-house,Contracting and In House,Classical ML,Other - Applied Mathematical Sciences,1605TA-21-F-00064,Not High-impact,L0236
2025-1369,2025,DOL,"Computer-Assisted Coding: 
SOII Autocoder",Deployed,Deployed,In-house,In-house Development,Classical ML,Other - Applied Mathematical Sciences,,Not High-impact,L0242
2025-1370,2025,DOL,CFOI Record Matching,Deployed,Deployed,In-house,In-house Development,Classical ML,Other - Applied Mathematical Sciences,,Not High-impact,L0243
2025-1371,2025,DOL,CPS OTC Prediction,Deployed,Deployed,In-house,In-house Development,Classical ML,Other - Applied Mathematical Sciences,,Not High-impact,L0245
2025-1372,2025,DOL,Sample Refinement: Frame API,Deployed,Deployed,In-house,In-house Development,Classical ML,Other - Applied Mathematical Sciences,,Not High-impact,L0246
2025-1373,2025,DOL,CE Interview Item Code Estimation,Deployed,Deployed,In-house,In-house Development,Classical ML,Other - Applied Mathematical Sciences,,Not High-impact,L0247
2025-1374,2025,DOL,CE Interview Imputations,Deployed,Deployed,In-house,In-house Development,Classical ML,Other - Applied Mathematical Sciences,,Not High-impact,L0248
2025-1375,2025,DOL,QCEW NAICS Autocoder,Pilot,Pilot,In-house,In-house Development,Classical ML,Other - Applied Mathematical Sciences,,Not High-impact,
2025-1376,2025,DOL,"Comment Actionability
Likelihood Score",Deployed,Deployed,In-house,In-house Development,Classical ML,Other - Applied Mathematical Sciences,,Not High-impact,
2025-1377,2025,DOL,"Computer-Assisted Review:
ORS Autocoder",Pre-deployment,Pre-deployment,In-house,In-house Development,Classical ML,Other - Applied Mathematical Sciences,,Not High-impact,
2025-1378,2025,DOL,PPI Price Tolerance Prediction,Deployed,Deployed,In-house,In-house Development,Classical ML,Other - Applied Mathematical Sciences,,Not High-impact,
2025-1379,2025,DOL,Worker PLUS Microsimulation Program,Deployed,Deployed,Vendor and in-house,Contracting and In House,Classical ML,HR,DOLQ129633247,Not High-impact,L0241
2025-1380,2025,DOL,NLP Processing tool for ILAB,Pre-deployment,Pre-deployment,,,Generative AI,Service Delivery,,Not High-impact,
2025-1381,2025,DOL,Call Recording Analysis,Pre-deployment,Pre-deployment,,,NLP,Service Delivery,,Not High-impact,L0231
2025-1382,2025,DOL,Web Scraping to Identify Potentially Fraudulent Multiple Employer Welfare Arrangements (MEWAs),Retired,Retired,,,,,,Not High-impact,
2025-1383,2025,DOL,EBSA Case File Summarization,Pre-deployment,Pre-deployment,,,Generative AI,Admin Functions,,Not High-impact,
2025-1384,2025,DOL,Text to Speech Conversion,Pre-deployment,Pre-deployment,,,NLP,Service Delivery,,Not High-impact,L0225
2025-1385,2025,DOL,Automatic Data Processing Workflow with Form Recognizer (9130/9178 Reconciliation Project),Retired,Retired,,,,,,Not High-impact,
2025-1386,2025,DOL,Occupation Code Suggestion For Job Duties Data,Retired,Retired,,,,,,Not High-impact,L0237
2025-1387,2025,DOL,Notice of Deficiency (NOD) Text Generation using Generative AI model,Retired,Retired,,,,,,Not High-impact,L0238
2025-1388,2025,DOL,Initial Determinations for incoming applications,Retired,Retired,,,,,,Not High-impact,L0240
2025-1389,2025,DOL,ETA Grants Monitoring Tool through Doc Explorer,Deployed,Deployed,Vendor and in-house,Contracting and In House,Generative AI,Admin Functions,,Not High-impact,
2025-1390,2025,DOL,AI Headset,Pilot,Pilot,Vendor,Vendor Purchased,Computer Vision,Other,ResolveSoft 1605TA-25-F-00018,Not High-impact,
2025-1391,2025,DOL,Language Translation,Pre-deployment,Pre-deployment,,,Generative AI,Other,,Not High-impact,L0223
2025-1392,2025,DOL,Electronic Records Management,Pre-deployment,Pre-deployment,,,Generative AI,Admin Functions,,Not High-impact,L0230
2025-1393,2025,DOL,Generative AI AssistantI  ( AI Center),Deployed,Deployed,Vendor and in-house,Contracting and In House,Generative AI,Admin Functions,"Synergy PIID: 1605DC19A0004
Azure PIID: NNG15SD60B",Not High-impact,
2025-1394,2025,DOL,Note Taking Bot,Deployed,Deployed,Vendor and in-house,Contracting and In House,Generative AI,Admin Functions,"Synergy PIID: 1605DC19A0004
Azure PIID: NNG15SD60B",Not High-impact,L0249
2025-1395,2025,DOL,DAISI ( DOL AI Search Insights),Deployed,Deployed,In-house,In-house Development,Generative AI,Admin Functions,,Not High-impact,
2025-1396,2025,DOL,Workforce Recruitment Program (WRP) Website Chatbot Assistant,Deployed,Deployed,Vendor and in-house,Contracting and In House,Generative AI,Service Delivery,"AWS PIID: NNG15SD22B
Synergy PIID: 1605DC19A0004",Not High-impact,
2025-1397,2025,DOL,Determine Occupation Codes from Text (NIOCCS),Retired,Retired,,,,,,Not High-impact,L0250
2025-1398,2025,DOL,Hololens,Deployed,Deployed,Vendor,Vendor Purchased,Computer Vision,HR,BGC/CLIRIO,Not High-impact,L0228
2025-1399,2025,DOL,Case Recording summarization,Retired,Retired,,,,,,Not High-impact,L0233
2025-1400,2025,DOL,PII Redaction,Deployed,Deployed,Vendor and in-house,Contracting and In House,NLP,Cybersecurity,Amazon,High-impact,L0239
2025-1401,2025,DOL,OIICS Coding,Retired,Retired,,,,,,Not High-impact,L0244
2025-1402,2025,DOL,Website Chatbot Assistant,Retired,Retired,,,,,,Not High-impact,L0227
2025-1403,2025,DOL,Claims Document Processing,Retired,Retired,,,,,,Not High-impact,L0226
2025-1404,2025,DOL,Official Document Validation,Retired,Retired,,,,,,Not High-impact,L0229
2025-1405,2025,DOL,Automatic Document Processing,Deployed,Deployed,Vendor and in-house,Contracting and In House,Generative AI,Benefits Processing,"Synergy PIID: 1605DC19A0004
Azure PIID: NNG15SD60B",Not High-impact,L0232
2025-1406,2025,DOL,Audio Transcription,Deployed,Deployed,Vendor,Vendor Purchased,Generative AI,Other,Azure PIID: NNG15SD60B,Not High-impact,L0224
2025-1407,2025,DOT,AI Operations Laboratory (OPSLAB),Pre-deployment,Pre-deployment,,,Agentic AI,Admin Functions,,Not High-impact,L0998
2025-1408,2025,DOT,Transportation AI-enabled Network (TrAIN),Pre-deployment,Pre-deployment,,,Agentic AI,Admin Functions,,Not High-impact,L0999
2025-1409,2025,DOT,Transportation Use Case Knowledge Repository (TrUCKR),Pre-deployment,Pre-deployment,,,Other,Admin Functions,,Not High-impact,L1029
2025-1410,2025,DOT,Enterprise Knowledge Graph and Advanced AI Data Structures Collaboration Group,Pre-deployment,Pre-deployment,Vendor and in-house,Contracting and In House,Other,Admin Functions,,Not High-impact,L1028
2025-1411,2025,DOT,Enterprise Personal Productivity Assistant Capability,Deployed,Deployed,In-house,In-house Development,Generative AI,Admin Functions,,Not High-impact,L1001
2025-1412,2025,DOT,"Enterprise ""Ask Dottie"" ChatBot Capability",Pre-deployment,Pre-deployment,,,NLP,Admin Functions,,Not High-impact,L1002
2025-1413,2025,DOT,USDOT Compliance Plan for OMB Memorandum M-24-10 (September 2024),Deployed,Deployed,In-house,In-house Development,Other,Admin Functions,,Not High-impact,L0996
2025-1414,2025,DOT,NETT Council AI Coordination and Activities (AICA) Working Group,Pre-deployment,Pre-deployment,,,Other,Admin Functions,,Not High-impact,L1030
2025-1415,2025,DOT,"NETT Council Safety, Rights, and Security Review (SR2) Committee",Pre-deployment,Pre-deployment,,,Other,Admin Functions,,Not High-impact,L1032
2025-1416,2025,DOT,DOT AI Procurement Team,Pre-deployment,Pre-deployment,,,Other,Admin Functions,,Not High-impact,L1033
2025-1417,2025,DOT,DOT Workforce Acquisitions and Training Team,Pre-deployment,Pre-deployment,,,Other,Admin Functions,,Not High-impact,L1031
2025-1418,2025,DOT,DOT Generative AI (GenAI) Policy,Pre-deployment,Pre-deployment,,,Generative AI,Admin Functions,,Not High-impact,L1035
2025-1419,2025,DOT,DOT AI Emerging Technology Team,Pre-deployment,Pre-deployment,,,Other,Admin Functions,,Not High-impact,L1034
2025-1420,2025,DOT,Advanced Research and Testing (ART) Network,Pre-deployment,Pre-deployment,In-house,In-house Development,Agentic AI,Admin Functions,,Not High-impact,L0997
2025-1421,2025,DOT,Financials LLM Document Search,Pre-deployment,Pre-deployment,In-house,In-house Development,Generative AI,Transportation,,Not High-impact,L1040
2025-1422,2025,DOT,Financial Policy LLM Document Search,Deployed,Deployed,In-house,In-house Development,Generative AI,Transportation,,Not High-impact,L1042
2025-1423,2025,DOT,AI Freedom of Information Act (FOIA) Request Classification,Pre-deployment,Pre-deployment,Vendor and in-house,Contracting and In House,Other,Transportation,,Not High-impact,L1059
2025-1424,2025,DOT,Court Reporting and Testimony Management Platform,Pre-deployment,Pre-deployment,Vendor,Vendor Purchased,Other,Transportation,,Not High-impact,L1055
2025-1425,2025,DOT,AI-Assisted Legal Research,Pre-deployment,Pre-deployment,Vendor,Vendor Purchased,Other,Transportation,,Not High-impact,L1056
2025-1426,2025,DOT,Case and Document Management Copilot,Pre-deployment,Pre-deployment,Vendor,Vendor Purchased,Other,Transportation,,Not High-impact,L1058
2025-1427,2025,DOT,Human Resources Policy Manual (HRPM) LLM Document Search,Pre-deployment,Pre-deployment,Vendor and in-house,Contracting and In House,NLP,Transportation,,Not High-impact,L1039
2025-1428,2025,DOT,Certified Professional Controller (CPC) On-Board Success Evaluator,Deployed,Deployed,Vendor and in-house,Contracting and In House,Classical ML,Transportation,,Not High-impact,L1003
2025-1429,2025,DOT,Automated Delay detection using voice processing,Pre-deployment,Pre-deployment,Vendor and in-house,Contracting and In House,Classical ML,Transportation,,Not High-impact,L1004
2025-1430,2025,DOT,Technical Operations Predictive Maintenance,Pre-deployment,Pre-deployment,Vendor and in-house,Contracting and In House,Classical ML,Transportation,,Not High-impact,L1005
2025-1431,2025,DOT,Airborne Safety Metric (ASM),Deployed,Deployed,In-house,In-house Development,Other,Transportation,,Not High-impact,L1006
2025-1432,2025,DOT,Surface Safety Metric (SSM),Deployed,Deployed,In-house,In-house Development,Other,Transportation,,Not High-impact,L1007
2025-1433,2025,DOT,Surface Report Classifiier (SCM/Auto-Class),Deployed,Deployed,In-house,In-house Development,Other,Transportation,,Not High-impact,L1008
2025-1434,2025,DOT,Pilot-Controller Voice to Text Transcription,Pre-deployment,Pre-deployment,Vendor and in-house,Contracting and In House,Other,Transportation,,Not High-impact,L1009
2025-1435,2025,DOT,Detection of Unmanned Aircraft Systems (UAS) Encounter,Pre-deployment,Pre-deployment,In-house,In-house Development,Other,Transportation,,Not High-impact,L1010
2025-1436,2025,DOT,Human Performance Taxonomy labeling,Pre-deployment,Pre-deployment,In-house,In-house Development,Other,Transportation,,Not High-impact,L1011
2025-1437,2025,DOT,Integration of small Unmanned Aircraft System (sUAS) Geospacial Information System (GIS) Technologie,Deployed,Deployed,,,Other,Transportation,,Not High-impact,L1024
2025-1438,2025,DOT,Surface Safety Metric (DOT Key Performance Indicator),Deployed,Deployed,In-house,In-house Development,Other,Transportation,,Not High-impact,L1036
2025-1439,2025,DOT,Power Platform Use,Deployed,Deployed,,,Generative AI,Admin Functions,,Not High-impact,L1037
2025-1440,2025,DOT,Tech Ops LLM Document Search,Pre-deployment,Pre-deployment,Vendor and in-house,Contracting and In House,Other,Transportation,,Not High-impact,L1038
2025-1441,2025,DOT,Spectrum Assignment & Engineering Team LLM Document Search,Deployed,Deployed,Vendor and in-house,Contracting and In House,Generative AI,Transportation,,Not High-impact,L1043
2025-1442,2025,DOT,FAA Orders and associated supplemental change notices LLM Document Search,Pre-deployment,Pre-deployment,In-house,In-house Development,Generative AI,Transportation,,Not High-impact,L1045
2025-1443,2025,DOT,Remote Maintenance Monitoring (RMM) Analyzer Copilot,Pre-deployment,Pre-deployment,,,Other,Transportation,,Not High-impact,L1046
2025-1444,2025,DOT,National Airspace System (NAS) Safety Anomaly Metric with STAD integration (Safety Trend Analytics D,Pre-deployment,Pre-deployment,Vendor and in-house,Contracting and In House,Other,Transportation,,Not High-impact,L1047
2025-1445,2025,DOT,Using Generative AI to Automatically Tag Narratives with Human Performace Common Taxonomy Factors,Pre-deployment,Pre-deployment,Vendor and in-house,Contracting and In House,Generative AI,Transportation,,Not High-impact,L1048
2025-1446,2025,DOT,Generative AI Use Case from Inventory,Pre-deployment,Pre-deployment,Vendor and in-house,Contracting and In House,Generative AI,Transportation,,Not High-impact,L1049
2025-1447,2025,DOT,Human Performance (HP) Fatigue Recommendations,Pre-deployment,Pre-deployment,Vendor and in-house,Contracting and In House,Other,Transportation,,Not High-impact,L1050
2025-1448,2025,DOT,Prognosis and Diagnosis Based on Contributing Factors to Safety Risk,Pre-deployment,Pre-deployment,Vendor and in-house,Contracting and In House,Other,Transportation,,Not High-impact,L1051
2025-1449,2025,DOT,Knowledge Representation for Deep Learning,Pre-deployment,Pre-deployment,Vendor and in-house,Contracting and In House,Other,Transportation,,Not High-impact,L1052
2025-1450,2025,DOT,Offshore Precipitation Capability (OPC),Pre-deployment,Pre-deployment,Vendor and in-house,Contracting and In House,Other,Transportation,,Not High-impact,L1014
2025-1451,2025,DOT,Determining Surface Winds with Machine Learning Software,Pre-deployment,Pre-deployment,,,Other,Transportation,,Not High-impact,L1017
2025-1452,2025,DOT,Remote Oceanic Meteorological Information Operations (ROMIO),Pre-deployment,Pre-deployment,,,Other,Transportation,,Not High-impact,L1018
2025-1453,2025,DOT,Community Engagement Chat Bot,Deployed,Deployed,Vendor and in-house,Contracting and In House,NLP,Transportation,,Not High-impact,L1060
2025-1454,2025,DOT,Regulatory Compliance Mapping Tool,Pre-deployment,Pre-deployment,,,Other,Transportation,,Not High-impact,L1012
2025-1455,2025,DOT,JASC Code classification in Safety Difficulty Reports (SDR),Pre-deployment,Pre-deployment,,,Other,Transportation,,Not High-impact,L1013
2025-1456,2025,DOT,Course Deviation Identification for Multiple Airport Route Separation (MARS),Pre-deployment,Pre-deployment,,,Other,Transportation,,Not High-impact,L1015
2025-1457,2025,DOT,Improve and Speed up the Certification Service Oversight Process Using Intelligent Document Review,Pre-deployment,Pre-deployment,Vendor and in-house,Contracting and In House,Other,Transportation,,Not High-impact,L1016
2025-1458,2025,DOT,Civil Aviation Registry Electronic Services (CARES) LLM Document Search,Pre-deployment,Pre-deployment,Vendor and in-house,Contracting and In House,Generative AI,Transportation,,Not High-impact,L1041
2025-1459,2025,DOT,National Program Office LLM Document Search,Pre-deployment,Pre-deployment,In-house,In-house Development,Generative AI,Transportation,,Not High-impact,L1044
2025-1460,2025,DOT,Identification of Similar Continued Operational Safety (COS) Events,Deployed,Deployed,Vendor,Vendor Purchased,Other,Transportation,,Not High-impact,L1053
2025-1461,2025,DOT,Flight Standards Inspector Readiness Program (FSIRP),Pre-deployment,Pre-deployment,Vendor and in-house,Contracting and In House,Other,Transportation,,Not High-impact,L1054
2025-1462,2025,DOT,Service Difficulty Reporting System (SDRS) Joint Aircraft System/Component Code (JASC) Code Picker,Pre-deployment,Pre-deployment,Vendor and in-house,Contracting and In House,Other,Transportation,,Not High-impact,L1057
2025-1463,2025,DOT,"Geolocating and Identifying Vehicle Hard Brake, Acceleration and Seat Belt Usage with CV Data",Pre-deployment,Pre-deployment,,,Other,Transportation,,Not High-impact,L1025
2025-1464,2025,DOT,Exploratory Advanced Research group of projects,Pre-deployment,Pre-deployment,,,Other,Transportation,,Not High-impact,L1027
2025-1465,2025,DOT,"Path to Advanced Novel Data Analytics (PANDA), a data science lab.",Pre-deployment,Pre-deployment,,,Classical ML,Admin Functions,,Not High-impact,L1026
2025-1466,2025,DOT,Crushed Aggregate Gradation Evaluation System,Pre-deployment,Pre-deployment,,,Other,Transportation,,Not High-impact,L1021
2025-1467,2025,DOT,Automatic Track Change Detection Demonstration and Analysis,Pre-deployment,Pre-deployment,,,Other,Transportation,,Not High-impact,L1022
2025-1468,2025,DOT,Predictive Analytics Using Autonomous Track Geometry Measurement System (ATGMS) Data,Pre-deployment,Pre-deployment,,,Classical ML,Transportation,,Not High-impact,L1023
2025-1469,2025,DOT,Head Kinematics Prediction,Pre-deployment,Pre-deployment,,,Other,Transportation,,Not High-impact,L1019
2025-1470,2025,DOT,Crash Parameter Prediction,Pre-deployment,Pre-deployment,,,Other,Transportation,,Not High-impact,L1020
2025-1471,2025,DOT,NHTSA Interim Generative AI (GenAI) Usage Guidance,Pre-deployment,Pre-deployment,,,Generative AI,Admin Functions,,Not High-impact,L1077
2025-1472,2025,DOT,AI Support and Collaboration Center (AISCC),Pre-deployment,Pre-deployment,,,Other,Admin Functions,,Not High-impact,L1000
2025-1473,2025,DOT,Public Comment Analyzer (PCA),Deployed,Deployed,Vendor and in-house,Contracting and In House,Agentic AI,Admin Functions,,Not High-impact,
2025-1474,2025,DOT,Conversational Multi-modal Chatbot (Google Gemini),Deployed,Deployed,Vendor,Vendor Purchased,Generative AI,Admin Functions,Google,Not High-impact,
2025-1475,2025,DOT,Report Sumarization (Google NotebookLM),Deployed,Deployed,Vendor,Vendor Purchased,Generative AI,Admin Functions,Google,Not High-impact,
2025-1476,2025,DOT,USAi (multi-model large language models),Pilot,Pilot,Vendor,Vendor Purchased,Generative AI,Admin Functions,GSA,Not High-impact,
2025-1477,2025,EAC,Routing emails from shared inboxes,Pilot,Pilot,Vendor,Vendor Purchased,Generative AI,Admin Functions,OpenAI; Anthropic; Google; xAI; Perplexity; Microsoft,Not High-impact,
2025-1478,2025,EAC,Internal Generative AI Tools for Staff Productivity,Pilot,Pilot,Vendor,Vendor Purchased,Generative AI,Admin Functions,OpenAI; Anthropic; Google; xAI; Perplexity; Microsoft,Not High-impact,
2025-1479,2025,EAC,AI Answers in Clearinghouse Network,Pilot,Pilot,Vendor,Vendor Purchased,Generative AI,Service Delivery,Civic Roundtable,Not High-impact,
2025-1480,2025,EAC,Grants Lifecycle Application System,Deployed,Deployed,Vendor,Vendor Purchased,Generative AI,Admin Functions,Groundswell,Not High-impact,
2025-1481,2025,ED,Generative AI - Text Generation,,,,,,,,,
2025-1482,2025,ED,Aidan Chat-bot,,,,,,,,,
2025-1483,2025,ED,Generative AI and Foundation Model Integration,,,,,,,,,
2025-1484,2025,ED,Generative AI - Code Generation,,,,,,,,,
2025-1485,2025,ED,Generative AI - Idea Suggestion,,,,,,,,,
2025-1486,2025,ED,Generative AI - Information Summarization,,,,,,,,,
2025-1487,2025,ED,Generative AI - Text Generation,,,,,,,,,
2025-1488,2025,ED,Generative AI - Code Generation,,,,,,,,,
2025-1489,2025,ED,Generative AI - Design Generation,,,,,,,,,
2025-1490,2025,ED,Generative AI - Code Generation,,,,,,,,,
2025-1491,2025,ED,Generative AI - Code Generation,,,,,,,,,
2025-1492,2025,ED,Generative AI - Text Generation,,,,,,,,,
2025-1493,2025,ED,Generative AI - Code Generation,,,,,,,,,
2025-1494,2025,ED,Generative AI - Text Generation,,,,,,,,,
2025-1495,2025,ED,Generative AI - Text Generation,,,,,,,,,
2025-1496,2025,ED,Generative AI - Text Generation,,,,,,,,,
2025-1497,2025,ED,Generative AI - Text Generation,,,,,,,,,
2025-1498,2025,ED,Generative AI - Text Generation,,,,,,,,,
2025-1499,2025,ED,Generative AI - Code Generation,,,,,,,,,
2025-1500,2025,ED,Generative AI - Information Summarization,,,,,,,,,
2025-1501,2025,ED,Generative AI - Text Generation,,,,,,,,,
2025-1502,2025,ED,IPAC RPA Bot,,,,,,,,,
2025-1503,2025,ED,CAISY - Artificial Intelligence System Skillsoft Percipio Assessment for the Department Use,,,,,,,,,L0995
2025-1504,2025,ED,Generative AI - Capability Evaluation,,,,,,,,,
2025-1505,2025,ED,Generative AI - Code Generation,,,,,,,,,
2025-1506,2025,ED,Generative AI - Text Generation,,,,,,,,,
2025-1507,2025,ED,Generative AI - Capability Evaluation,,,,,,,,,
2025-1508,2025,ED,Generative AI - Code Generation,,,,,,,,,
2025-1509,2025,ED,Generative AI - Idea Suggestion,,,,,,,,,
2025-1510,2025,ED,Generative AI - Information Summarization,,,,,,,,,
2025-1511,2025,ED,Generative AI - Text Generation,,,,,,,,,
2025-1512,2025,ED,Generative AI - Capability Evaluation,,,,,,,,,
2025-1513,2025,ED,Generative AI - Image Generation,,,,,,,,,
2025-1514,2025,ED,Generative AI - Information Summarization,,,,,,,,,
2025-1515,2025,ED,Generative AI - Information Summarization,,,,,,,,,
2025-1516,2025,ED,Generative AI - Code Generation,,,,,,,,,
2025-1517,2025,ED,Generative AI - Text Generation,,,,,,,,,
2025-1518,2025,ED,Generative AI - Code Generation,,,,,,,,,
2025-1519,2025,ED,Generative AI - Data Manipulation,,,,,,,,,
2025-1520,2025,ED,Generative AI - Idea Suggestion,,,,,,,,,
2025-1521,2025,ED,Generative AI - Mock Data Generation,,,,,,,,,
2025-1522,2025,ED,Generative AI - Code Generation,,,,,,,,,
2025-1523,2025,ED,Generative AI - Idea Suggestion,,,,,,,,,
2025-1524,2025,ED,Generative AI - Information Summarization,,,,,,,,,
2025-1525,2025,ED,Generative AI - System Testing,,,,,,,,,
2025-1526,2025,ED,Generative AI - Text Generation,,,,,,,,,
2025-1527,2025,ED,Generative AI - Code Generation,,,,,,,,,
2025-1528,2025,ED,Generative AI - Information Summarization,,,,,,,,,
2025-1529,2025,ED,Generative AI - Text Generation,,,,,,,,,
2025-1530,2025,ED,Generative AI - Capability Evaluation,,,,,,,,,
2025-1531,2025,ED,Generative AI - Information Summarization,,,,,,,,,
2025-1532,2025,ED,Generative AI - Information Summarization,,,,,,,,,
2025-1533,2025,ED,Generative AI - Text Generation,,,,,,,,,
2025-1534,2025,ED,Speech to Text Meeting Transcription,,,,,,,,,
2025-1535,2025,ED,Generative AI - Capability Evaluation,,,,,,,,,
2025-1536,2025,ED,Generative AI - Text Generation,,,,,,,,,
2025-1537,2025,EPA,Using machine learning methods to analyze drivers of water quality,Deployed,Deployed,In-house,In-house Development,Classical ML,Energy and Environment,,Not High-impact,
2025-1538,2025,EPA,Energy Star Awards Application Profile Drafting,Retired,Retired,,,,,,Not High-impact,
2025-1539,2025,EPA,Natural Gas Star Videos,Retired,Retired,,,,,,Not High-impact,L0253
2025-1540,2025,EPA,Transitioning historical help desk knowledge to new help desk software,Retired,Retired,,,,,,Not High-impact,L0251
2025-1541,2025,EPA,Emission monitoring program knowledge management system search and summary,Retired,Retired,,,,,,Not High-impact,L0252
2025-1542,2025,EPA,Identifying outliers in reported emissions data,Retired,Retired,,,,,,Not High-impact,
2025-1543,2025,EPA,Predictive Analytics Supporting GHGRP Data Review,Retired,Retired,,,,,,Not High-impact,
2025-1544,2025,EPA,Living Literature Review: Semi-automated Literature Screening,Deployed,Deployed,In-house,In-house Development,Classical ML,Science,,Not High-impact,
2025-1545,2025,EPA,OPP Document Data Extraction,Pre-deployment,Pre-deployment,,,Classical ML,IT,,Not High-impact,
2025-1546,2025,EPA,FFEO TSCA investigation into privatized military housing property management companies,Pre-deployment,Pre-deployment,,,Classical ML,Law Enforcement,,High-impact,
2025-1547,2025,EPA,Briefcam,Pilot,Pilot,,,Computer Vision,Law Enforcement,,"Presumed High-Impact, but Not High-impact",
2025-1548,2025,EPA,AI-Enhanced Facility Finder,Pilot,Pilot,In-house,In-house Development,Computer Vision,Law Enforcement,,Not High-impact,
2025-1549,2025,EPA,RCRA PA,Deployed,Deployed,Vendor and in-house,Contracting and In House,Classical ML,Law Enforcement,University of Chicago Energy and Environment Lab,High-impact,
2025-1550,2025,EPA,CWA PA,Pre-deployment,Pre-deployment,,,Classical ML,Law Enforcement,,Not High-impact,
2025-1551,2025,EPA,CAA PA,Pre-deployment,Pre-deployment,,,Classical ML,Law Enforcement,,Not High-impact,
2025-1552,2025,EPA,RMP Risk Modeling,Pre-deployment,Pre-deployment,,,Classical ML,Law Enforcement,,Not High-impact,
2025-1553,2025,EPA,AI Assistants in Esri Tools,Pilot,Pilot,Vendor and in-house,Contracting and In House,Generative AI,Service Delivery,ESRI,Not High-impact,
2025-1554,2025,EPA,SF182 Form and Policy Assistant,Pilot,Pilot,In-house,In-house Development,NLP,HR,,Not High-impact,
2025-1555,2025,EPA,Microsoft Power Automate (custom document processing model),Deployed,Deployed,In-house,In-house Development,Classical ML,Admin Functions,Microsoft,Not High-impact,
2025-1556,2025,EPA,Helpdesk chat assistant for common data system tasks,Deployed,Deployed,Vendor and in-house,Contracting and In House,Classical ML,IT,ServiceNow,Not High-impact,
2025-1557,2025,EPA,RelativityOne Gov aiR,Pre-deployment,Pre-deployment,,,Generative AI,Service Delivery,,Not High-impact,
2025-1558,2025,EPA,AI Rules,Pre-deployment,Pre-deployment,,,NLP,Admin Functions,,Not High-impact,
2025-1559,2025,EPA,Semantic search of qualitative data,Pre-deployment,Pre-deployment,,,NLP,Service Delivery,,Not High-impact,
2025-1560,2025,EPA,Agency Records Management System,Deployed,Deployed,Vendor and in-house,Contracting and In House,Classical ML,Service Delivery,Savan Group,Not High-impact,L1098
2025-1561,2025,EPA,CUI Marking Tool,Pre-deployment,Pre-deployment,,,NLP,Cybersecurity,,Not High-impact,
2025-1562,2025,EPA,Streamflow Duration Assessment Modeling,Deployed,Deployed,In-house,In-house Development,Classical ML,Science,,Not High-impact,L0254
2025-1563,2025,EPA,Preparation of Brownfields Success Stories,Pilot,Pilot,In-house,In-house Development,Generative AI,Admin Functions,Azure OpenAI,Not High-impact,
2025-1564,2025,EPA,Summarize and draft response to comments,Pilot,Pilot,In-house,In-house Development,Generative AI,Admin Functions,Azure OpenAI,Not High-impact,
2025-1565,2025,EPA,Document comparison,Pilot,Pilot,In-house,In-house Development,Generative AI,Admin Functions,,Not High-impact,
2025-1566,2025,FCA,Loan information retrieval,Pre-deployment,Pre-deployment,,,Generative AI,Other,,Not High-impact,
2025-1567,2025,FCA,User training in agency learning management system,Pre-deployment,Pre-deployment,,,Generative AI,Admin Functions,,,
2025-1568,2025,FCA,Examination knowledge assistant,Pre-deployment,Pre-deployment,,,Generative AI,Other,,Not High-impact,
2025-1569,2025,FCC,Automated Complaint Categorization for Enforcement Bureau,Pre-deployment,Pre-deployment,,,NLP,IT,,Not High-impact,
2025-1570,2025,FCC,SharePoint Copilot for Workflow Automation,Pre-deployment,Pre-deployment,,,NLP,IT,,Not High-impact,
2025-1571,2025,FCC,AI-Enhanced ULS Reverse Engineering,Pilot,Pilot,Vendor and in-house,Contracting and In House,Generative AI,IT,"Microsoft Azure Open AI, Securigence",Not High-impact,
2025-1572,2025,FCC,Comment Legal Analysis & Review Assistant,Pre-deployment,Pre-deployment,,,NLP,IT,,Not High-impact,
2025-1573,2025,FCC,Automated Attachment Intelligence for FCC Licensing Systems,Pre-deployment,Pre-deployment,,,NLP,IT,,Not High-impact,
2025-1574,2025,FCC,ECFS Comment Analytics Deduplication Services (CADS),Retired,Retired,,,NLP,IT,,Not High-impact,
2025-1575,2025,FDIC,Plain Language Policy Assistant,Retired,Retired,,,,,,Not High-impact,L0562
2025-1576,2025,FDIC,Knowledge Article Generation,Pre-deployment,Pre-deployment,,,Generative AI,IT,,Not High-impact,L0563
2025-1577,2025,FDIC,Enterprise FDIC Chat,Pre-deployment,Pre-deployment,,,Generative AI,IT,,Not High-impact,
2025-1578,2025,FDIC,Immersive Learning,Pre-deployment,Pre-deployment,,,Generative AI,IT,,Not High-impact,L0564
2025-1579,2025,FDIC,Student Monitoring,Retired,Retired,,,,,,Not High-impact,L0565
2025-1580,2025,FDIC,Plagiarism Detection,Retired,Retired,,,,,,Not High-impact,L0566
2025-1581,2025,FDIC,Student Outcome Projection,Retired,Retired,,,,,,Not High-impact,L0567
2025-1582,2025,FDIC,Facilitating Status,Retired,Retired,,,,,,Not High-impact,L0568
2025-1583,2025,FDIC,Generative Artificial Intelligence (AI) for Legal Research,Pre-deployment,Pre-deployment,,,Generative AI,Other,,Not High-impact,L0576
2025-1584,2025,FDIC,Automatically-Scored Writing Assessment (AWA),Deployed,Deployed,Vendor and in-house,Contracting and In House,Classical ML,HR,"Personnel Decisions Research Institutes, LLC (PDRI)",High-impact,L0577
2025-1585,2025,FDIC,Financial Background Investigation,Deployed,Deployed,Vendor,Vendor Purchased,Classical ML,HR,"Equifax, Trans Union",Not High-impact,
2025-1586,2025,FDIC,Data Extraction from Contract PDF Files,Pre-deployment,Pre-deployment,,,Generative AI,Other,,Not High-impact,
2025-1587,2025,FDIC,Criminal Background Investigation,Deployed,Deployed,Vendor,Vendor Purchased,Generative AI,HR,CLEAR,Not High-impact,
2025-1588,2025,FDIC,AI Assisted Data Collection,Deployed,Deployed,In-house,In-house Development,Computer Vision,IT,,Not High-impact,L0569
2025-1589,2025,FDIC,AI Assisted Time Management,Retired,Retired,,,,,,Not High-impact,L0570
2025-1590,2025,FDIC,Compliance Risk Monitoring,Pre-deployment,Pre-deployment,,,Classical ML,Other,,Not High-impact,L0571
2025-1591,2025,FDIC,Pre-Examination Planning Monitoring,Deployed,Deployed,In-house,In-house Development,Computer Vision,Other,,Not High-impact,L0572
2025-1592,2025,FDIC,HMDA (Home Mortgage Disclosure Act) Outlier Screen,Deployed,Deployed,In-house,In-house Development,Classical ML,Other,,Not High-impact,L0573
2025-1593,2025,FDIC,FDIC Deposit Insurance Misrepresentation,Pilot,Pilot,Vendor,Vendor Purchased,Other,Other,Meltwater,Not High-impact,L0574
2025-1594,2025,FDIC,FDIC Predictive Budget Analysis,Pre-deployment,Pre-deployment,,,Classical ML,Procurement and Finance Mgmt,,Not High-impact,L0578
2025-1595,2025,FDIC,Goals and Workload Assumptions,Pre-deployment,Pre-deployment,,,Classical ML,Admin Functions,,Not High-impact,L0579
2025-1596,2025,FDIC,CFOO Admin Chatbot,Deployed,Deployed,In-house,In-house Development,NLP,Admin Functions,,Not High-impact,L0580
2025-1597,2025,FDIC,CFOO Travel Chatbot,Deployed,Deployed,In-house,In-house Development,NLP,Procurement and Finance Mgmt,,Not High-impact,L0581
2025-1598,2025,FDIC,CFOO Transactional Data Analysis,Pre-deployment,Pre-deployment,,,Classical ML,Procurement and Finance Mgmt,,Not High-impact,L0582
2025-1599,2025,FDIC,FDIC Staffing Model,Pre-deployment,Pre-deployment,,,Classical ML,HR,,Not High-impact,L0583
2025-1600,2025,FDIC,FDIC Financial Audit Report,Pre-deployment,Pre-deployment,,,Classical ML,Procurement and Finance Mgmt,,Not High-impact,L0584
2025-1601,2025,FDIC,Risk Identification and Response,Pre-deployment,Pre-deployment,,,Classical ML,Other,,Not High-impact,L0585
2025-1602,2025,FDIC,FDIC Investment Portfolio Management,Pre-deployment,Pre-deployment,,,Classical ML,Procurement and Finance Mgmt,,Not High-impact,L0586
2025-1603,2025,FDIC,Financial Well-being Project,Retired,Retired,,,,,,Not High-impact,L0575
2025-1604,2025,FDIC,Analytics on Loan Data,Retired,Retired,,,,,,Not High-impact,L0587
2025-1605,2025,FDIC,Analytics on Securities Data,Retired,Retired,,,,,,Not High-impact,L0588
2025-1606,2025,FDIC,Business Data Extraction from Loan Files,Retired,Retired,,,,,,Not High-impact,L0589
2025-1607,2025,FDIC,Data Extraction from Security Prospectus,Retired,Retired,,,,,,Not High-impact,L0590
2025-1608,2025,FDIC,Initial Deposit File Analysis,Retired,Retired,,,,,,Not High-impact,L0591
2025-1609,2025,FDIC,Owned Real Estate (ORE) Property Appraisal,Retired,Retired,,,,,,Not High-impact,L0592
2025-1610,2025,FDIC,Trust Document Entity Extraction,Pilot,Pilot,Vendor and in-house,Contracting and In House,NLP,Other,Deloitte,Not High-impact,L0593
2025-1611,2025,FDIC,Trust Document Entity Extraction - LLM,Pre-deployment,Pre-deployment,,,NLP,Other,,Not High-impact,L0594
2025-1612,2025,FDIC,Restitution Order AI Assistance,Pre-deployment,Pre-deployment,,,Classical ML,Other,,Not High-impact,
2025-1613,2025,FDIC,Provisional Holds Model,Pre-deployment,Pre-deployment,,,Classical ML,Other,,Not High-impact,
2025-1614,2025,FDIC,Background Check Web Application,Deployed,Deployed,Vendor,Vendor Purchased,Classical ML,Other,CLEAR,Not High-impact,
2025-1615,2025,FDIC,Extracting IT Information,Deployed,Deployed,In-house,In-house Development,NLP,IT,,Not High-impact,L0595
2025-1616,2025,FDIC,Transcribing Structured Interviews,Retired,Retired,,,,,,Not High-impact,L0596
2025-1617,2025,FDIC,New Offsite Models,Pilot,Pilot,In-house,In-house Development,Classical ML,IT,,Not High-impact,L0597
2025-1618,2025,FDIC,Digital Asset Liquidity Risk Analysis,Deployed,Deployed,Vendor,Vendor Purchased,Other,IT,Chainalysis,Not High-impact,
2025-1619,2025,FDIC,Background Check Tool for Fraud Investigations,Deployed,Deployed,Vendor,Vendor Purchased,Other,IT,CLEAR,Not High-impact,
2025-1620,2025,FDIC,Location and Evaluation of Individuals and Assets for Collectability of Civil Claim,Deployed,Deployed,Vendor,Vendor Purchased,NLP,Other,CLEAR,Not High-impact,
2025-1621,2025,FDIC,Blockchain and Cryptocurrency Transaction Identification and Visualization,Deployed,Deployed,Vendor,Vendor Purchased,NLP,Other,Chainalysis,Not High-impact,
2025-1622,2025,FDIC,Social Listening,Deployed,Deployed,Vendor,Vendor Purchased,NLP,Other,Meltwater,Not High-impact,
2025-1623,2025,FDIC,OIG computer forensics investigation tools.,Deployed,Deployed,Vendor,Vendor Purchased,NLP,Law Enforcement,"Adobe, Auto Split, Microsoft, Scan Writer, Social Discovery",Not High-impact,
2025-1624,2025,FDIC,Corporate Impact Analysis Object,Pre-deployment,Pre-deployment,,,Generative AI,Admin Functions,,Not High-impact,
2025-1625,2025,FERC,Summarization & Policy Analysis for Regulatory Comments (originally Leverage AI in the Rulemaking Process Use Case),Deployed,Deployed,Vendor and in-house,Contracting and In House,NLP,Energy and Environment,Zvolvant (Small Business),Not High-impact,
2025-1626,2025,FERC,Improve Safety Inspections Use Case,Pre-deployment,Pre-deployment,Vendor and in-house,Contracting and In House,Other,Energy and Environment,Zvolvant (Small Business),Not High-impact,L0598
2025-1627,2025,FERC,Enhance Market Surveillance and Fraud Detection Use Case,Pre-deployment,Pre-deployment,Vendor and in-house,Contracting and In House,Other,Energy and Environment,Zvolvant (Small Business),Not High-impact,L0599
2025-1628,2025,FERC,Support Interconnection Request Responses Use Case,Pre-deployment,Pre-deployment,Vendor and in-house,Contracting and In House,Other,Energy and Environment,Zvolvant (Small Business),Not High-impact,L0600
2025-1629,2025,FERC,Gas Blanket Certificates (Permitting),Pilot,Pilot,Vendor and in-house,Contracting and In House,Generative AI,Energy and Environment,Zvolvant (Small Business),Not High-impact,
2025-1630,2025,FERC,AI Enabled Assistant Legal Research,Pre-deployment,Pre-deployment,Vendor,Vendor Purchased,Generative AI,Other,Thomson Reuters,Not High-impact,
2025-1631,2025,FHFA,Public Comments Summarization and Topic Classifications Pilot Project,Retired,Retired,,,,,,Not High-impact,L0605
2025-1632,2025,FHFA,Neural Networks for FHFA Modeling Analytics Platform (FMAP),Deployed,Deployed,In-house,In-house Development,Classical ML,IT,,Not High-impact,L0602
2025-1633,2025,FHFA,Virtual Acquisition Office (VAO) Ally,Deployed,Deployed,Vendor,Vendor Purchased,Generative AI,Procurement and Finance Mgmt,VAO Ally,Not High-impact,L0606
2025-1634,2025,FHFA,"Analytics,, Search, Queries and LLM integration for data management on Oracle",Retired,Retired,,,,,,Not High-impact,L0607
2025-1635,2025,FHFA,Python modules to support AI/ML,Retired,Retired,,,,,,Not High-impact,L0608
2025-1636,2025,FHFA,R modules to support AI/ML,Retired,Retired,,,,,,Not High-impact,L0609
2025-1637,2025,FHFA,Security and network monitoring using Cisco Identify Services engine,Deployed,Deployed,Vendor,Vendor Purchased,Classical ML,Cybersecurity,Cisco,Not High-impact,L0610
2025-1638,2025,FHFA,Virtual Desktop using Citrix,Deployed,Deployed,Vendor,Vendor Purchased,Classical ML,IT,Citrix,Not High-impact,L0611
2025-1639,2025,FHFA,"Analytics, Indexing, and Anomaly Detection for Data Management on SQL Server",Deployed,Deployed,Vendor,Vendor Purchased,Classical ML,IT,Microsoft,Not High-impact,L0612
2025-1640,2025,FHFA,Workflow automation and predictive analytics using ServiceNow,Deployed,Deployed,Vendor,Vendor Purchased,Classical ML,IT,ServiceNow,Not High-impact,L0613
2025-1641,2025,FHFA,Security and Compliance in file sharing and collaboration using Kiteworks,Deployed,Deployed,Vendor,Vendor Purchased,Classical ML,Cybersecurity,Kiteworks,Not High-impact,L0614
2025-1642,2025,FHFA,"Network monitoring, anomaly detection through Whats Up Gold and Flowmon integration",Deployed,Deployed,Vendor,Vendor Purchased,Classical ML,IT,Flowmon,Not High-impact,L0615
2025-1643,2025,FHFA,Mathematical formula transcription using Commonlook Online,Deployed,Deployed,Vendor,Vendor Purchased,Generative AI,Admin Functions,Commonlook Online,Not High-impact,L0616
2025-1644,2025,FHFA,Phishing Email Identification,Deployed,Deployed,Vendor,Vendor Purchased,Classical ML,Cybersecurity,Knowbe4 Phish ER,Not High-impact,L0603
2025-1645,2025,FHFA,LexisNexis,Deployed,Deployed,Vendor,Vendor Purchased,Generative AI,Admin Functions,LexisNexis,Not High-impact,L0601
2025-1646,2025,FHFA,WestLaw,Deployed,Deployed,Vendor,Vendor Purchased,Generative AI,Admin Functions,WestLaw,Not High-impact,L0604
2025-1647,2025,FRB,Consumer Complaints Explorer,Deployed,Deployed,In-house,In-house Development,NLP,Other – Economic & Financial,,Not High-impact,L0631
2025-1648,2025,FRB,Financial System Data Analysis,Pre-deployment,Pre-deployment,,,Classical ML,Other – Economic & Financial,,Not High-impact,
2025-1649,2025,FRB,PDF Optical Character Recognition (Text),Deployed,Deployed,In-house,In-house Development,Classical ML,IT,,Not High-impact,L0618
2025-1650,2025,FRB,PDF Optical Character Recognition (Images),Pre-deployment,Pre-deployment,,,Classical ML,IT,,Not High-impact,L0619
2025-1651,2025,FRB,Comment Review System,Deployed,Deployed,In-house,In-house Development,NLP,Other – Economic & Financial,,Not High-impact,L0638
2025-1652,2025,FRB,Data Quality Prioritization Dashboard,Pre-deployment,Pre-deployment,,,NLP,Other – Economic & Financial,,Not High-impact,
2025-1653,2025,FRB,Virtual Benefits Assistant,Deployed,Deployed,Vendor,Vendor Purchased,Generative AI,HR,Benefits Manager,Not High-impact,
2025-1654,2025,FRB,Economic Trend Modeling,Deployed,Deployed,In-house,In-house Development,Classical ML,Other – Economic & Financial,,Not High-impact,L0617
2025-1655,2025,FRB,Sentiment Analysis of Earnings Transcripts,Deployed,Deployed,In-house,In-house Development,NLP,Other – Economic & Financial,,Not High-impact,L0629
2025-1656,2025,FRB,Monitoring Earnings Conference Calls,Pre-deployment,Pre-deployment,,,NLP,Other – Economic & Financial,,Not High-impact,
2025-1657,2025,FRB,Stock Market Analysis,Pre-deployment,Pre-deployment,,,NLP,Other – Economic & Financial,,Not High-impact,L0620
2025-1658,2025,FRB,Credit Fragment Analysis,Pre-deployment,Pre-deployment,,,Classical ML,Other – Economic & Financial,,Not High-impact,L0623
2025-1659,2025,FRB,Manufacturer Sentiment Analysis,Deployed,Deployed,In-house,In-house Development,NLP,Other – Economic & Financial,,Not High-impact,L0625
2025-1660,2025,FRB,Supply Chain Estimations,Deployed,Deployed,In-house,In-house Development,NLP,Other – Economic & Financial,,Not High-impact,L0626
2025-1661,2025,FRB,Market Fund Portfolio,Deployed,Deployed,In-house,In-house Development,NLP,Other – Economic & Financial,,Not High-impact,L0628
2025-1662,2025,FRB,Commercial Real Estate Index,Deployed,Deployed,In-house,In-house Development,Classical ML,Other – Economic & Financial,,Not High-impact,L0621
2025-1663,2025,FRB,Variable Optimization,Pilot,Pilot,In-house,In-house Development,Classical ML,Other – Economic & Financial,,Not High-impact,L0622
2025-1664,2025,FRB,Anomaly Detection,Deployed,Deployed,In-house,In-house Development,NLP,Other – Economic & Financial,,Not High-impact,L0630
2025-1665,2025,FRB,Regulatory Data Analysis,Deployed,Deployed,In-house,In-house Development,Classical ML,Other – Economic & Financial,,Not High-impact,L0632
2025-1666,2025,FRB,Decision Tree for Deposits Data,Pilot,Pilot,In-house,In-house Development,Classical ML,Other – Economic & Financial,,Not High-impact,L0633
2025-1667,2025,FRB,Novel Activities Call Report Classification,Pilot,Pilot,In-house,In-house Development,Classical ML,Other – Economic & Financial,,Not High-impact,L0634
2025-1668,2025,FRB,Financial News Processing,Pilot,Pilot,In-house,In-house Development,NLP,Other – Economic & Financial,,Not High-impact,L0635
2025-1669,2025,FRB,Bank Exam Quality Control – Model 1,Pre-deployment,Pre-deployment,,,NLP,Other – Economic & Financial,,Not High-impact,
2025-1670,2025,FRB,Document Summarization Statistics,Deployed,Deployed,In-house,In-house Development,NLP,Other – Economic & Financial,,Not High-impact,L0636
2025-1671,2025,FRB,Writing Quality Analysis Model,Pre-deployment,Pre-deployment,,,NLP,Other – Economic & Financial,,Not High-impact,L0637
2025-1672,2025,FRB,Trading Desk Grouping,Pilot,Pilot,In-house,In-house Development,NLP,Other – Economic & Financial,,Not High-impact,L0639
2025-1673,2025,FRB,Threshold Monitoring,Pre-deployment,Pre-deployment,,,Classical ML,Other – Economic & Financial,,Not High-impact,L0640
2025-1674,2025,FRB,Supply and Demand Tool,Pre-deployment,Pre-deployment,,,Classical ML,Other – Economic & Financial,,Not High-impact,L0641
2025-1675,2025,FRB,Outlier Detection,Pre-deployment,Pre-deployment,,,Classical ML,Other – Economic & Financial,,Not High-impact,L0642
2025-1676,2025,FRB,Earnings Call Topic Model,Pre-deployment,Pre-deployment,,,NLP,Other – Economic & Financial,,Not High-impact,L0643
2025-1677,2025,FRB,Bank Performance Monitoring,Pre-deployment,Pre-deployment,,,Classical ML,Other – Economic & Financial,,Not High-impact,L0644
2025-1678,2025,FRB,Bank Exam Quality Control – Model 2,Pre-deployment,Pre-deployment,,,NLP,Other – Economic & Financial,,Not High-impact,
2025-1679,2025,FRB,Risk Rating Model – Community Banks,Deployed,Deployed,In-house,In-house Development,Classical ML,Other – Economic & Financial,,Not High-impact,L0645
2025-1680,2025,FRB,Risk Rating Model,Pilot,Pilot,In-house,In-house Development,Classical ML,Other – Economic & Financial,,Not High-impact,L0646
2025-1681,2025,FRB,Bank Examiner Search Engine,Deployed,Deployed,In-house,In-house Development,NLP,Other – Economic & Financial,,Not High-impact,
2025-1682,2025,FRB,Oasis Semantic Search,Pre-deployment,Pre-deployment,,,NLP,Other – Economic & Financial,,Not High-impact,
2025-1683,2025,FRB,Body Worn Cameras Data Management System,Pilot,Pilot,Vendor,Vendor Purchased,Generative AI,Law Enforcement,Third Party Vendor,Not High-impact,L0627
2025-1684,2025,FRB,Proposals and Public Comments,Deployed,Deployed,In-house,In-house Development,NLP,Other – Economic & Financial,,Not High-impact,L0624
2025-1685,2025,FTC,Relativity Active Learning,Deployed,Deployed,Vendor,Vendor Purchased,Classical ML,Law Enforcement,Cloud Discovery Source (CDS) Relativity,Not High-impact,
2025-1686,2025,FTC,Relativity Integrated Veritone,Deployed,Deployed,Vendor,Vendor Purchased,NLP,Law Enforcement,Cloud Discovery Source (CDS) Relativity,Not High-impact,
2025-1687,2025,FTC,Automatic PSC Classification,Deployed,Deployed,Vendor and in-house,Contracting and In House,Classical ML,Law Enforcement,Leidos,Not High-impact,L0647
2025-1688,2025,FTC,Group Duplicate Complaints,Deployed,Deployed,Vendor and in-house,Contracting and In House,Classical ML,Law Enforcement,Leidos,Not High-impact,L0648
2025-1689,2025,FTC,Chatbot,Retired,Retired,Vendor and in-house,Contracting and In House,Classical ML,Other,Leidos,Not High-impact,L0649
2025-1690,2025,FTC,Word Cloud,Deployed,Deployed,Vendor and in-house,Contracting and In House,NLP,Law Enforcement,Leidos,Not High-impact,L0650
2025-1691,2025,FTC,Graph Analytics,Deployed,Deployed,Vendor and in-house,Contracting and In House,Other,Law Enforcement,Leidos,Not High-impact,L0651
2025-1692,2025,FTC,Analytic Sandbox,Deployed,Deployed,Vendor and in-house,Contracting and In House,Other,IT,Leidos,Not High-impact,
2025-1693,2025,FTC,Developer Productivity,Deployed,Deployed,Vendor and in-house,Contracting and In House,Generative AI,Other,Leidos,Not High-impact,L0652
2025-1694,2025,FTC,CRC Call Summarization,Deployed,Deployed,Vendor and in-house,Contracting and In House,Generative AI,Other,Microsoft,Not High-impact,
2025-1695,2025,FTC,IVR Automated Voice Assistant,Deployed,Deployed,Vendor and in-house,Contracting and In House,Generative AI,Other,Amazon,Not High-impact,
2025-1696,2025,FTC,GenAI Mail Scan,Pre-deployment,Pre-deployment,Vendor and in-house,Contracting and In House,Generative AI,Other,Amazon,Not High-impact,
2025-1697,2025,FTC,Azure ML,Pre-deployment,Pre-deployment,Vendor and in-house,Contracting and In House,Generative AI,Other,Microsoft,Not High-impact,
2025-1698,2025,FTC,DNC IVR Audio File Transcription,Retired,Retired,Vendor and in-house,Contracting and In House,Generative AI,Other,Microsoft,Not High-impact,
2025-1699,2025,FTC,Azure Databricks Assistance,Deployed,Deployed,Vendor and in-house,Contracting and In House,Generative AI,Other,Microsoft,Not High-impact,
2025-1700,2025,FTC,Microsoft 365 Copilot,Pilot,Pilot,Vendor,Vendor Purchased,Generative AI,Other,Microsoft,Not High-impact,
2025-1701,2025,GSA,Improve ASSIST Application Help,Pre-deployment,Pre-deployment,,,NLP,IT,,,
2025-1702,2025,GSA,ASSIST Global Search and Inference,Pre-deployment,Pre-deployment,,,NLP,IT,,,
2025-1703,2025,GSA,ASSIST Auto Copy and Summarize,Pre-deployment,Pre-deployment,,,Generative AI,Procurement and Finance Mgmt,,,
2025-1704,2025,GSA,ASSIST ECF Autoclassification and Summary,Pre-deployment,Pre-deployment,,,Generative AI,Admin Functions,,,
2025-1705,2025,GSA,Leveraging Retrieval Augmented Generation (RAG) AI to Power Outcome-Based Contracting,Pre-deployment,Pre-deployment,,,Generative AI,Procurement and Finance Mgmt,,,
2025-1706,2025,GSA,SINSpector: Using Generative AI to Enforce Scope and Compliance,Pre-deployment,Pre-deployment,,,Generative AI,Procurement and Finance Mgmt,,,
2025-1707,2025,GSA,Content Management Analysis System Pilot,Pilot,Pilot,,,NLP,Procurement and Finance Mgmt,,,
2025-1708,2025,GSA,Acquisition Analytics,Deployed,Deployed,,,NLP,Procurement and Finance Mgmt,,,L0256
2025-1709,2025,GSA,Category Taxonomy Refinement Using NLP,Deployed,Deployed,,,NLP,Other,,,L0257
2025-1710,2025,GSA,FAS Catalog Platform - Virtual Assistant,Pilot,Pilot,,,Generative AI,Service Delivery,,,
2025-1711,2025,GSA,AI-Powered Visibility for Supply and Vendor Risk Resilience,Pre-deployment,Pre-deployment,,,Classical ML,Procurement and Finance Mgmt,,,
2025-1712,2025,GSA,AI in Public Experience (PX) Contact Center Services Blanket Purchase Agreement (BPA),Pre-deployment,Pre-deployment,,,NLP,Service Delivery,,,
2025-1713,2025,GSA,LaborMatch IQ - Efficient Services Pricing Market Research,Pre-deployment,Pre-deployment,,,Generative AI,Procurement and Finance Mgmt,,,
2025-1714,2025,GSA,Login.gov: artificial intelligence technology used for detecting and mitigating fraud for remote unsupervised identity verification,Deployed,Deployed,,,Computer Vision,Service Delivery,,,
2025-1715,2025,GSA,Enterprise Management Program Management Office Chatbot,Pre-deployment,Pre-deployment,,,Generative AI,Admin Functions,,,
2025-1716,2025,GSA,Public Comments Analysis,Pre-deployment,Pre-deployment,,,NLP,Admin Functions,,,
2025-1717,2025,GSA,FAS Catalog Platform - Image Recognition for Product Photos,Deployed,Deployed,,,Computer Vision,Procurement and Finance Mgmt,,,
2025-1718,2025,GSA,Lot Description Generation,Pre-deployment,Pre-deployment,,,Generative AI,Admin Functions,,,
2025-1719,2025,GSA,Similar Auction Items Recommendations,Pre-deployment,Pre-deployment,,,Classical ML,Admin Functions,,,
2025-1720,2025,GSA,PPMS - Decode Image to Generate Property Description,Pre-deployment,Pre-deployment,,,Computer Vision,Admin Functions,,,
2025-1721,2025,GSA,ReDux Toolkit,Pre-deployment,Pre-deployment,,,Generative AI,IT,,,
2025-1722,2025,GSA,Gemini for Google Workspace,Deployed,Deployed,,,Generative AI,Admin Functions,,,
2025-1723,2025,GSA,Enterprise Chatbot (GSAi),Deployed,Deployed,,,Generative AI,IT,,,
2025-1724,2025,GSA,USAi.gov,Deployed,Deployed,,,Generative AI,IT,,,
2025-1725,2025,GSA,Cybersecurity Chatbot,Pre-deployment,Pre-deployment,,,NLP,Cybersecurity,,,
2025-1726,2025,GSA,Elastic Machine Learning Threat Detection (Phase 1),Deployed,Deployed,,,Classical ML,Cybersecurity,,,L1108
2025-1727,2025,GSA,Elastic Machine Learning Threat Detection (Phase 2),Deployed,Deployed,,,Classical ML,Cybersecurity,,,L0260
2025-1728,2025,GSA,Slack AI,Pre-deployment,Pre-deployment,,,Generative AI,IT,,,
2025-1729,2025,GSA,FAS Vision Agentforce,Pre-deployment,Pre-deployment,,,Agentic AI,Service Delivery,,,
2025-1730,2025,GSA,ServiceNow Generic Ticket Classification,Pre-deployment,Pre-deployment,,,Classical ML,IT,,,L0258
2025-1731,2025,GSA,ServiceNow Virtual Agent (Curie),Deployed,Deployed,,,NLP,Service Delivery,,,L0259
2025-1732,2025,GSA,Marketplace: AI Supported Bookings & Space Stacking,Pre-deployment,Pre-deployment,,,Classical ML,Admin Functions,,,
2025-1733,2025,GSA,OCFO Chatbot,Pre-deployment,Pre-deployment,,,Generative AI,Procurement and Finance Mgmt,,,
2025-1734,2025,GSA,GovCXAnalyzer,Deployed,Deployed,,,NLP,Service Delivery,,,
2025-1735,2025,GSA,Strategic Atlas,Deployed,Deployed,,,Generative AI,Procurement and Finance Mgmt,,,
2025-1736,2025,GSA,RPA Cloud Connection,Pre-deployment,Pre-deployment,,,Computer Vision,IT,,,
2025-1737,2025,GSA,Office of Civil Rights (OCR) Case Crawler,Pre-deployment,Pre-deployment,,,NLP,Admin Functions,,,
2025-1738,2025,GSA,ChatOGC,Pre-deployment,Pre-deployment,,,NLP,Admin Functions,,,
2025-1739,2025,GSA,No-Code Text and Sentiment Analysis with XM Discover,Deployed,Deployed,,,NLP,Service Delivery,,,
2025-1740,2025,GSA,Solicitation Review Tool (SRT),Deployed,Deployed,,,NLP,Procurement and Finance Mgmt,,,L0255
2025-1741,2025,GSA,Solicitation Review Tool - Section 508,Pre-deployment,Pre-deployment,,,NLP,Procurement and Finance Mgmt,,,
2025-1742,2025,GSA,Software Supply Chain Security Research,Pre-deployment,Pre-deployment,,,Generative AI,Cybersecurity,,,
2025-1743,2025,GSA,Expedited Transfer of Program of Requirements into Test Fit Layouts and Concept Design Options,Pre-deployment,Pre-deployment,,,Generative AI,Service Delivery,,,
2025-1744,2025,GSA,National Computerized Maintenance Management System (NCMMS) AI Chatbot,Pre-deployment,Pre-deployment,,,NLP,Service Delivery,,,
2025-1745,2025,GSA,PBS AI Chatbot Domain Enhancements,Pre-deployment,Pre-deployment,,,NLP,Service Delivery,,,
2025-1746,2025,GSA,Leasing Desk Guide Bot,Deployed,Deployed,,,Generative AI,Admin Functions,,,
2025-1747,2025,GSA,Portfolio Analysis LLM,Deployed,Deployed,,,Generative AI,Procurement and Finance Mgmt,,,
2025-1748,2025,GSA,Pricing Policy Chatbot,Pilot,Pilot,,,NLP,Admin Functions,,,
2025-1749,2025,GSA,Tier 1 Use Cases,Deployed,Deployed,,,Other,Admin Functions,,,
2025-1750,2025,HHS,Design Your Facility,Retired,Retired,,,,,,Not High-impact,L0261
2025-1751,2025,HHS,Discover Financial Business Intelligence System (FBIS) Report Analysis (Sub-CAN Line Items),Pilot,Pilot,Vendor and in-house,Contracting and In House,Agentic AI,Procurement and Finance Mgmt,Palantir,Not High-impact,L0262
2025-1752,2025,HHS,Grant Spend Health Analysis,Retired,Retired,,,,,,Not High-impact,L0263
2025-1753,2025,HHS,Structuring and Validating Completeness of Case Data Information,Deployed,Deployed,Vendor and in-house,Contracting and In House,Agentic AI,Benefits Processing,Palantir,"Presumed High-Impact, but Not High-impact",L0264
2025-1754,2025,HHS,Structuring Notice of Concern Data,Deployed,Deployed,Vendor and in-house,Contracting and In House,Computer Vision,Benefits Processing,Palantir,"Presumed High-Impact, but Not High-impact",
2025-1755,2025,HHS,Unaccompanied Children Program Policy & Procedure Research Tool,Pilot,Pilot,Vendor and in-house,Contracting and In House,Agentic AI,Service Delivery,MIT Lincoln Labs,Not High-impact,L0265
2025-1756,2025,HHS,Unaccompanied Children Process Model Digital Twins,Retired,Retired,,,,,,Not High-impact,L0266
2025-1757,2025,HHS,Analyzing Public Comments on Proposed Rule,Retired,Retired,,,,,,Not High-impact,L0267
2025-1758,2025,HHS,Outreach List Segmentation,Retired,Retired,,,,,,Not High-impact,L0268
2025-1759,2025,HHS,Ask HR Policy,Deployed,Deployed,Vendor,Vendor Purchased,Generative AI,HR,Palantir,Not High-impact,L0269
2025-1760,2025,HHS,"Child Welfare Information Automated Inquiry System

(Note: previously named ""Child Welfare Information Gateway OneReach Application"")",Deployed,Deployed,Vendor,Vendor Purchased,NLP,Service Delivery,"Amazon Connect (current)

OneReach (previous, deprecated)",Not High-impact,
2025-1761,2025,HHS,Collective Bargaining Compass,Deployed,Deployed,Vendor,Vendor Purchased,Generative AI,HR,Palantir,Not High-impact,L0270
2025-1762,2025,HHS,Discover User Assistant,Deployed,Deployed,Vendor,Vendor Purchased,Generative AI,IT,Palantir,Not High-impact,L0271
2025-1763,2025,HHS,Policy Knowledge Base Data Migration,Retired,Retired,,,,,,Not High-impact,L0272
2025-1764,2025,HHS,Qualitative Analysis,Deployed,Deployed,Vendor,Vendor Purchased,NLP,Other,"Lumivero, Qualtrics,  Credal, Ask Sage",Not High-impact,L0273
2025-1765,2025,HHS,Intakes Referral Parser,Retired,Retired,,,,,,Not High-impact,
2025-1766,2025,HHS,Training and Technical Assistance (TTA) GenAI Chatbot,Retired,Retired,,,,,,Not High-impact,
2025-1767,2025,HHS,Funding Opportunity Redundancy Analysis,Retired,Retired,,,,,,Not High-impact,
2025-1768,2025,HHS,Unaccompanied Child Sponsor Identity Verification,Pre-deployment,Pre-deployment,,,Computer Vision,Benefits Processing,,High-impact,
2025-1769,2025,HHS,Head Start Correspondence Categorizer,Pre-deployment,Pre-deployment,,,Agentic AI,Admin Functions,,Not High-impact,
2025-1770,2025,HHS,Builder Buddy,Deployed,Deployed,Vendor,Vendor Purchased,Agentic AI,IT,Credal,Not High-impact,
2025-1771,2025,HHS,Document Review for Alignment with Executive Orders: Position Descriptions,Deployed,Deployed,Vendor and in-house,Contracting and In House,Generative AI,HR,Palantir,Not High-impact,
2025-1772,2025,HHS,Document Review for Alignment with Executive Orders: Grant Materials,Deployed,Deployed,Vendor and in-house,Contracting and In House,Generative AI,Other,"Palantir, Credal",Not High-impact,
2025-1773,2025,HHS,Grant management support: structuring information in applications,Deployed,Deployed,Vendor and in-house,Contracting and In House,Agentic AI,Other,"Palantir, Credal",Not High-impact,
2025-1774,2025,HHS,Acquisition support: co-drafting acquisition packages,Deployed,Deployed,Vendor and in-house,Contracting and In House,Generative AI,Procurement and Finance Mgmt,"Credal, Ask Sage, Microsoft",Not High-impact,
2025-1775,2025,HHS,Acquisition support: assisting reviews and co-drafting technical evaluation documents,Deployed,Deployed,Vendor and in-house,Contracting and In House,Generative AI,Procurement and Finance Mgmt,"Credal, Ask Sage, Microsoft",Not High-impact,
2025-1776,2025,HHS,Sub Can Line Finder,Deployed,Deployed,Vendor,Vendor Purchased,Generative AI,Admin Functions,Palantir Technologies,Not High-impact,
2025-1777,2025,HHS,USPSTF Public Forms Data AI Integration,Retired,Retired,,,,,,Not High-impact,
2025-1778,2025,HHS,AI DevOps - Improving Development and CI/CD Operations,Pre-deployment,Pre-deployment,,,Generative AI,IT,Pingwind,Not High-impact,
2025-1779,2025,HHS,AHRQ Search,Deployed,Deployed,Vendor and in-house,Contracting and In House,Classical ML,IT,RIVA Solutions,Not High-impact,L0274
2025-1780,2025,HHS,Chatbot,Retired,Retired,,,,,,Not High-impact,L0275
2025-1781,2025,HHS,Chatbot,Retired,Retired,,,,,,Not High-impact,L1064
2025-1782,2025,HHS,NLQuery- As Data or Pulse,Retired,Retired,,,,,,Not High-impact,L0277
2025-1783,2025,HHS,Quality and Safety Review System AI-enabled automated abstraction,Retired,Retired,,,,,,Not High-impact,L0278
2025-1784,2025,HHS,Enhancing Diversity in Peer Review - Pilot,Retired,Retired,,,,,,Not High-impact,L0276
2025-1785,2025,HHS,PRISM Ally,Deployed,Deployed,Vendor,Vendor Purchased,Generative AI,Procurement and Finance Mgmt,Unison,Not High-impact,
2025-1786,2025,HHS,GrantSolutions Text Analyzer Tool,Deployed,Deployed,Vendor and in-house,Contracting and In House,NLP,Service Delivery,Internal Federal Shared Service (GrantSolutions),Not High-impact,
2025-1787,2025,HHS,GrantSolutions AI Writing Assistant,Deployed,Deployed,Vendor and in-house,Contracting and In House,Generative AI,Service Delivery,Internal Federal Shared Service (GrantSolutions),Not High-impact,
2025-1788,2025,HHS,GrantSolutions Recipient Risk Tool,Deployed,Deployed,Vendor and in-house,Contracting and In House,Classical ML,Service Delivery,Internal Federal Shared Service (GrantSolutions),Not High-impact,
2025-1789,2025,HHS,GrantSolutions Non?Competing Continuation Approval Tool,Deployed,Deployed,Vendor and in-house,Contracting and In House,Classical ML,Service Delivery,Internal Federal Shared Service (GrantSolutions),Not High-impact,
2025-1790,2025,HHS,GrantSolutions Helpdesk Agent,Deployed,Deployed,Vendor and in-house,Contracting and In House,Generative AI,Service Delivery,Internal Federal Shared Service (GrantSolutions),Not High-impact,
2025-1791,2025,HHS,GrantSolutions Non?Competing Continuation Review Tool,Pilot,Pilot,Vendor and in-house,Contracting and In House,Generative AI,Service Delivery,Internal Federal Shared Service (GrantSolutions),Not High-impact,
2025-1792,2025,HHS,Senior Leadership Briefing Generation,Pre-deployment,Pre-deployment,,,NLP,Emergency Mgmt,,Not High-impact,
2025-1793,2025,HHS,AIP Cyber Incident Ingestion,Pilot,Pilot,In-house,In-house Development,NLP,Cybersecurity,Palantir,Not High-impact,
2025-1794,2025,HHS,ASPR TRACIE - Web search results improvement (prototyping stage),Pre-deployment,Pre-deployment,,,NLP,Service Delivery,,Not High-impact,
2025-1795,2025,HHS,emPOWER AI,Deployed,Deployed,Vendor and in-house,Contracting and In House,NLP,Health and Medical,Communications Training & Analysis Corporation (CTAC),Not High-impact,L0279
2025-1796,2025,HHS,Certification and Testing/Program Administration – AI-enabled Internal Processes,Pre-deployment,Pre-deployment,,,Generative AI,Admin Functions,,Not High-impact,
2025-1797,2025,HHS,The NEF DSI/AI project addresses local validation of AI-based clinical decision support (CDS)/decision support interventions (DSI) in provider settings.,Pre-deployment,Pre-deployment,,,Other,Health and Medical,,Not High-impact,
2025-1798,2025,HHS,HaMLET: Harnessing Machine Learning to Eliminate Tuberculosis,Retired,Retired,,,,,,Not High-impact,
2025-1799,2025,HHS,Adverse Childhood Experiences (ACEs) Literature Review Dashboard,Retired,Retired,,,,,,Not High-impact,L0280
2025-1800,2025,HHS,Automated Analysis of Injury Control Research Center (ICRC) Annual Progress Reports (APRs) using Large Language Models,Pilot,Pilot,In-house,In-house Development,NLP,Admin Functions,,Not High-impact,L0281
2025-1801,2025,HHS,Detecting Stimulant and Opioid Misuse and Illicit Use,Pilot,Pilot,In-house,In-house Development,NLP,Health and Medical,,Not High-impact,L0282
2025-1802,2025,HHS,DHP Virtual Assistant,Pilot,Pilot,In-house,In-house Development,NLP,Health and Medical,,Not High-impact,L0283
2025-1803,2025,HHS,Fuzzy matching tool,Pilot,Pilot,In-house,In-house Development,NLP,Admin Functions,,Not High-impact,L0284
2025-1804,2025,HHS,Reviewing Global Influenza Vaccine Literature,Pilot,Pilot,In-house,In-house Development,NLP,Health and Medical,,Not High-impact,
2025-1805,2025,HHS,HIV Data Virtual Assistant,Pre-deployment,Pre-deployment,,,NLP,IT,,Not High-impact,L0285
2025-1806,2025,HHS,Identify infrastructure supports for physical activity (e.g. sidewalks) in satellite and roadway images,Deployed,Deployed,Vendor and in-house,Contracting and In House,Computer Vision,Health and Medical,,Not High-impact,L0286
2025-1807,2025,HHS,Immunization Information Systems Guidance Documentation Navigation and Management (IDAB EDAV Azure OpenAI Technology Use),Pre-deployment,Pre-deployment,,,Generative AI,Admin Functions,,Not High-impact,L0287
2025-1808,2025,HHS,LaserAI,Pilot,Pilot,Vendor,Vendor Purchased,NLP,Health and Medical,LaserAI,Not High-impact,L0288
2025-1809,2025,HHS,NewsScape,Pilot,Pilot,Vendor and in-house,Contracting and In House,Generative AI,Emergency Mgmt,Palantir Technologies,Not High-impact,L0289
2025-1810,2025,HHS,Portfolio Analytics,Pilot,Pilot,In-house,In-house Development,NLP,Science,,Not High-impact,
2025-1811,2025,HHS,RAPID Analysis of Policy and Program Documents (RAPID),Pilot,Pilot,Vendor and in-house,Contracting and In House,NLP,Admin Functions,,Not High-impact,L0290
2025-1812,2025,HHS,SewerScout: Automated on-site sewage facility detection from aerial imagery to identify failed systems,Pre-deployment,Pre-deployment,,,Computer Vision,Health and Medical,,Not High-impact,L0291
2025-1813,2025,HHS,Sidekick Comms bot Offering User-friendly Tips (SCOUT),Deployed,Deployed,Vendor and in-house,Contracting and In House,NLP,Admin Functions,,Not High-impact,L0292
2025-1814,2025,HHS,Transcribing Cognitive Interviews with Whisper,Deployed,Deployed,In-house,In-house Development,NLP,Admin Functions,,Not High-impact,L0293
2025-1815,2025,HHS,Use of Natural Language Processing for Topic Modeling to Automate Review of Public Comments to Notice of Proposed Rulemaking,Pilot,Pilot,In-house,In-house Development,NLP,Admin Functions,,Not High-impact,L0294
2025-1816,2025,HHS,Short-term Forecasting of Severe Outcomes for Seasonal and Epidemic Pathogens,Deployed,Deployed,Vendor and in-house,Contracting and In House,Classical ML,Emergency Mgmt,,Not High-impact,
2025-1817,2025,HHS,CDC Chatbot - Enterprise Data Assistant,Deployed,Deployed,Vendor and in-house,Contracting and In House,Generative AI,Admin Functions,,Not High-impact,
2025-1818,2025,HHS,Leveraging AI for Metadata Tagging for Enterprise Data Catalog of CDC,Deployed,Deployed,In-house,In-house Development,NLP,Admin Functions,,Not High-impact,L0295
2025-1819,2025,HHS,Malaria parasites DNA barcode geography classification,Deployed,Deployed,In-house,In-house Development,Classical ML,Health and Medical,,Not High-impact,L0296
2025-1820,2025,HHS,The School Closure Awareness System,Deployed,Deployed,In-house,In-house Development,NLP,Emergency Mgmt,,Not High-impact,L0297
2025-1821,2025,HHS,Using Generative AI for Stance Analysis of Public Comments on CDC’s Proposed Rules,Deployed,Deployed,In-house,In-house Development,Generative AI,Admin Functions,,Not High-impact,L0298
2025-1822,2025,HHS,A reusable NLP pipeline for clinical narratives preprocessing and characterization,Retired,Retired,,,,,,Not High-impact,L0299
2025-1823,2025,HHS,Autocoding to Support Adverse Drug Event Surveillance,Pilot,Pilot,In-house,In-house Development,Classical ML,Admin Functions,,Not High-impact,L0300
2025-1824,2025,HHS,Automating LIMS Bioinformatics Workflow Configuration and Enhancing Lab Quality Management with AI,Pilot,Pilot,In-house,In-house Development,Generative AI,Admin Functions,,Not High-impact,L0301
2025-1825,2025,HHS,DGMH AI Chatbot,Pilot,Pilot,In-house,In-house Development,Generative AI,Admin Functions,,Not High-impact,L0302
2025-1826,2025,HHS,Distiller SR: AI to screen research articles for Community Guide reviews,Pilot,Pilot,In-house,In-house Development,Classical ML,Admin Functions,,Not High-impact,L0303
2025-1827,2025,HHS,Evaluating Generative AI for polio containment.,Retired,Retired,,,,,,Not High-impact,L0304
2025-1828,2025,HHS,Respiratory Virus Response (RVR) Data Analysis Concept,Pilot,Pilot,In-house,In-house Development,Generative AI,Health and Medical,,Not High-impact,L0305
2025-1829,2025,HHS,School LLM initial abstract review process,Pilot,Pilot,Vendor and in-house,Contracting and In House,NLP,Admin Functions,,Not High-impact,L0306
2025-1830,2025,HHS,CDC Chatbot,Deployed,Deployed,Vendor and in-house,Contracting and In House,Generative AI,Admin Functions,,Not High-impact,
2025-1831,2025,HHS,EDAV Virtual Assistant - Eva ( Microbot Service) - Bot as a Service (BaaS),Deployed,Deployed,Vendor and in-house,Contracting and In House,Generative AI,Admin Functions,,Not High-impact,
2025-1832,2025,HHS,EDAV Azure DataFactory - Pipeline failure Analysis,Deployed,Deployed,Vendor and in-house,Contracting and In House,NLP,Admin Functions,,Not High-impact,
2025-1833,2025,HHS,1CDP (SEDRIC) AIP for Advanced Foodborne Outbreak Investigation (AI Summarization and Receipt Reading),Deployed,Deployed,Vendor and in-house,Contracting and In House,NLP,Emergency Mgmt,Palantir Technologies,Not High-impact,
2025-1834,2025,HHS,Genetic distance computation method for comparing complex multi-locus parasite (Cyclospora) genotypes,Deployed,Deployed,In-house,In-house Development,Classical ML,Health and Medical,,Not High-impact,L0307
2025-1835,2025,HHS,MedCoder - Coding literal text cause of death information reported on death certificates to ICD-10,Deployed,Deployed,In-house,In-house Development,NLP,Health and Medical,,Not High-impact,L0308
2025-1836,2025,HHS,NCIRD SmartFind ChatBots - Public and Internal,Deployed,Deployed,Vendor and in-house,Contracting and In House,NLP,Admin Functions,,Not High-impact,L0309
2025-1837,2025,HHS,NIOSH Industry and Occupation Computerized Coding System (NIOCCS),Deployed,Deployed,In-house,In-house Development,Classical ML,Admin Functions,,Not High-impact,L0310
2025-1838,2025,HHS,Nowcasting Injury Trends,Deployed,Deployed,In-house,In-house Development,Classical ML,Health and Medical,,Not High-impact,L0311
2025-1839,2025,HHS,Risk Assessment Module (RAM) for the National Diabetes Prevention Program (National DPP) Operations Center.,Deployed,Deployed,Vendor and in-house,Contracting and In House,Classical ML,Admin Functions,,Not High-impact,L0312
2025-1840,2025,HHS,Semi-Automated Nonresponse Detection for Surveys (SANDS),Deployed,Deployed,In-house,In-house Development,NLP,Health and Medical,,Not High-impact,L0313
2025-1841,2025,HHS,Sequential Coverage Algorithm (SCA) and partial Expectation-Maximization (EM) estimation in Record Linkage,Deployed,Deployed,Vendor and in-house,Contracting and In House,Classical ML,Health and Medical,,Not High-impact,L0314
2025-1842,2025,HHS,TowerScout: Automated cooling tower detection from aerial imagery for Legionnaires' Disease outbreak investigation,Deployed,Deployed,Vendor and in-house,Contracting and In House,Computer Vision,Health and Medical,,Not High-impact,L0315
2025-1843,2025,HHS,Assessing Large Language Models for Synthetic Survey Data Generation,Pre-deployment,Pre-deployment,,,Generative AI,Science,,Not High-impact,
2025-1844,2025,HHS,Development of in-silico genomic and patient datasets using generative ML algorithms,Retired,Retired,,,,,,Not High-impact,L0316
2025-1845,2025,HHS,GenAIMeta: Generative AI CDC Metadata Query Application,Pilot,Pilot,Vendor and in-house,Contracting and In House,Generative AI,Health and Medical,,Not High-impact,
2025-1846,2025,HHS,"Detecting, evaluating, and redacting PII in NAMCS HC Component",Pre-deployment,Pre-deployment,,,NLP,Health and Medical,,Not High-impact,
2025-1847,2025,HHS,Retrieval Augmented Generation (RAG) with Q-Bank,Retired,Retired,,,,,,Not High-impact,L0317
2025-1848,2025,HHS,Using generative AI to gain insight of older adult falls,Retired,Retired,,,,,,Not High-impact,L0318
2025-1849,2025,HHS,Nowcasting Burden and Infection Trends for Seasonal and Epidemic Pathogens,Deployed,Deployed,Vendor and in-house,Contracting and In House,Classical ML,Emergency Mgmt,,Not High-impact,
2025-1850,2025,HHS,Automating the distribution of CDC-State Department cables using AI models in the Global Health Center,Deployed,Deployed,Vendor and in-house,Contracting and In House,Agentic AI,Admin Functions,,Not High-impact,
2025-1851,2025,HHS,DHDSP NOFO Technical Assistance Chatbot,Deployed,Deployed,Vendor and in-house,Contracting and In House,NLP,Admin Functions,,Not High-impact,
2025-1852,2025,HHS,Rapid Detection of Acute Releases of Toxic Substances (RaDARTS),Pre-deployment,Pre-deployment,,,NLP,Emergency Mgmt,,Not High-impact,
2025-1853,2025,HHS,DLS AI Assistant tool,Pilot,Pilot,Vendor and in-house,Contracting and In House,NLP,Admin Functions,,Not High-impact,
2025-1854,2025,HHS,PDF information extraction for 889 Forms,Pilot,Pilot,In-house,In-house Development,Computer Vision,Admin Functions,,Not High-impact,
2025-1855,2025,HHS,ATSDR Toxicological Assistant chatbot,Deployed,Deployed,Vendor and in-house,Contracting and In House,Generative AI,Science,,Not High-impact,
2025-1856,2025,HHS,Machine Learning with Premier Healthcare Data to inform predictive modeling of antibiotic use,Deployed,Deployed,In-house,In-house Development,Classical ML,Health and Medical,,Not High-impact,
2025-1857,2025,HHS,Machine Learning Techniques for Early Detection and Situational Awareness of Rabies Outbreaks,Deployed,Deployed,In-house,In-house Development,Classical ML,Health and Medical,,Not High-impact,
2025-1858,2025,HHS,AI-Powered web scanner for digital surveillance of rabies-related news articles,Pilot,Pilot,In-house,In-house Development,Agentic AI,Health and Medical,,Not High-impact,
2025-1859,2025,HHS,Pathogen strain characterization from mixed strain samples,Pre-deployment,Pre-deployment,,,Classical ML,Science,,Not High-impact,
2025-1860,2025,HHS,AMD-Platform Data Harmonization,Pre-deployment,Pre-deployment,,,NLP,IT,,Not High-impact,
2025-1861,2025,HHS,Text embedding analysis tool,Deployed,Deployed,In-house,In-house Development,NLP,Health and Medical,,Not High-impact,
2025-1862,2025,HHS,Agentic RAG Chatbot,Pre-deployment,Pre-deployment,,,Agentic AI,Health and Medical,,Not High-impact,
2025-1863,2025,HHS,Internal Newsletter Formatter Tool,Deployed,Deployed,In-house,In-house Development,NLP,Admin Functions,,Not High-impact,
2025-1864,2025,HHS,Determining if multiple isolates share the same antimicrobial resistant plasmids using short read whole genome sequencing data,Pilot,Pilot,In-house,In-house Development,Classical ML,Science,,Not High-impact,
2025-1865,2025,HHS,Analyzing multidrug-resistant organism response data,Pre-deployment,Pre-deployment,,,NLP,Health and Medical,,Not High-impact,
2025-1866,2025,HHS,Leveraging AI for the Creation of Synthetic Datasets,Pilot,Pilot,Vendor and in-house,Contracting and In House,Generative AI,Science,,Not High-impact,
2025-1867,2025,HHS,DHP Data Repository and Dashboard Chatbot,Pre-deployment,Pre-deployment,,,NLP,Health and Medical,,Not High-impact,
2025-1868,2025,HHS,HIV Data Quality Score (DQS) Project,Pre-deployment,Pre-deployment,,,NLP,Health and Medical,,Not High-impact,
2025-1869,2025,HHS,NCHHSTP Social Media Modernization Strategy: Thought Leadership and Social Listening,Pre-deployment,Pre-deployment,,,NLP,Emergency Mgmt,,Not High-impact,
2025-1870,2025,HHS,Lectora AI Toolkit and Microbuilder authoring tools,Retired,Retired,,,,,,Not High-impact,
2025-1871,2025,HHS,Using LLM to optimize National Health Interview Survey (NHIS) case note information,Pilot,Pilot,In-house,In-house Development,NLP,Health and Medical,,Not High-impact,
2025-1872,2025,HHS,Auto-Suggest Journal Tool,Pre-deployment,Pre-deployment,,,Generative AI,Admin Functions,,Not High-impact,
2025-1873,2025,HHS,Use of National Language Processing/Machine Learning to Identify Personal Identifiers in Health Center EHR Medication Data,Pre-deployment,Pre-deployment,,,NLP,Health and Medical,,Not High-impact,
2025-1874,2025,HHS,AI-Assisted Extraction of Circumstance Information from National Violent Death Reporting System Narratives,Pre-deployment,Pre-deployment,,,NLP,Health and Medical,,Not High-impact,
2025-1875,2025,HHS,Leveraging GenAI for Efficient Review of CDC Programmatic Reports,Pre-deployment,Pre-deployment,,,NLP,Health and Medical,,Not High-impact,
2025-1876,2025,HHS,Bridging the gap: Leveraging natural language processing to identify reasons for buprenorphine discontinuation in Electronic Health Records,Pre-deployment,Pre-deployment,,,NLP,Health and Medical,,Not High-impact,
2025-1877,2025,HHS,Automating Influenza Vaccine Virus Data Processing,Pilot,Pilot,In-house,In-house Development,Generative AI,Science,,Not High-impact,
2025-1878,2025,HHS,Lineage Assignment by Extended Learning (LABEL),Deployed,Deployed,In-house,In-house Development,Classical ML,Science,,Not High-impact,
2025-1879,2025,HHS,Enhancing influenza A risk assessment rubrics: leveraging predictive correlates and machine learning from in vivo experiments.,Pilot,Pilot,In-house,In-house Development,Classical ML,Science,,Not High-impact,
2025-1880,2025,HHS,RepoAnalysis,Pilot,Pilot,In-house,In-house Development,Generative AI,IT,,Not High-impact,
2025-1881,2025,HHS,Data Standardization with LLM,Pre-deployment,Pre-deployment,,,Agentic AI,Science,,Not High-impact,
2025-1882,2025,HHS,Using Databricks Genie for Routine Immunization Data Insights,Pilot,Pilot,Vendor and in-house,Contracting and In House,Generative AI,Science,,Not High-impact,
2025-1883,2025,HHS,Vaccine Tracking System (VTrckS) Conversational AI Pilot,Pilot,Pilot,Vendor and in-house,Contracting and In House,Generative AI,Health and Medical,,Not High-impact,
2025-1884,2025,HHS,Beryllium exposure reconstruction,Pre-deployment,Pre-deployment,,,Classical ML,Science,,Not High-impact,
2025-1885,2025,HHS,Site Audit AI Support (SAAIS) App,Pre-deployment,Pre-deployment,,,NLP,Service Delivery,,Not High-impact,
2025-1886,2025,HHS,Respirator Selection Logic (RSL) Copilot,Pre-deployment,Pre-deployment,,,NLP,Service Delivery,,Not High-impact,
2025-1887,2025,HHS,PPE Concerns Copilot,Pre-deployment,Pre-deployment,,,NLP,Service Delivery,,Not High-impact,
2025-1888,2025,HHS,Assessing public comment responses to draft NIOSH wildland fire smoke document,Pre-deployment,Pre-deployment,,,NLP,Admin Functions,,Not High-impact,
2025-1889,2025,HHS,Mining.AI,Pre-deployment,Pre-deployment,,,NLP,Science,,Not High-impact,
2025-1890,2025,HHS,CSB MCP AI,Pre-deployment,Pre-deployment,,,Agentic AI,IT,,Not High-impact,
2025-1891,2025,HHS,Support for MCP and AI APIs in Digital Gateway,Pre-deployment,Pre-deployment,,,Agentic AI,IT,,Not High-impact,
2025-1892,2025,HHS,Delegations Repository Assistant,Pre-deployment,Pre-deployment,,,NLP,Admin Functions,,Not High-impact,
2025-1893,2025,HHS,OFR Robotics and Process Automation (ORPA),Deployed,Deployed,Vendor and in-house,Contracting and In House,Agentic AI,Procurement and Finance Mgmt,UIPath,Not High-impact,
2025-1894,2025,HHS,FERRET,Pre-deployment,Pre-deployment,,,Agentic AI,Health and Medical,,Not High-impact,
2025-1895,2025,HHS,Deep Research for Public Health,Pilot,Pilot,Vendor,Vendor Purchased,Agentic AI,Science,OpenAI,Not High-impact,
2025-1896,2025,HHS,Federal Select Agents Program (FSAP) Customer Agent,Pilot,Pilot,In-house,In-house Development,NLP,IT,,Not High-impact,
2025-1897,2025,HHS,Publication Portfolio Analytics,Deployed,Deployed,In-house,In-house Development,NLP,Admin Functions,,Not High-impact,
2025-1898,2025,HHS,CDC Vault and Stacks Metadata Extraction,Deployed,Deployed,Vendor and in-house,Contracting and In House,Agentic AI,Admin Functions,,Not High-impact,
2025-1899,2025,HHS,AIP Assist,Deployed,Deployed,Vendor,Vendor Purchased,Generative AI,Admin Functions,Palantir Technologies,Not High-impact,
2025-1900,2025,HHS,Center for Forecast and Analytics (CFA) Model Studio,Pilot,Pilot,Vendor and in-house,Contracting and In House,Other,Health and Medical,Palantir Technologies,Not High-impact,
2025-1901,2025,HHS,Enhanced Direct Enrollment Outlier Detection,Pre-deployment,Pre-deployment,,,Classical ML,IT,,"Presumed High-Impact, but Not High-impact",L0320
2025-1902,2025,HHS,IT System Utilization Optimization,Pre-deployment,Pre-deployment,,,Classical ML,IT,,Not High-impact,L0322
2025-1903,2025,HHS,Risk Adjustment Outlier Analysis,Pre-deployment,Pre-deployment,,,Classical ML,IT,,Not High-impact,L0323
2025-1904,2025,HHS,Agent/Broker Fraud Analysis (ABCQI),Pre-deployment,Pre-deployment,,,Classical ML,IT,,"Presumed High-Impact, but Not High-impact",L1112
2025-1905,2025,HHS,Help Desk Responses,Pre-deployment,Pre-deployment,,,NLP,IT,,Not High-impact,L0325
2025-1906,2025,HHS,Chatbot within Hub,Pre-deployment,Pre-deployment,,,Classical ML,IT,,Not High-impact,L0326
2025-1907,2025,HHS,Independent Dispute Resolution (IDR) Eligibility Rules Engine,Deployed,Deployed,Vendor,Vendor Purchased,Classical ML,Service Delivery,,Not High-impact,L0332
2025-1908,2025,HHS,Review Regulatory Comments,Pre-deployment,Pre-deployment,,,Classical ML,IT,,Not High-impact,L0333
2025-1909,2025,HHS,Improved Data Quality Checks,Pre-deployment,Pre-deployment,,,Classical ML,IT,,Not High-impact,L0334
2025-1910,2025,HHS,iVeri-Fi (Test),Pre-deployment,Pre-deployment,,,Classical ML,IT,,High-impact,
2025-1911,2025,HHS,Plan Justification Tool,Pre-deployment,Pre-deployment,,,Classical ML,IT,,Not High-impact,
2025-1912,2025,HHS,TIC URL Automation,Pre-deployment,Pre-deployment,,,Classical ML,IT,,Not High-impact,
2025-1913,2025,HHS,Rx Data Integrity Review,Pre-deployment,Pre-deployment,,,Classical ML,IT,,Not High-impact,
2025-1914,2025,HHS,RA and RADV Predictive Modeling and Methodology Evaluation,Pre-deployment,Pre-deployment,,,Classical ML,IT,,Not High-impact,
2025-1915,2025,HHS,RADV Medical Record Review,Pre-deployment,Pre-deployment,,,Classical ML,IT,,Not High-impact,
2025-1916,2025,HHS,Issuer Expansion/Market Entry Prediction,Pre-deployment,Pre-deployment,,,Classical ML,IT,,Not High-impact,
2025-1917,2025,HHS,SBC Content Review,Pre-deployment,Pre-deployment,,,Classical ML,IT,,Not High-impact,
2025-1918,2025,HHS,MFT UI Chatbot,Pilot,Pilot,In-house,In-house Development,NLP,IT,,Not High-impact,
2025-1919,2025,HHS,MLMS Upgrade MILA from CARLA to Druid,Pre-deployment,Pre-deployment,,,Classical ML,IT,,Not High-impact,
2025-1920,2025,HHS,Interoperability URL Review Automation,Pre-deployment,Pre-deployment,,,Classical ML,IT,,Not High-impact,
2025-1921,2025,HHS,Feedback Analysis Solution (FAS),Deployed,Deployed,In-house,In-house Development,NLP,IT,,Not High-impact,L0321
2025-1922,2025,HHS,CCSQ ServiceNow AI Search,Deployed,Deployed,Vendor,Vendor Purchased,NLP,IT,,Not High-impact,L0324
2025-1923,2025,HHS,Resource Library Assistant,Pre-deployment,Pre-deployment,,,Generative AI,Service Delivery,,Not High-impact,
2025-1924,2025,HHS,QPP Admin Bot,Pre-deployment,Pre-deployment,,,Generative AI,Admin Functions,,Not High-impact,L0328
2025-1925,2025,HHS,CCSQ Now Assist for CSM,Deployed,Deployed,Vendor,Vendor Purchased,Generative AI,IT,,Not High-impact,L0329
2025-1926,2025,HHS,Citation Analysis and Survey Assistant (CASA - Nursing Home Survey CMS 2567),Deployed,Deployed,In-house,In-house Development,NLP,Health and Medical,,Not High-impact,L0331
2025-1927,2025,HHS,CCSQ Now Assist for Creator,Deployed,Deployed,Vendor,Vendor Purchased,Generative AI,IT,,Not High-impact,
2025-1928,2025,HHS,AI-assisted comment triaging tool,Deployed,Deployed,Vendor and in-house,Contracting and In House,Classical ML,Admin Functions,"L&M Policy Research, LLC",Not High-impact,L0319
2025-1929,2025,HHS,Docketscope Public Comment Processing,Deployed,Deployed,Vendor,Vendor Purchased,Classical ML,Admin Functions,,Not High-impact,
2025-1930,2025,HHS,Health Plan Management System - Complaint Tracking Analysis,Pre-deployment,Pre-deployment,,,NLP,IT,,Not High-impact,
2025-1931,2025,HHS,Performance Metrics Database and Analytics (PMDA),Retired,Retired,,,,,,Not High-impact,
2025-1932,2025,HHS,T-MSIS Prima,Pre-deployment,Pre-deployment,,,Agentic AI,Admin Functions,,Not High-impact,
2025-1933,2025,HHS,EPRO HTA Reporting,Retired,Retired,,,,,,Not High-impact,
2025-1934,2025,HHS,CMS Labor Analysis Wizard (CLAW),Deployed,Deployed,Vendor and in-house,Contracting and In House,NLP,Procurement and Finance Mgmt,Skyward Solutions,Not High-impact,
2025-1935,2025,HHS,AI Code Assistance – WETG GitHub CoPilot Proof-of-Concept,Pilot,Pilot,Vendor,Vendor Purchased,Generative AI,IT,,Not High-impact,
2025-1936,2025,HHS,AI Search in Google Vertex (discovery),Pre-deployment,Pre-deployment,,,Generative AI,IT,,Not High-impact,
2025-1937,2025,HHS,AI in Slack,Deployed,Deployed,Vendor,Vendor Purchased,Generative AI,IT,,Not High-impact,
2025-1938,2025,HHS,AI in Figma Make,Deployed,Deployed,Vendor,Vendor Purchased,Generative AI,IT,,Not High-impact,
2025-1939,2025,HHS,AI Language Translation Support in Smartling,Deployed,Deployed,Vendor,Vendor Purchased,Generative AI,IT,,Not High-impact,
2025-1940,2025,HHS,AI Web Content Search Engine Optimization (SEO) in Drupal,Pre-deployment,Pre-deployment,,,Generative AI,IT,,Not High-impact,
2025-1941,2025,HHS,Medicare AI Customer Insights,Pilot,Pilot,Vendor and in-house,Contracting and In House,Generative AI,IT,commonFont and AWS,Not High-impact,
2025-1942,2025,HHS,Medicare AI Drug Search,Pilot,Pilot,Vendor and in-house,Contracting and In House,Generative AI,Benefits Processing,Oddball and AWS,Not High-impact,
2025-1943,2025,HHS,Marketplace Qualified Health Plan Benefit AI Assistant (discovery),Pre-deployment,Pre-deployment,,,Generative AI,Benefits Processing,,Not High-impact,
2025-1944,2025,HHS,AI Automation within the WETG Web Help Service Desk (discovery),Pre-deployment,Pre-deployment,,,Generative AI,IT,,Not High-impact,
2025-1945,2025,HHS,Artificial Intelligence Use Case Pilot in Medical Review on Medicare Fee-For-Service (FFS) Improper Payment Measurement (Comprehensive Error Rate Testing Program) Data,Pre-deployment,Pre-deployment,,,Generative AI,IT,,Not High-impact,
2025-1946,2025,HHS,Knowledge Management Solution,Pre-deployment,Pre-deployment,,,Generative AI,IT,,Not High-impact,
2025-1947,2025,HHS,ASSIST Tool,Pre-deployment,Pre-deployment,,,Generative AI,IT,,Not High-impact,
2025-1948,2025,HHS,Executive Order Gap Analysis Tool,Pre-deployment,Pre-deployment,,,Generative AI,IT,,Not High-impact,
2025-1949,2025,HHS,Contract Invoice Analyzer Assistant,Pre-deployment,Pre-deployment,,,Generative AI,Procurement and Finance Mgmt,,Not High-impact,
2025-1950,2025,HHS,AI-Powered Meeting Notes for MAG Hearings and AIRC Sessions,Pre-deployment,Pre-deployment,,,Generative AI,Admin Functions,,Not High-impact,
2025-1951,2025,HHS,AI-Generated Pre-Briefs for MAG Hearings and AIRC Sessions,Pre-deployment,Pre-deployment,,,Generative AI,Admin Functions,,Not High-impact,
2025-1952,2025,HHS,Knowledge Management Solution for Appeal Case Workers,Pre-deployment,Pre-deployment,,,NLP,Admin Functions,,Not High-impact,
2025-1953,2025,HHS,AI Workspace,Deployed,Deployed,Vendor and in-house,Contracting and In House,NLP,IT,Skyward Solutions,Not High-impact,L0330
2025-1954,2025,HHS,CMS Chat,Deployed,Deployed,Vendor and in-house,Contracting and In House,Generative AI,IT,Skyward IT Solutions,Not High-impact,
2025-1955,2025,HHS,Content Analysis POC,Pilot,Pilot,In-house,In-house Development,NLP,IT,,Not High-impact,
2025-1956,2025,HHS,Enterprise Architecture LLM for CMS Regulatory Content,Pre-deployment,Pre-deployment,,,Generative AI,IT,,Not High-impact,
2025-1957,2025,HHS,Text Network Analysis POC,Retired,Retired,,,,,,Not High-impact,
2025-1958,2025,HHS,RFI Comment Analysis POC,Pilot,Pilot,In-house,In-house Development,NLP,IT,,Not High-impact,
2025-1959,2025,HHS,AI Agent Orchestrator POC,Pilot,Pilot,Vendor and in-house,Contracting and In House,NLP,IT,Noblis,Not High-impact,
2025-1960,2025,HHS,MCP Server Registry and Integration Platform,Pre-deployment,Pre-deployment,,,Agentic AI,IT,,Not High-impact,
2025-1961,2025,HHS,Agentic Web Search,Pre-deployment,Pre-deployment,,,Agentic AI,IT,,Not High-impact,
2025-1962,2025,HHS,Deep Research Multi-Agent System,Pre-deployment,Pre-deployment,,,Agentic AI,IT,,Not High-impact,
2025-1963,2025,HHS,508 Compliance Review MCP Server,Pre-deployment,Pre-deployment,,,NLP,IT,,Not High-impact,
2025-1964,2025,HHS,PubMed Literature Review MCP Server,Pilot,Pilot,Vendor and in-house,Contracting and In House,Agentic AI,IT,Skyward IT Solutions,Not High-impact,
2025-1965,2025,HHS,SAM.gov RFI Comment Analysis POC,Pilot,Pilot,In-house,In-house Development,NLP,IT,,Not High-impact,
2025-1966,2025,HHS,C3PO: CMS Comprehensive Cybersecurity and Privacy Optimization,Pilot,Pilot,Vendor and in-house,Contracting and In House,Generative AI,IT,Connsci and OpenAI,Not High-impact,
2025-1967,2025,HHS,Integrated Data Repository (IDR) Customer Analytic Environment (CAE),Pilot,Pilot,Vendor and in-house,Contracting and In House,Classical ML,IT,GDIT,Not High-impact,
2025-1968,2025,HHS,IDR Support Bot,Deployed,Deployed,Vendor and in-house,Contracting and In House,Generative AI,IT,GDIT,Not High-impact,
2025-1969,2025,HHS,Eligibility & Enrollment Medicare Online (ELMO) Chatbot,Deployed,Deployed,Vendor and in-house,Contracting and In House,Generative AI,IT,"Peraton, Inc.",Not High-impact,
2025-1970,2025,HHS,Production Operations Anomaly Analysis,Pilot,Pilot,Vendor,Vendor Purchased,Classical ML,IT,,Not High-impact,
2025-1971,2025,HHS,Case Management Tool Case Creation & Automation,Pilot,Pilot,Vendor,Vendor Purchased,Agentic AI,IT,,Not High-impact,
2025-1972,2025,HHS,Complaint Analysis,Pilot,Pilot,In-house,In-house Development,NLP,Health and Medical,,Not High-impact,L1113
2025-1973,2025,HHS,Medicare Part C/D Marketing Material Review,Pre-deployment,Pre-deployment,,,NLP,Health and Medical,,Not High-impact,L0327
2025-1974,2025,HHS,AI to Improve Public Access to the Administrative Appeals Process,Pre-deployment,Pre-deployment,,,Generative AI,Service Delivery,,Not High-impact,L0335
2025-1975,2025,HHS,AI Use Policy Tool,Pre-deployment,Pre-deployment,,,Classical ML,Other,,Not High-impact,L0336
2025-1976,2025,HHS,Resources to Assist the Advisory Board In Identifying AI Tools for Use In An Adjudication Environment,Pre-deployment,Pre-deployment,,,Classical ML,Other,,Not High-impact,L0337
2025-1977,2025,HHS,LLM-Assisted VAERS Analyses,Pre-deployment,Pre-deployment,,,Generative AI,Health and Medical,,Not High-impact,L0342
2025-1978,2025,HHS,Process Large Amount of Submitted Docket Comments,Pilot,Pilot,In-house,In-house Development,NLP,IT,,Not High-impact,L0344
2025-1979,2025,HHS,HIVE AI Pilot,Pilot,Pilot,Vendor and in-house,Contracting and In House,Generative AI,Health and Medical,SAIC,Not High-impact,
2025-1980,2025,HHS,AI and Vaccine Labeling,Pre-deployment,Pre-deployment,,,NLP,Health and Medical,,Not High-impact,
2025-1981,2025,HHS,"Renamed: 356H Machine Learning (ML) Facility Supply Chain Role Classification
Previously: 356H ML Facility Supply Chain Role Classification",Deployed,Deployed,Vendor and in-house,Contracting and In House,Classical ML,Health and Medical,Deloitte,Not High-impact,
2025-1982,2025,HHS,"Renamed: Risk-based FAR Review & Decision Support
Previously: Field Alert Reports (FAR) Prioritization Model",Deployed,Deployed,Vendor and in-house,Contracting and In House,Classical ML,Health and Medical,In-house (CDER staff) and contractor teams,Not High-impact,
2025-1983,2025,HHS,Analytics-Driven Supplement Evaluation (ASE),Deployed,Deployed,Vendor and in-house,Contracting and In House,NLP,Health and Medical,In-house (CDER staff),Not High-impact,L0338
2025-1984,2025,HHS,"Renamed: FAR-based Facility Signal Detection Tool
Previously: Post-market Surveillance Reports Signal Detection and Cluster Analysis.",Deployed,Deployed,Vendor and in-house,Contracting and In House,NLP,Health and Medical,In-house (CDER staff),Not High-impact,
2025-1985,2025,HHS,MedWatch Dashboard,Deployed,Deployed,Vendor and in-house,Contracting and In House,NLP,Health and Medical,In-house (CDER staff),Not High-impact,L0339
2025-1986,2025,HHS,Quality Surveillance Dashboard (QSD),Deployed,Deployed,Vendor and in-house,Contracting and In House,NLP,Health and Medical,In-house (CDER staff),Not High-impact,L0340
2025-1987,2025,HHS,Annual Report CMC,Deployed,Deployed,Vendor and in-house,Contracting and In House,Generative AI,Health and Medical,Deloitte,Not High-impact,L0341
2025-1988,2025,HHS,"Renamed: Application References
Previously: Application-DMF Reference",Deployed,Deployed,Vendor and in-house,Contracting and In House,NLP,Health and Medical,Deloitte,Not High-impact,
2025-1989,2025,HHS,"Renamed: Extracting DMF Facilities from unstructured documents
Previously: DMF (Drug Master File) Facilities",Deployed,Deployed,Vendor and in-house,Contracting and In House,NLP,Health and Medical,Deloitte,Not High-impact,
2025-1990,2025,HHS,"Renamed: Information Visualization Platform (InfoViP) to Support Analysis of FAERS safety reports
Previously: Information Visualization Platform (InfoViP) to Support Analysis of adverse event reports",Deployed,Deployed,Vendor and in-house,Contracting and In House,NLP,Health and Medical,Contractor teams,Not High-impact,
2025-1991,2025,HHS,"Renamed: Module 3 Facilities Extraction
Previously: Module 3 Faculties",Deployed,Deployed,Vendor and in-house,Contracting and In House,Generative AI,Health and Medical,Deloitte,Not High-impact,
2025-1992,2025,HHS,Packaging Materials and Suppliers,Deployed,Deployed,Vendor and in-house,Contracting and In House,Generative AI,Health and Medical,Deloitte,Not High-impact,L0343
2025-1993,2025,HHS,Real World Data/Evidence,Deployed,Deployed,Vendor and in-house,Contracting and In House,Generative AI,Health and Medical,Deloitte,Not High-impact,L0345
2025-1994,2025,HHS,Regulatory Starting Material,Deployed,Deployed,Vendor and in-house,Contracting and In House,Generative AI,Health and Medical,Deloitte,Not High-impact,L0346
2025-1995,2025,HHS,Resource Capacity Planning,Deployed,Deployed,Vendor and in-house,Contracting and In House,Classical ML,Other,In-house (CDER staff),Not High-impact,L0347
2025-1996,2025,HHS,CDER Publications,Deployed,Deployed,Vendor and in-house,Contracting and In House,NLP,Science,NCTR,Not High-impact,
2025-1997,2025,HHS,CDER Regulatory Science Research (RSR) Projects AI for Process Control in Advanced Manufacturing,Deployed,Deployed,In-house,In-house Development,Classical ML,Science,,"Presumed High-Impact, but Not High-impact",
2025-1998,2025,HHS,Creating a development network,Deployed,Deployed,Vendor and in-house,Contracting and In House,NLP,Health and Medical,Contractor teams,Not High-impact,
2025-1999,2025,HHS,Developing an Objective and Quantitative Endpoint for Atopic Dermatitis in Pediatric and Adult Populations,Deployed,Deployed,Vendor,Vendor Purchased,Classical ML,Health and Medical,Emerald Innovations,"Presumed High-Impact, but Not High-impact",
2025-2000,2025,HHS,Drug Shortage Predictive Model,Pilot,Pilot,In-house,In-house Development,Classical ML,Health and Medical,,Not High-impact,
2025-2001,2025,HHS,Category Subcategory Classification - Safety Reports Bot,Deployed,Deployed,Vendor and in-house,Contracting and In House,Other,Health and Medical,Deloitte,Not High-impact,
2025-2002,2025,HHS,Data Extraction from IND Safety Reports using OCR/AI Technologies,Deployed,Deployed,Vendor,Vendor Purchased,NLP,IT,ThinkTrends,Not High-impact,
2025-2003,2025,HHS,AI Editing Tool,Pilot,Pilot,In-house,In-house Development,Generative AI,Admin Functions,,Not High-impact,
2025-2004,2025,HHS,Use case package 1: Empirical application of the Sentinel EHR and claims Data Partner network to address ARIA insufficient inferential requests (UC1),Deployed,Deployed,Vendor and in-house,Contracting and In House,NLP,Health and Medical,In-house (CDER staff) and contractor teams,Not High-impact,
2025-2005,2025,HHS,CI5: Development and refinement of toolkits for routine use in the EHR and claims Data Partner network,Deployed,Deployed,Vendor and in-house,Contracting and In House,NLP,Health and Medical,Contractor teams,Not High-impact,
2025-2006,2025,HHS,Use case package 2 (UC2): Empirical application of the Sentinel EHR and claims Data Partner network to enhance ARIA insufficient inferential requests and atypical descriptive requests,Deployed,Deployed,Vendor and in-house,Contracting and In House,NLP,Health and Medical,Contractor teams,Not High-impact,
2025-2007,2025,HHS,FE5: Incorporate a range of frequently used engineering features from EHRs into the Sentinel common data model in the Sentinel EHR and claims linked Data Partner network,Deployed,Deployed,Vendor and in-house,Contracting and In House,NLP,Health and Medical,Contractor teams,Not High-impact,
2025-2008,2025,HHS,Develop an empirical algorithm to automate negative control identification in Sentinel System using the “Data-driven Automated Negative Control Estimation (DANCE)” algorithm,Deployed,Deployed,Vendor and in-house,Contracting and In House,NLP,Health and Medical,Contractor teams,Not High-impact,
2025-2009,2025,HHS,"Support tools that can be used in conjunction with Electronic Health Record (EHR) data, such as machine learning and natural language processing (NLP), and the use of Artificial Intelligence (AI) chart review tools",Deployed,Deployed,Vendor and in-house,Contracting and In House,NLP,Health and Medical,Contractor teams,Not High-impact,
2025-2010,2025,HHS,Sentinel System Task Order to address an Emerging Safety Need,Deployed,Deployed,Vendor and in-house,Contracting and In House,NLP,Health and Medical,Contractor teams,Not High-impact,
2025-2011,2025,HHS,FOIA REDACTION (FRED) TOOL,Deployed,Deployed,Vendor and in-house,Contracting and In House,Generative AI,Health and Medical,Contractor teams,"Presumed High-Impact, but Not High-impact",
2025-2012,2025,HHS,AI for Regulatory Review (AIRR) Pilot,Pilot,Pilot,Vendor and in-house,Contracting and In House,Generative AI,Health and Medical,In-house (CDER staff) and contractor teams,Not High-impact,
2025-2013,2025,HHS,AI-assisted Platform for Clinical Pharmacology Review,Pre-deployment,Pre-deployment,,,Generative AI,Health and Medical,,Not High-impact,
2025-2014,2025,HHS,CoreDF,Pilot,Pilot,Vendor and in-house,Contracting and In House,Other,Science,IBM,Not High-impact,
2025-2015,2025,HHS,AI for Bioanalytical Study Risk Assessment and Inspection Readiness,Pilot,Pilot,In-house,In-house Development,Generative AI,Health and Medical,,Not High-impact,
2025-2016,2025,HHS,AI for Clinical Study Risk Assessment and Inspection Preparation,Pilot,Pilot,In-house,In-house Development,Generative AI,Health and Medical,,Not High-impact,
2025-2017,2025,HHS,AI for Assessing Bioanalytical Study Conduct Alignment with Guidance and Method SOPs,Pilot,Pilot,In-house,In-house Development,Generative AI,Health and Medical,,Not High-impact,
2025-2018,2025,HHS,SCANS Facility Role Predictor,Deployed,Deployed,In-house,In-house Development,NLP,Admin Functions,,Not High-impact,
2025-2019,2025,HHS,"Renamed: Document Room Submission AI-Assisted Categorization
Previously: Document Room Submission Auto-categorization",Pre-deployment,Pre-deployment,,,Generative AI,Health and Medical,,Not High-impact,
2025-2020,2025,HHS,"Renamed: AI-Assisted Drug Review Letter Drafting
Previously: Drug Review Letter Generation using GenAI",Pre-deployment,Pre-deployment,,,Generative AI,Health and Medical,,Not High-impact,
2025-2021,2025,HHS,"Supply Chain Resilience Program, Office of Supply Chain Resilience (OSCR) - Foresight",Deployed,Deployed,In-house,In-house Development,Classical ML,Health and Medical,,Not High-impact,
2025-2022,2025,HHS,Medical Data Enterprise Artificial Intelligence (MDE AI),Pilot,Pilot,In-house,In-house Development,Generative AI,Health and Medical,,Not High-impact,
2025-2023,2025,HHS,COMET (Consult Memo Assistant),Pre-deployment,Pre-deployment,,,Generative AI,Other,,Not High-impact,
2025-2024,2025,HHS,Food AI Decision Engine (FAIDE),Deployed,Deployed,In-house,In-house Development,Classical ML,Health and Medical,,Not High-impact,
2025-2025,2025,HHS,Warp Intelligent Learning Engine (WILEE),Deployed,Deployed,Vendor and in-house,Contracting and In House,Classical ML,Health and Medical,In-house,Not High-impact,
2025-2026,2025,HHS,Rapid Intuitive Pathogen Surveillance (RIPS),Deployed,Deployed,In-house,In-house Development,Classical ML,Health and Medical,,Not High-impact,
2025-2027,2025,HHS,AI-Powered Assistant for Pathogen Detection (AIPD),Pre-deployment,Pre-deployment,,,Generative AI,Health and Medical,,Not High-impact,
2025-2028,2025,HHS,Product Label and Text Extraction System (PLATES),Deployed,Deployed,Vendor and in-house,Contracting and In House,Classical ML,Health and Medical,"Trigent Solutions Inc, Digitrix LLC",Not High-impact,
2025-2029,2025,HHS,Data Ingestion and Content Explorer (DICE),Pilot,Pilot,Vendor and in-house,Contracting and In House,Classical ML,Health and Medical,"Trigent Solutions Inc, Digitrix LLC",Not High-impact,
2025-2030,2025,HHS,Smart Solution for Docket Management (SSDM),Pilot,Pilot,Vendor and in-house,Contracting and In House,Generative AI,Other,Deloitte,Not High-impact,
2025-2031,2025,HHS,Elsa GenAI Chat Tool,Deployed,Deployed,Vendor and in-house,Contracting and In House,Generative AI,Other,Deloitte,Not High-impact,
2025-2032,2025,HHS,AI-Assisted Systematic Review and Validation of Analytical Worksheets,Pre-deployment,Pre-deployment,,,Classical ML,Law Enforcement,,Not High-impact,
2025-2033,2025,HHS,AI-Generated Data Processing and Visualization Code Development,Pre-deployment,Pre-deployment,,,Generative AI,IT,,Not High-impact,
2025-2034,2025,HHS,AI-Enhanced FDA Regulated Commodity Consumption Pattern Analysis,Pre-deployment,Pre-deployment,,,Classical ML,Science,,Not High-impact,
2025-2035,2025,HHS,AI-Enhanced High-Dimensional Matrix Dataset Trend and Correlation Analysis,Pre-deployment,Pre-deployment,,,Classical ML,IT,,Not High-impact,
2025-2036,2025,HHS,ChatBot for Safety Reporting Portal Adverse Events and Product problems submissions,Deployed,Deployed,Vendor and in-house,Contracting and In House,NLP,Health and Medical,Druid,Not High-impact,
2025-2037,2025,HHS,Machine Learning as a Service: Translate and extract text from images using AI,Deployed,Deployed,Vendor and in-house,Contracting and In House,Classical ML,Health and Medical,Precise,Not High-impact,
2025-2038,2025,HHS,"Machine Learning as a Service: Extract data from product labels, business forms, and image files",Deployed,Deployed,Vendor and in-house,Contracting and In House,Classical ML,Health and Medical,Precise,Not High-impact,
2025-2039,2025,HHS,Filer Evaluation prioritization using risk-based decision Machine Learning approach,Deployed,Deployed,Vendor and in-house,Contracting and In House,Classical ML,IT,"Precise Software Solutions, Inc.",Not High-impact,
2025-2040,2025,HHS,Electronic translational services for regulatory documents for articles offered for import,Deployed,Deployed,Vendor and in-house,Contracting and In House,NLP,IT,Google Translate API / MLaaS / Azure,Not High-impact,
2025-2041,2025,HHS,AI-Powered Video Analytics for Law Enforcement,Deployed,Deployed,Vendor,Vendor Purchased,Computer Vision,Law Enforcement,Milestone,"Presumed High-Impact, but Not High-impact",
2025-2042,2025,HHS,Computer Vision to translate and mine Product Labeling photos to analyze labeling for potential violations,Pre-deployment,Pre-deployment,,,Computer Vision,Health and Medical,,"Presumed High-Impact, but Not High-impact",
2025-2043,2025,HHS,Intelligent Document Processing to analyze current import entry documentation for potential discrepancies,Pre-deployment,Pre-deployment,,,Generative AI,Health and Medical,,Not High-impact,
2025-2044,2025,HHS,AI Audit Resolution Assistant (AIARA),Pilot,Pilot,Vendor and in-house,Contracting and In House,Agentic AI,Other,Mindpetal,Not High-impact,L1110
2025-2045,2025,HHS,Knowledge Navigator,Pilot,Pilot,Vendor and in-house,Contracting and In House,Generative AI,IT,Publicis Sapient,Not High-impact,L0348
2025-2046,2025,HHS,Medical records summarization,Pre-deployment,Pre-deployment,,,Generative AI,IT,,Not High-impact,
2025-2047,2025,HHS,NOFO Compliance Assistant,Pre-deployment,Pre-deployment,,,Other,Admin Functions,,Not High-impact,
2025-2048,2025,HHS,PRF Program Chatbot,Deployed,Deployed,Vendor and in-house,Contracting and In House,Generative AI,Admin Functions,GDIT Inc,Not High-impact,
2025-2049,2025,HHS,Scholar Match,Pre-deployment,Pre-deployment,,,Generative AI,IT,,Not High-impact,L0349
2025-2050,2025,HHS,Scholarship Insight,Pre-deployment,Pre-deployment,,,Generative AI,IT,,Not High-impact,L0350
2025-2051,2025,HHS,Site Application Analysis,Pre-deployment,Pre-deployment,,,Generative AI,IT,,Not High-impact,L0351
2025-2052,2025,HHS,RefineAI - Enhanced Summary Statements,Pre-deployment,Pre-deployment,,,Generative AI,Other,,Not High-impact,
2025-2053,2025,HHS,FOIA Exemption-Aligned Redaction,Pre-deployment,Pre-deployment,,,Agentic AI,Admin Functions,,Not High-impact,
2025-2054,2025,HHS,HRSA Data Warehouse ChatBot,Pre-deployment,Pre-deployment,,,Generative AI,Health and Medical,,Not High-impact,
2025-2055,2025,HHS,Code Conversion for PowerBI Migration,Pre-deployment,Pre-deployment,,,Generative AI,IT,,Not High-impact,
2025-2056,2025,HHS,HRSA Fact Sheets,Pre-deployment,Pre-deployment,,,Generative AI,Admin Functions,,Not High-impact,
2025-2057,2025,HHS,Program Reporting  System Knowledge base Chatbot,Pre-deployment,Pre-deployment,,,Generative AI,Admin Functions,,Not High-impact,
2025-2058,2025,HHS,Program Reporting  System  Natural Language Search,Pre-deployment,Pre-deployment,,,NLP,Admin Functions,,Not High-impact,
2025-2059,2025,HHS,"AI identification of ""High-Risk"" Health Centers",Pre-deployment,Pre-deployment,,,Generative AI,Admin Functions,,Not High-impact,
2025-2060,2025,HHS,Targeted Technical Assistance,Pre-deployment,Pre-deployment,,,Generative AI,Health and Medical,,Not High-impact,
2025-2061,2025,HHS,Program Compliance and Reporting Knowledge Base Chatbot,Pre-deployment,Pre-deployment,,,Generative AI,Admin Functions,,Not High-impact,
2025-2062,2025,HHS,NICHD RPAB AI/ML NICHD Relevance Model,Pilot,Pilot,In-house,In-house Development,Classical ML,Admin Functions,,"Presumed High-Impact, but Not High-impact",
2025-2063,2025,HHS,Applying for Grants Chat Bot,Pre-deployment,Pre-deployment,,,Generative AI,Admin Functions,,Not High-impact,L0352
2025-2064,2025,HHS,Assisted Referral Tool (ART),Deployed,Deployed,In-house,In-house Development,NLP,Admin Functions,,Not High-impact,L1104
2025-2065,2025,HHS,Autism Spectrum Disorder (ASD) Classification Model for Children using Deep Neural Network,Retired,Retired,,,,,,Not High-impact,L0353
2025-2066,2025,HHS,Automated approaches for table extraction,Retired,Retired,,,,,,Not High-impact,L0354
2025-2067,2025,HHS,Automated Basic-Applied Categorization of extramural grants,Pre-deployment,Pre-deployment,,,Classical ML,Admin Functions,,Not High-impact,L0355
2025-2068,2025,HHS,Biomedical Citation Selector (BmCS),Deployed,Deployed,In-house,In-house Development,Classical ML,Admin Functions,,Not High-impact,L0356
2025-2069,2025,HHS,Clinical Trial Predictor,Deployed,Deployed,In-house,In-house Development,Generative AI,Admin Functions,,Not High-impact,L0357
2025-2070,2025,HHS,ClinicalTrials.gov Protocol Registration and Results System Review Assistant,Deployed,Deployed,Vendor and in-house,Contracting and In House,Classical ML,Admin Functions,,Not High-impact,L0358
2025-2071,2025,HHS,Collections Summarization Chatbot,Pre-deployment,Pre-deployment,,,NLP,Admin Functions,,Not High-impact,L0359
2025-2072,2025,HHS,CSR Public Chatbot (CPC),Deployed,Deployed,In-house,In-house Development,Generative AI,Admin Functions,,Not High-impact,L0360
2025-2073,2025,HHS,DAIT AIDS-Related Research Solution,Deployed,Deployed,Vendor and in-house,Contracting and In House,Classical ML,Admin Functions,Deloitte,Not High-impact,L0361
2025-2074,2025,HHS,Detecting Overlapping Science (DOS),Deployed,Deployed,In-house,In-house Development,NLP,Admin Functions,,Not High-impact,L0362
2025-2075,2025,HHS,Detection of Implementation Science focus within incoming grant applications,Deployed,Deployed,Vendor,Vendor Purchased,NLP,Admin Functions,Digital Science,Not High-impact,L0363
2025-2076,2025,HHS,Expansion of Generative AI (GenAI) Caption Generation for all Collections Videos,Pilot,Pilot,In-house,In-house Development,Generative AI,IT,,Not High-impact,L0364
2025-2077,2025,HHS,Federal IT Acquisition Reform Act (FITARA) Tool,Deployed,Deployed,Vendor and in-house,Contracting and In House,Classical ML,Admin Functions,Deloitte,Not High-impact,L0365
2025-2078,2025,HHS,Generative AI (GenAI) Still Image Tagging,Pre-deployment,Pre-deployment,,,Other,Admin Functions,,Not High-impact,L0366
2025-2079,2025,HHS,individual Functional Activity Composite Tool (inFACT),Retired,Retired,,,,,,Not High-impact,
2025-2080,2025,HHS,Internal Referral Module (IRM),Deployed,Deployed,Vendor and in-house,Contracting and In House,Classical ML,Admin Functions,Leidos and Highrise,"Presumed High-Impact, but Not High-impact",L1100
2025-2081,2025,HHS,JIT Automated Calculator (JAC),Deployed,Deployed,In-house,In-house Development,NLP,Admin Functions,,Not High-impact,L0367
2025-2082,2025,HHS,LLM Support for Admin Services,Retired,Retired,,,,,,Not High-impact,L0368
2025-2083,2025,HHS,Mapping Sequence Data to Research Outcomes,Pre-deployment,Pre-deployment,,,Classical ML,Admin Functions,,Not High-impact,L0369
2025-2084,2025,HHS,Medical Text Indexer-NeXt Generation (MTIX) MEDLINE Indexing,Deployed,Deployed,In-house,In-house Development,Classical ML,Admin Functions,,Not High-impact,L0370
2025-2085,2025,HHS,MicroStrategy Evaluation,Retired,Retired,,,,,,Not High-impact,L0371
2025-2086,2025,HHS,NanCI: Connecting Scientists,Pilot,Pilot,Vendor,Vendor Purchased,NLP,Admin Functions,Google; Barnacle,Not High-impact,L0372
2025-2087,2025,HHS,NBS Virtual Assistant,Deployed,Deployed,Vendor,Vendor Purchased,Generative AI,Admin Functions,H2O.GPTe,Not High-impact,L0373
2025-2088,2025,HHS,"NCI-DOE Collaboration, MOSSAIC project (Modeling Outcomes using Surveillance Data and Scalable AI for Cancer)",Deployed,Deployed,Vendor and in-house,Contracting and In House,NLP,Science,development -- Oak Ridge National Lab; maintenance -- Information Management Services (IMS),Not High-impact,L0374
2025-2089,2025,HHS,NHLBI Chat,Deployed,Deployed,In-house,In-house Development,Generative AI,Admin Functions,,Not High-impact,L0375
2025-2090,2025,HHS,NIAMS AI Chatbot Pilot,Pilot,Pilot,Vendor and in-house,Contracting and In House,Generative AI,Admin Functions,Microsoft,Not High-impact,L0376
2025-2091,2025,HHS,NICHD RPAB AI/ML Application Referral System,Deployed,Deployed,In-house,In-house Development,Classical ML,Admin Functions,,"Presumed High-Impact, but Not High-impact",L0377
2025-2092,2025,HHS,NLP Automated Referral,Deployed,Deployed,In-house,In-house Development,Classical ML,Admin Functions,,"Presumed High-Impact, but Not High-impact",L0378
2025-2093,2025,HHS,OCIO GenAI Advisor,Retired,Retired,,,,,,Not High-impact,L0379
2025-2094,2025,HHS,OIT Help Desk Chatbot,Pre-deployment,Pre-deployment,,,NLP,IT,,Not High-impact,L0380
2025-2095,2025,HHS,Person-level disambiguation for PubMed authors and NIH grant applicants,Pilot,Pilot,Vendor and in-house,Contracting and In House,Classical ML,Admin Functions,"Lexical Intelligence, LLC",Not High-impact,L0381
2025-2096,2025,HHS,Portfolio Analysis Summarization Tool (PAST),Pre-deployment,Pre-deployment,,,Generative AI,Admin Functions,,Not High-impact,L0382
2025-2097,2025,HHS,Program Classification Coding,Pre-deployment,Pre-deployment,,,Classical ML,Admin Functions,,Not High-impact,L0383
2025-2098,2025,HHS,RCDC AI Validation Tool,Retired,Retired,,,,,,Not High-impact,L0384
2025-2099,2025,HHS,Research Performance Progress Report (RPPR) Report Comparison,Pre-deployment,Pre-deployment,,,NLP,Admin Functions,,Not High-impact,L0385
2025-2100,2025,HHS,Scientific summaries tool,Pre-deployment,Pre-deployment,,,Generative AI,Admin Functions,,Not High-impact,L0386
2025-2101,2025,HHS,Similarity-based Application and Investigator Matching (SAIM),Retired,Retired,,,,,,Not High-impact,L0387
2025-2102,2025,HHS,SRDMS NLP COI,Deployed,Deployed,Vendor and in-house,Contracting and In House,NLP,Admin Functions,Deloitte,Not High-impact,L0388
2025-2103,2025,HHS,Stem Cell Auto Coder,Retired,Retired,,,,,,Not High-impact,L0389
2025-2104,2025,HHS,Study Section Clustering Tool (SSCT),Deployed,Deployed,In-house,In-house Development,NLP,Admin Functions,,Not High-impact,L0390
2025-2105,2025,HHS,Synonymy prediction in the UMLS Metathesaurus,Retired,Retired,,,,,,Not High-impact,L0391
2025-2106,2025,HHS,TB Case Browser Image Text Detection,Deployed,Deployed,Vendor and in-house,Contracting and In House,Computer Vision,Science,"Deloitte, Guidehouse, Research Data and Communication Technologies Corp.",Not High-impact,L0392
2025-2107,2025,HHS,Tool for PO Lookup Assignment (TPAL),Deployed,Deployed,In-house,In-house Development,Classical ML,Admin Functions,,Not High-impact,L0393
2025-2108,2025,HHS,Transformative Research Award Anonymization Check (TRAAC),Retired,Retired,,,,,,Not High-impact,L0394
2025-2109,2025,HHS,Machine learning pipeline for mining citations from full-text scientific articles,Retired,Retired,,,,,,Not High-impact,L0395
2025-2110,2025,HHS,Machine learning system to predict translational progress in biomedical research,Retired,Retired,,,,,,Not High-impact,L0396
2025-2111,2025,HHS,AI Software for Conference/Workshop Summaries,Retired,Retired,,,,,,Not High-impact,
2025-2112,2025,HHS,CylanceProtect,Retired,Retired,,,,,,Not High-impact,
2025-2113,2025,HHS,NIH Grants Virtual Assistant,Deployed,Deployed,Vendor,Vendor Purchased,NLP,Admin Functions,Google,Not High-impact,
2025-2114,2025,HHS,Open AI SharePoint Document Assistant,Retired,Retired,,,,,,Not High-impact,
2025-2115,2025,HHS,Splunk IT System Monitoring Software,Retired,Retired,,,,,,Not High-impact,
2025-2116,2025,HHS,Aivia,Deployed,Deployed,Vendor,Vendor Purchased,Computer Vision,Science,Leica,Not High-impact,
2025-2117,2025,HHS,Alphafold,Deployed,Deployed,Vendor,Vendor Purchased,Classical ML,Science,Google DeepMind,Not High-impact,
2025-2118,2025,HHS,Automated approaches to analyzing scientific topics,Pilot,Pilot,Vendor and in-house,Contracting and In House,NLP,Admin Functions,"Lexical Intelligence, LLC",Not High-impact,
2025-2119,2025,HHS,cryoDGRN,Deployed,Deployed,Vendor,Vendor Purchased,Computer Vision,Science,Open Source,Not High-impact,
2025-2120,2025,HHS,crYOLO,Deployed,Deployed,Vendor,Vendor Purchased,Computer Vision,Science,Open Source,Not High-impact,
2025-2121,2025,HHS,CryoSPARC,Deployed,Deployed,Vendor,Vendor Purchased,Classical ML,Science,Structura Biotechnology,Not High-impact,
2025-2122,2025,HHS,DeepEMhancer,Deployed,Deployed,Vendor,Vendor Purchased,Other,Science,Open Source,Not High-impact,
2025-2123,2025,HHS,Dual Use Research of Concern (DURC) Categorization LLM,Retired,Retired,,,,,,Not High-impact,
2025-2124,2025,HHS,FIJI,Deployed,Deployed,Vendor,Vendor Purchased,Computer Vision,Science,Open Source,Not High-impact,
2025-2125,2025,HHS,Identification of emerging areas,Pilot,Pilot,Vendor and in-house,Contracting and In House,Classical ML,Admin Functions,"Lexical Intelligence, LLC",Not High-impact,
2025-2126,2025,HHS,Imaris,Deployed,Deployed,Vendor,Vendor Purchased,Computer Vision,Science,Andor,Not High-impact,
2025-2127,2025,HHS,ModelAngelo,Deployed,Deployed,Vendor,Vendor Purchased,Classical ML,Science,Open Source,Not High-impact,
2025-2128,2025,HHS,NIGMS Azure Open AI,Deployed,Deployed,In-house,In-house Development,Generative AI,Admin Functions,,Not High-impact,
2025-2129,2025,HHS,Pangolin Lineage Classification of SARS-CoV-2 Genome Sequences,Deployed,Deployed,Vendor,Vendor Purchased,Classical ML,Science,http://cov-lineages.org;  https://pangolin.cog-uk.io/,Not High-impact,
2025-2130,2025,HHS,Prediction of protein 3D structures,Retired,Retired,,,,,,Not High-impact,
2025-2131,2025,HHS,Prediction of transformative breakthroughs,Pilot,Pilot,Vendor and in-house,Contracting and In House,Classical ML,Admin Functions,"Lexical Intelligence, LLC",Not High-impact,
2025-2132,2025,HHS,Ptolemy,Deployed,Deployed,Vendor,Vendor Purchased,Computer Vision,Science,Open Source,Not High-impact,
2025-2133,2025,HHS,Research Area Tracking Tool,Deployed,Deployed,Vendor and in-house,Contracting and In House,Classical ML,Admin Functions,,Not High-impact,
2025-2134,2025,HHS,Systematic investigation of the National Human Genome Research Institute History of Genomics and the Human Genome Project Archive,Retired,Retired,,,,,,Not High-impact,
2025-2135,2025,HHS,TB DEPOT (Tuberculosis Data Exploration Portal),Deployed,Deployed,Vendor and in-house,Contracting and In House,Classical ML,Science,"Deloitte, Guidehouse, Research Data and Communication Technologies Corp.",Not High-impact,
2025-2136,2025,HHS,TB Portals Outlier Detection Lambda Function,Deployed,Deployed,Vendor and in-house,Contracting and In House,Computer Vision,Science,"Deloitte, Guidehouse, Research Data and Communication Technologies Corp.",Not High-impact,
2025-2137,2025,HHS,Topaz,Deployed,Deployed,Vendor,Vendor Purchased,Computer Vision,Science,Open Source,Not High-impact,
2025-2138,2025,HHS,Protein Modeling with AlphaFold,Deployed,Deployed,Vendor,Vendor Purchased,Generative AI,Science,Google,Not High-impact,
2025-2139,2025,HHS,eSlate Bot,Deployed,Deployed,In-house,In-house Development,Generative AI,Admin Functions,,Not High-impact,
2025-2140,2025,HHS,SRO Handbook Bot,Pre-deployment,Pre-deployment,,,Generative AI,Admin Functions,,Not High-impact,
2025-2141,2025,HHS,Detection/Identification of Reviewer Expertise and Grant Application Content,Deployed,Deployed,In-house,In-house Development,NLP,Admin Functions,,Not High-impact,
2025-2142,2025,HHS,Detection of AI-Generated Reviewer Critiques,Pilot,Pilot,In-house,In-house Development,NLP,Science,,Not High-impact,
2025-2143,2025,HHS,MirBot,Pilot,Pilot,Vendor and in-house,Contracting and In House,NLP,Admin Functions,Technatomy Axle,Not High-impact,
2025-2144,2025,HHS,Notebooks Hub,Deployed,Deployed,Vendor and in-house,Contracting and In House,Generative AI,Admin Functions,"Axle Informatics, Microsoft, OpenAI",Not High-impact,
2025-2145,2025,HHS,Ask Aithena,Deployed,Deployed,Vendor and in-house,Contracting and In House,NLP,Science,"Axle Informatics, Microsoft, OpenAI",Not High-impact,
2025-2146,2025,HHS,Writing code using AI,Deployed,Deployed,Vendor,Vendor Purchased,NLP,IT,Palantir Technologies deployed application within Foundry,Not High-impact,
2025-2147,2025,HHS,ChIRP - A ChatGPT Model for the NIH Intramural Community,Pilot,Pilot,In-house,In-house Development,Generative AI,Science,,Not High-impact,
2025-2148,2025,HHS,Software Approval Agent,Pre-deployment,Pre-deployment,,,Agentic AI,IT,,Not High-impact,
2025-2149,2025,HHS,LibreChat,Pre-deployment,Pre-deployment,,,Generative AI,Admin Functions,,Not High-impact,
2025-2150,2025,HHS,Ethics AI Agent,Pre-deployment,Pre-deployment,,,Agentic AI,Admin Functions,,Not High-impact,
2025-2151,2025,HHS,Help Desk AI Assistant,Pre-deployment,Pre-deployment,,,Agentic AI,IT,,Not High-impact,
2025-2152,2025,HHS,Data Management and Sharing Plans - Assistant Review Tool,Deployed,Deployed,In-house,In-house Development,Generative AI,Admin Functions,,Not High-impact,
2025-2153,2025,HHS,ITAC SOP Chat,Deployed,Deployed,In-house,In-house Development,Generative AI,Admin Functions,,Not High-impact,
2025-2154,2025,HHS,BDC Website Search,Pre-deployment,Pre-deployment,,,Generative AI,Service Delivery,,Not High-impact,
2025-2155,2025,HHS,BioData  Catalyst Harmonized Data Model,Pre-deployment,Pre-deployment,,,Agentic AI,Science,,Not High-impact,
2025-2156,2025,HHS,NHLBI Chat Workflow - Data Management and Sharing Plan,Pilot,Pilot,In-house,In-house Development,Generative AI,Admin Functions,,Not High-impact,
2025-2157,2025,HHS,NHLBI Chat Workflow - Foreign Component,Pilot,Pilot,In-house,In-house Development,Generative AI,Admin Functions,,Not High-impact,
2025-2158,2025,HHS,Merops,Pilot,Pilot,Vendor,Vendor Purchased,NLP,Admin Functions,Shabash,Not High-impact,
2025-2159,2025,HHS,OSPIDA RPAB Scientific Coding Assistance Tool (CAT),Pilot,Pilot,Vendor and in-house,Contracting and In House,NLP,Admin Functions,Deloitte,Not High-impact,
2025-2160,2025,HHS,AWS Exscribo,Pilot,Pilot,Vendor and in-house,Contracting and In House,Generative AI,Admin Functions,"Deloitte, AWS",Not High-impact,
2025-2161,2025,HHS,Virtual Assistant for the NIAMS Grant Management Applications,Pre-deployment,Pre-deployment,,,Generative AI,Admin Functions,,Not High-impact,
2025-2162,2025,HHS,Grant award process efficiency,Pilot,Pilot,Vendor and in-house,Contracting and In House,Generative AI,Admin Functions,,Not High-impact,
2025-2163,2025,HHS,Coding translation,Pre-deployment,Pre-deployment,,,NLP,IT,,Not High-impact,
2025-2164,2025,HHS,Assist in research on the association between hearing loss and dementia for the NIDCD EARssentials hot topic presentation,Pre-deployment,Pre-deployment,,,Generative AI,Science,,Not High-impact,
2025-2165,2025,HHS,AI-generated podcast describing recent advances in methods for analysis of RNA-seq data,Pre-deployment,Pre-deployment,,,Generative AI,Science,,Not High-impact,
2025-2166,2025,HHS,AI-Enhanced Journal Clubs,Pre-deployment,Pre-deployment,,,Generative AI,Admin Functions,,Not High-impact,
2025-2167,2025,HHS,Grants Portfolio Analysis,Pre-deployment,Pre-deployment,,,NLP,Admin Functions,,Not High-impact,
2025-2168,2025,HHS,Identifying pain vs non-pain research,Pre-deployment,Pre-deployment,,,NLP,Science,,Not High-impact,
2025-2169,2025,HHS,HEAL Portfolio Topic Analysis,Pre-deployment,Pre-deployment,,,Classical ML,Science,,Not High-impact,
2025-2170,2025,HHS,Determining how federal pain resarch has responded to the Federal Pain Research Strategy.,Pre-deployment,Pre-deployment,,,Classical ML,Science,,Not High-impact,
2025-2171,2025,HHS,Transformer-Based Metadata Alignment Workflow,Pre-deployment,Pre-deployment,,,Generative AI,Science,,Not High-impact,
2025-2172,2025,HHS,LLM-Assisted Referral Justification Email Generator,Pre-deployment,Pre-deployment,,,Generative AI,Admin Functions,,Not High-impact,
2025-2173,2025,HHS,AI Assist,Pre-deployment,Pre-deployment,,,Generative AI,Admin Functions,,Not High-impact,
2025-2174,2025,HHS,Portfolio analysis and grant summarizing program,Pre-deployment,Pre-deployment,,,Generative AI,Admin Functions,,Not High-impact,
2025-2175,2025,HHS,RAG System For Travel Planning,Pre-deployment,Pre-deployment,,,Generative AI,Admin Functions,,Not High-impact,
2025-2176,2025,HHS,Generating Metadata for Web Archive Resources,Pre-deployment,Pre-deployment,,,Generative AI,IT,,Not High-impact,
2025-2177,2025,HHS,Incorporating External Information into Taxonomy,Pre-deployment,Pre-deployment,,,NLP,Science,,Not High-impact,
2025-2178,2025,HHS,Using Llama to summarize PubMed Central (PMC) full text articles that contain information on protein function,Pilot,Pilot,In-house,In-house Development,NLP,Science,,Not High-impact,
2025-2179,2025,HHS,Leveraging NLP and LLMs to identify and characterize NIH prevention research via 160-topic taxonomy,Pilot,Pilot,Vendor and in-house,Contracting and In House,Generative AI,Health and Medical,"Microsoft Azure, Westat",Not High-impact,
2025-2180,2025,HHS,Driving Efficiency and Expansion of Dietary Supplement Label Database Data through AI,Pre-deployment,Pre-deployment,,,Generative AI,Admin Functions,,Not High-impact,
2025-2181,2025,HHS,AI-enabled User Support and Impact Monitoring,Pre-deployment,Pre-deployment,,,Generative AI,Admin Functions,,Not High-impact,
2025-2182,2025,HHS,Section 508 Azure OpenAI Chatbot,Pilot,Pilot,Vendor and in-house,Contracting and In House,Generative AI,IT,Summome,Not High-impact,
2025-2183,2025,HHS,Enhancing the RCDC with Generative AI,Deployed,Deployed,Vendor,Vendor Purchased,Generative AI,Science,Microsoft,Not High-impact,
2025-2184,2025,HHS,NIH Travel Policy AI Chatbot,Pilot,Pilot,Vendor and in-house,Contracting and In House,Generative AI,Admin Functions,Infer Solutions,Not High-impact,
2025-2185,2025,HHS,PowerAutomate Delinquent Submissions,Deployed,Deployed,In-house,In-house Development,Other,Admin Functions,,Not High-impact,
2025-2186,2025,HHS,ABE (AI-driven. Beneficial. Efficient.),Pilot,Pilot,Vendor and in-house,Contracting and In House,Generative AI,IT,"ICF, DataSurge",Not High-impact,
2025-2187,2025,HHS,AI Harvest Service,Pilot,Pilot,Vendor,Vendor Purchased,Generative AI,IT,Tyler Technologies,Not High-impact,
2025-2188,2025,HHS,Federal Assistant AI Agent,Pre-deployment,Pre-deployment,,,Agentic AI,IT,,Not High-impact,
2025-2189,2025,HHS,ChatGPT,Pilot,Pilot,Vendor,Vendor Purchased,Generative AI,Law Enforcement,Open AI,Not High-impact,
2025-2190,2025,HHS,CoPilot Outlook,Pilot,Pilot,Vendor,Vendor Purchased,Generative AI,Law Enforcement,Westlaw,Not High-impact,
2025-2191,2025,HHS,Similar Opportunities (KNN),Deployed,Deployed,Vendor,Vendor Purchased,NLP,Service Delivery,MicroHealth,Not High-impact,
2025-2192,2025,HHS,Applicant Help Chatbot,Deployed,Deployed,Vendor,Vendor Purchased,NLP,Service Delivery,Business Performance Systems,Not High-impact,
2025-2193,2025,HHS,DECIDE,Retired,Retired,,,,,,Not High-impact,L0397
2025-2194,2025,HHS,Document drafting and editing,Retired,Retired,,,,,,Not High-impact,L0398
2025-2195,2025,HHS,Document summarization,Retired,Retired,,,,,,Not High-impact,L0399
2025-2196,2025,HHS,AWS Kendra Search tool,Deployed,Deployed,Vendor,Vendor Purchased,Classical ML,Admin Functions,AWS,Not High-impact,
2025-2197,2025,HUD,Counterparty Risk Anomaly Detection,Deployed,Deployed,Vendor and in-house,Contracting and In House,Classical ML,Other,"Deloitte Consulting, LLC",Not High-impact,L0400
2025-2198,2025,HUD,Subledger Data Quality Machine Learning,Deployed,Deployed,Vendor and in-house,Contracting and In House,Classical ML,Procurement and Finance Mgmt,Ernst & Young,Not High-impact,L0401
2025-2199,2025,HUD,"Automated Draft Narrative Reports

Previously ""Automating Draft Counterparty Credit Narrative Reports""; have since expanded to general enterprise use.",Deployed,Deployed,Vendor and in-house,Contracting and In House,NLP,Other,"Deloitte Consulting, LLC",Not High-impact,
2025-2200,2025,HUD,Amazon Textract for automatic signature identification,Pre-deployment,Pre-deployment,Vendor,Vendor Purchased,NLP,Admin Functions,Microsoft / SalesForce,Not High-impact,
2025-2201,2025,HUD,Email Assistant,Pre-deployment,Pre-deployment,,,Generative AI,Service Delivery,,Not High-impact,
2025-2202,2025,HUD,FHA Resource Center Chatbot,Pre-deployment,Pre-deployment,,,NLP,Service Delivery,,Not High-impact,
2025-2203,2025,HUD,Translation of Digital Media,Retired,Retired,,,,,,Not High-impact,L0404
2025-2204,2025,HUD,Voice of the Customer,Deployed,Deployed,Vendor,Vendor Purchased,Generative AI,Service Delivery,Medallia; Qualtrics,Not High-impact,L0402
2025-2205,2025,HUD,Quantitative Text Analysis,Retired,Retired,,,,,,Not High-impact,L0403
2025-2206,2025,HUD,CAISY - Workforce Training Conversation Simulator,Deployed,Deployed,Vendor,Vendor Purchased,Generative AI,HR,Skillsoft Percipio,Not High-impact,
2025-2207,2025,HUD,Microsoft Copilot,Pilot,Pilot,Vendor,Vendor Purchased,Generative AI,Admin Functions,Microsoft,Not High-impact,
2025-2208,2025,NARA,Generative AI Solutions for Workplace Productivity (aka Gemini),Deployed,Deployed,Vendor,Vendor Purchased,Generative AI,Other,Google,Not High-impact,
2025-2209,2025,NARA,A1 Museum AI Project,Deployed,Deployed,Vendor and in-house,Contracting and In House,Generative AI,Other,Cortina,Not High-impact,
2025-2210,2025,NARA,NARA@WORK Kendra Search,Deployed,Deployed,In-house,In-house Development,NLP,Other,,Not High-impact,
2025-2211,2025,NARA,Amelia Earhart AI Search,Deployed,Deployed,In-house,In-house Development,NLP,Other,,Not High-impact,
2025-2212,2025,NARA,AI Pilot Project to Screen and Flag for Personally Identifiable Information (PII) in Digitized Archival Records,Pilot,Pilot,In-house,In-house Development,Generative AI,Other,,Not High-impact,L0653
2025-2213,2025,NARA,AI based Semantic Search for National Archives Catalog (aka ArchiAI),Pilot,Pilot,In-house,In-house Development,NLP,Other,,Not High-impact,L1114
2025-2214,2025,NARA,Auto-fill of Descriptive Metadata for Archival Descriptions,Pre-deployment,Pre-deployment,In-house,In-house Development,Generative AI,Other,,Not High-impact,L0655
2025-2215,2025,NARA,Topic Summarizer and Entity Extraction using AI,Pre-deployment,Pre-deployment,In-house,In-house Development,Generative AI,Other,,Not High-impact,L0657
2025-2216,2025,NARA,Create an AI based knowledge articles user interface for working with CRG documents,Pre-deployment,Pre-deployment,In-house,In-house Development,NLP,Other,,Not High-impact,
2025-2217,2025,NARA,EOP 42 Search PoC using AI Based Semantic Search,Pre-deployment,Pre-deployment,Vendor and in-house,Contracting and In House,NLP,Other,Skylight,Not High-impact,
2025-2218,2025,NARA,Freedom of Information Act (FOIA) Discovery AI Pilot,Pre-deployment,Pre-deployment,In-house,In-house Development,NLP,Other,,Not High-impact,L0654
2025-2219,2025,NARA,Archives.gov AI search,Pre-deployment,Pre-deployment,In-house,In-house Development,NLP,Other,,Not High-impact,
2025-2220,2025,NARA,Develop a Natural Language Based Chat Interface (like ChatGPT) to Interact With the Archival Documents,Pre-deployment,Pre-deployment,In-house,In-house Development,Generative AI,Other,,Not High-impact,L0656
2025-2221,2025,NARA,Automated Data Discovery and Classification Pilot,Pre-deployment,Pre-deployment,In-house,In-house Development,Generative AI,Other,,Not High-impact,L0658
2025-2222,2025,NASA,Borescope Artificial Intelligence (BAI),Pre-deployment,Pre-deployment,,,Computer Vision,Other (use other text field),,Not High-impact,
2025-2223,2025,NASA,Anomaly Detection and Precursor Identification in UAV flight data,Pre-deployment,Pre-deployment,,,Classical ML,Science,,Not High-impact,
2025-2224,2025,NASA,Autoresolver/Tailored Arrival Manager,Pre-deployment,Pre-deployment,,,Agentic AI,Transportation,,Not High-impact,
2025-2225,2025,NASA,Deep Learning for Flood Mapping (DELTA),Retired,Retired,,,Computer Vision,Science,,Not High-impact,
2025-2226,2025,NASA,Distributed Spacecraft Autonomy,Pre-deployment,Pre-deployment,,,Agentic AI,Science,,Not High-impact,
2025-2227,2025,NASA,ExoMiner discovery of ExoPlanets via data from the Kepler and TESS space telescopes,Pre-deployment,Pre-deployment,,,Classical ML,Science,,Not High-impact,
2025-2228,2025,NASA,Explainable and robust deep semi-supervised model for multi-class anomaly detection in flight data,Pre-deployment,Pre-deployment,,,Classical ML,Transportation,,Not High-impact,
2025-2229,2025,NASA,Anomaly detection in aeronautics data with quantum-compatible discrete deep generative model,Pilot,Pilot,In-house,In-house Development,Classical ML,Science,,Not High-impact,
2025-2230,2025,NASA,Machine Learning Airport Surface Model: Airport Configuration Prediction,Pre-deployment,Pre-deployment,,,Classical ML,Transportation,,Not High-impact,
2025-2231,2025,NASA,Machine Learning Airport Surface Model: Arrival Runway Prediction,Pre-deployment,Pre-deployment,,,Classical ML,Transportation,,Not High-impact,
2025-2232,2025,NASA,Machine Learning Airport Surface Model: Departure Runway Prediction,Pre-deployment,Pre-deployment,,,Classical ML,Transportation,,Not High-impact,
2025-2233,2025,NASA,Machine Learning Airport Surface Model: Estimated ON Time Prediction,Pre-deployment,Pre-deployment,,,Classical ML,Science,,Not High-impact,
2025-2234,2025,NASA,Machine Learning Airport Surface Model: Taxi-in Prediction,Pre-deployment,Pre-deployment,,,Classical ML,Science,,Not High-impact,
2025-2235,2025,NASA,Machine Learning Airport Surface Model: Taxi-out Prediction,Pre-deployment,Pre-deployment,,,Classical ML,Transportation,,Not High-impact,
2025-2236,2025,NASA,NextGen Advanced Methods: ATCSCC Webinar Speech2Text and Analysis,Deployed,Deployed,Vendor and in-house,Contracting and In House,NLP,Transportation,NLP,Not High-impact,
2025-2237,2025,NASA,NextGen Data Analytics: Letters of Agreement,Deployed,Deployed,Vendor and in-house,Contracting and In House,NLP,Transportation,FAA,Not High-impact,L0405
2025-2238,2025,NASA,Unsupervised anomaly detection in flight data with deep variational autoencoders,Pre-deployment,Pre-deployment,,,Classical ML,Transportation,,Not High-impact,
2025-2239,2025,NASA,Federated Learning Using In-Space Data (FLUID ),Pre-deployment,Pre-deployment,,,Classical ML,Science,,Not High-impact,
2025-2240,2025,NASA,Mapping Digital Infrastructure (MADI),Pre-deployment,Pre-deployment,,,NLP,Science,,Not High-impact,
2025-2241,2025,NASA,Use of AI for UAV power train monitoring,Pre-deployment,Pre-deployment,,,Classical ML,Science,,Not High-impact,
2025-2242,2025,NASA,Biological and Physical Sciences (BPS) RNA Sequencing Benchmark Training Dataset,Pre-deployment,Pre-deployment,,,Classical ML,Science,,Not High-impact,
2025-2243,2025,NASA,NIR spectroscopy-based analytical tool for immediate determination of chemical signature,Pre-deployment,Pre-deployment,,,Classical ML,Science,,Not High-impact,
2025-2244,2025,NASA,Improved Differential Dynamic Microscopy (DDM) tool for characterization of soft matter,Pre-deployment,Pre-deployment,,,Computer Vision,Science,,Not High-impact,
2025-2245,2025,NASA,Troupe Rover Demonstration,Pre-deployment,Pre-deployment,,,Agentic AI,Science,,Not High-impact,
2025-2246,2025,NASA,Manager for Intelligent Knowledge Access (MIKA),Pre-deployment,Pre-deployment,,,NLP,Science,,Not High-impact,
2025-2247,2025,NASA,AdaStress,Pre-deployment,Pre-deployment,,,Classical ML,Science,,Not High-impact,
2025-2248,2025,NASA,Rover ML-based vision system,Pre-deployment,Pre-deployment,,,Computer Vision,Science,,Not High-impact,
2025-2249,2025,NASA,NASA E-Nose for the detection of disease using breath analysis,Pre-deployment,Pre-deployment,,,Classical ML,Science,,Not High-impact,
2025-2250,2025,NASA,Spaceport Throughput Analysis Resource,Pre-deployment,Pre-deployment,,,Classical ML,Science,,Not High-impact,
2025-2251,2025,NASA,NASA-GPT: Retrieval-Augmented Generation using NTRS and more,Pre-deployment,Pre-deployment,,,Generative AI,Science,,Not High-impact,
2025-2252,2025,NASA,Depth from Spectral Defocus for Lunar Regolith,Pre-deployment,Pre-deployment,,,Computer Vision,Science,,Not High-impact,
2025-2253,2025,NASA,Neural Scene Representations for Lunar Terrain Modeling,Pre-deployment,Pre-deployment,,,Computer Vision,Science,,Not High-impact,
2025-2254,2025,NASA,Data Augmentation Pipeline for Zero-Shot Sim-to-Real Transfer in Vision-Based Robot Navigation,Pre-deployment,Pre-deployment,,,Generative AI,Science,,Not High-impact,
2025-2255,2025,NASA,Safe Autonomous Taxiing with Vision-Based Navigation,Pre-deployment,Pre-deployment,,,Computer Vision,Science,,Not High-impact,
2025-2256,2025,NASA,Space Precision Health Foundation Model,Pre-deployment,Pre-deployment,,,Generative AI,Health and Medical,,Not High-impact,
2025-2257,2025,NASA,ATLAS,Pre-deployment,Pre-deployment,,,Generative AI,Science,,Not High-impact,
2025-2258,2025,NASA,Aero-Engines AI - a machine-learning app for aircraft engine system-performance prediction,Pre-deployment,Pre-deployment,,,Classical ML,Science,,Not High-impact,
2025-2259,2025,NASA,Graph Neural Networks for Airfoil Performance Prediction,Pre-deployment,Pre-deployment,,,Classical ML,Science,,Not High-impact,
2025-2260,2025,NASA,Inverse Design of Materials,Pre-deployment,Pre-deployment,,,Classical ML,Science,,Not High-impact,
2025-2261,2025,NASA,MADI - Strategic Foresight and Knowledge Management infrastructure for ARMD/TACP/CAS,Pre-deployment,Pre-deployment,,,NLP,Science,,Not High-impact,
2025-2262,2025,NASA,Pre-trained microscopy image neural network encoders,Deployed,Deployed,In-house,In-house Development,Computer Vision,Science,,Not High-impact,
2025-2263,2025,NASA,Surrogate Models for Efficient Multiscale Modeling of Composite Materials,Pre-deployment,Pre-deployment,,,Classical ML,Science,,Not High-impact,
2025-2264,2025,NASA,Design Optimization of Turbomachinery Rotor Blades using Neural Network Surrogate Models,Pilot,Pilot,In-house,In-house Development,Classical ML,Science,,Not High-impact,
2025-2265,2025,NASA,Applying machine learning techniques to enhance the sensitivity and selectivity of multifunctional sensor platform,Pre-deployment,Pre-deployment,,,Classical ML,Science,,Not High-impact,
2025-2266,2025,NASA,Artificial Intelligent Co-Processor Slice with Google Coral TPU For Automated Onboard Data-Product Generation,Pre-deployment,Pre-deployment,,,Classical ML,Science,,Not High-impact,
2025-2267,2025,NASA,cFS High Performance Computing Framework (cFS HPCF),Pre-deployment,Pre-deployment,,,Other,Science,,Not High-impact,
2025-2268,2025,NASA,Creating U-Net + LSTM Hybrid Architecture for Image Series Analysis,Pre-deployment,Pre-deployment,,,Computer Vision,Science,,Not High-impact,
2025-2269,2025,NASA,Deep Learning for Communication-Limited Spacecraft,Pre-deployment,Pre-deployment,,,Classical ML,Science,,Not High-impact,
2025-2270,2025,NASA,Development of new tools for detecting and assessing resilient agriculural systems farm performance,Pre-deployment,Pre-deployment,,,Classical ML,Science,,Not High-impact,
2025-2271,2025,NASA,Earth Information System Fire Pilot,Pre-deployment,Pre-deployment,,,Classical ML,Science,,Not High-impact,
2025-2272,2025,NASA,Enabling Autonomous Differential Drag Control and Attitude Maneuvering Using Onboard Artificial Intelligence (AI) for SmallSat Distributed Space Missions (DSMs),Pre-deployment,Pre-deployment,,,Classical ML,Science,,Not High-impact,
2025-2273,2025,NASA,Forest responses to climate change,Pre-deployment,Pre-deployment,,,Classical ML,Science,,Not High-impact,
2025-2274,2025,NASA,From Single Spacecraft to Synchronized Swarms: Fault Diagnosis for Distributed Spacecraft Mission Resilience,Pre-deployment,Pre-deployment,,,Classical ML,Science,,Not High-impact,
2025-2275,2025,NASA,HEASARC X-ray Spectra and Light Curve data sets,Pre-deployment,Pre-deployment,,,Classical ML,Science,,Not High-impact,
2025-2276,2025,NASA,High Rate Digital Spectrometer Enhancement with Neural Network AI,Pre-deployment,Pre-deployment,,,Classical ML,Science,,Not High-impact,
2025-2277,2025,NASA,High Resolution Earth and Planetary Atmospheric Predictions using Machine Learning,Pre-deployment,Pre-deployment,,,Classical ML,Science,,Not High-impact,
2025-2278,2025,NASA,HyperMapping with Hyperspectral Precise Pointing Optical Sensor (HYPPOS) for Decadal Survey Mission Pathfinder Activities,Pre-deployment,Pre-deployment,,,Classical ML,Science,,Not High-impact,
2025-2279,2025,NASA,Knowledge Capture: helionauts.org,Pre-deployment,Pre-deployment,,,NLP,Science,,Not High-impact,
2025-2280,2025,NASA,M4OPT: Multi-Mission Multi-Messenger Observation Planning Toolkit,Pre-deployment,Pre-deployment,,,Classical ML,Science,,Not High-impact,
2025-2281,2025,NASA,Machine Intelligence for Small Satellites,Pre-deployment,Pre-deployment,,,Classical ML,Science,,Not High-impact,
2025-2282,2025,NASA,Machine Learning of Ocean Worlds Laboratory Analog Seawater Volatiles,Pre-deployment,Pre-deployment,,,Classical ML,Science,,Not High-impact,
2025-2283,2025,NASA,MERRAMax Automated feature selection,Pre-deployment,Pre-deployment,,,Classical ML,Science,,Not High-impact,
2025-2284,2025,NASA,Multi-temporal analytic center framework,Pre-deployment,Pre-deployment,,,Classical ML,Science,,Not High-impact,
2025-2285,2025,NASA,"Optimization of Machine Learning Algorithms for Lidar to Detect Aerosols, Clouds, and the PBL (Planetary Boundary Layer)",Pre-deployment,Pre-deployment,,,Classical ML,Science,,Not High-impact,
2025-2286,2025,NASA,"Parameter estimation, emulator building, model tuning and sensitivity analysis of the ocean carbon cycle using  ML",Pre-deployment,Pre-deployment,,,Classical ML,Science,,Not High-impact,
2025-2287,2025,NASA,PIC-ASIC Spectrometer Demonstration for Ultrawideband and Hyperspectral Microwave Sounding,Pre-deployment,Pre-deployment,,,Classical ML,Science,,Not High-impact,
2025-2288,2025,NASA,Portable flow inferencing device using Fourier Ptychography and Deep Learning for detection of biosignatures,Pre-deployment,Pre-deployment,,,Computer Vision,Science,,Not High-impact,
2025-2289,2025,NASA,RAMjET: RApid Machine lEarned Triage - AI to classify astrophysical phenomena in photometric lightcurves,Pre-deployment,Pre-deployment,,,Classical ML,Science,,Not High-impact,
2025-2290,2025,NASA,Reconstruction of cloud vertical structure,Pre-deployment,Pre-deployment,,,Generative AI,Science,,Not High-impact,
2025-2291,2025,NASA,Research in Aritificial Intelligence for Spacecraft Resilience (RAISR),Pre-deployment,Pre-deployment,,,Classical ML,Science,,Not High-impact,
2025-2292,2025,NASA,Science Translation with AI,Pre-deployment,Pre-deployment,,,NLP,Science,,Not High-impact,
2025-2293,2025,NASA,Semi-Automatic Landslide Detection (SALaD),Pre-deployment,Pre-deployment,,,Classical ML,Science,,Not High-impact,
2025-2294,2025,NASA,SpectraClass: Semi-supervised learning in a Jupyter Notebook,Pre-deployment,Pre-deployment,,,Classical ML,Science,,Not High-impact,
2025-2295,2025,NASA,"SWaP-efficient, fast-wavelength-steering and time-division-multiplexing lidar technology capable of multi-beam ranging and concurrent hyper-spectral imaging",Pre-deployment,Pre-deployment,,,Classical ML,Science,,Not High-impact,
2025-2296,2025,NASA,Toward Resilient Spacecraft: Artificially Intelligent Reasoning for Diagnosing Safe Modes,Pre-deployment,Pre-deployment,,,Classical ML,Science,,Not High-impact,
2025-2297,2025,NASA,Towards Scientific Autonomy:  Applying Machine Learning to MOMA Science Data,Pre-deployment,Pre-deployment,,,Classical ML,Science,,Not High-impact,
2025-2298,2025,NASA,Training Data for Streamflow Estimation,Pre-deployment,Pre-deployment,,,Classical ML,Science,,Not High-impact,
2025-2299,2025,NASA,Unification of laboratory and observational data via learning algorithms for robust models of ice microphysics,Pre-deployment,Pre-deployment,,,Classical ML,Science,,Not High-impact,
2025-2300,2025,NASA,Using Machine Learning to Detect and Build Calibrated CME Datasets,Pre-deployment,Pre-deployment,,,Computer Vision,Science,,Not High-impact,
2025-2301,2025,NASA,Vlasov Informed Super Resolution (VISR),Pre-deployment,Pre-deployment,,,Classical ML,Science,,Not High-impact,
2025-2302,2025,NASA,Nighttime Combustion Detection from NASA’s Black Marble,Pre-deployment,Pre-deployment,,,Classical ML,Science,,Not High-impact,
2025-2303,2025,NASA,The On-board Artificial Intelligence Research (OnAIR) Platform,Pre-deployment,Pre-deployment,,,Classical ML,Science,,Not High-impact,
2025-2304,2025,NASA,ChatGSFC,Pilot,Pilot,Vendor and in-house,Contracting and In House,Generative AI,Science,Element 84,Not High-impact,
2025-2305,2025,NASA,XR Enabling Technologies for Hardware Integration & Test Process Improvement,Pre-deployment,Pre-deployment,,,NLP,Science,,Not High-impact,
2025-2306,2025,NASA,DSM Autonomy: Capability Integration/Demonstration and Mission Resilience,Pre-deployment,Pre-deployment,,,Agentic AI,Science,,Not High-impact,
2025-2307,2025,NASA,Implementing Intelligent Extensible Mission Architectures (IEMA),Pre-deployment,Pre-deployment,,,Other,Science,,Not High-impact,
2025-2308,2025,NASA,A diagnostic package to facilitate and enhance chemical mechanism implementations within regional and global atmospheric chemistry models,Pre-deployment,Pre-deployment,,,Classical ML,Science,,Not High-impact,
2025-2309,2025,NASA,A machine learning tool to assist the validation of HPLC analysis of phytoplankton pigments at NASA GSFC,Pre-deployment,Pre-deployment,,,Classical ML,Science,,Not High-impact,
2025-2310,2025,NASA,A Neural Network Retrieval for Aerosol Optical Depth,Pre-deployment,Pre-deployment,,,Classical ML,Science,,Not High-impact,
2025-2311,2025,NASA,Adding Blowing Snow Diagnosis to the GEOS Capability for Improved Surface Mass Balance and Weather Applications,Pre-deployment,Pre-deployment,,,Classical ML,Science,,Not High-impact,
2025-2312,2025,NASA,Aerosol and Cloud Detection Using Machine Learning Algorithms and Space-Based Lidar Data,Pre-deployment,Pre-deployment,,,Classical ML,Science,,Not High-impact,
2025-2313,2025,NASA,AI Foundation Model for Weather and Climate,Pre-deployment,Pre-deployment,,,Classical ML,Science,,Not High-impact,
2025-2314,2025,NASA,AI Prediction Algorithms for Autonomous Science and Operations,Pre-deployment,Pre-deployment,,,Classical ML,Science,,Not High-impact,
2025-2315,2025,NASA,Algorithm developments for synergistic use of water quality products from multispectral and hyperspectral satellite observations,Pre-deployment,Pre-deployment,,,Classical ML,Science,,Not High-impact,
2025-2316,2025,NASA,An Urban Information System to Assess Neighborhood Climate Risk and Daily Exposures in Cities,Pre-deployment,Pre-deployment,,,Classical ML,Science,,Not High-impact,
2025-2317,2025,NASA,Analysis of GES DISC datasets through NLP and TF-IDF techniques analyzing publications,Pre-deployment,Pre-deployment,,,Classical ML,Science,,Not High-impact,
2025-2318,2025,NASA,Applying machine learning in improving parameters in the global river routing model,Pre-deployment,Pre-deployment,,,Classical ML,Science,,Not High-impact,
2025-2319,2025,NASA,Applying Machine Learning to Earth Ozone Retrieval: Improving Scattering Calculations and Correcting Systematic Errors,Pre-deployment,Pre-deployment,,,Classical ML,Science,,Not High-impact,
2025-2320,2025,NASA,Automated Quality Control Scheme for GPM Satellite Precipitation Products,Pre-deployment,Pre-deployment,,,Classical ML,Science,,Not High-impact,
2025-2321,2025,NASA,Automated segmentation of chemical and mineralogical maps,Pre-deployment,Pre-deployment,,,Classical ML,Science,,Not High-impact,
2025-2322,2025,NASA,Autonomous Network Security,Pre-deployment,Pre-deployment,,,Classical ML,Cybersecurity,,Not High-impact,
2025-2323,2025,NASA,Autonomous Obstacle Avoidance of Mobile Robots using Reinforcement Learning,Pre-deployment,Pre-deployment,,,Classical ML,Science,,Not High-impact,
2025-2324,2025,NASA,Autonomus Path Planning of Robot Manipulators using Reinforcement Learning,Pre-deployment,Pre-deployment,,,Classical ML,Science,,Not High-impact,
2025-2325,2025,NASA,Background matrix Generation with Stable Diffusion,Pre-deployment,Pre-deployment,,,Generative AI,Science,,Not High-impact,
2025-2326,2025,NASA,Bias correction of fluorescence retrievals with neural networks,Pre-deployment,Pre-deployment,,,Classical ML,Science,,Not High-impact,
2025-2327,2025,NASA,Bias correction of GEOS S2S forecast using machine learning,Pre-deployment,Pre-deployment,,,Classical ML,Science,,Not High-impact,
2025-2328,2025,NASA,Bias correction to GOES-R PM2.5 for US EPA AirNow system,Pre-deployment,Pre-deployment,,,Classical ML,Science,,Not High-impact,
2025-2329,2025,NASA,Bidirectional water leaving signal extraction and correction using neural networks,Pre-deployment,Pre-deployment,,,Classical ML,Science,,Not High-impact,
2025-2330,2025,NASA,Boosting Inversion Research and Data Processing at GSFC with AI,Pre-deployment,Pre-deployment,,,Classical ML,Science,,Not High-impact,
2025-2331,2025,NASA,Building On Fundamentals:  Reducing Power and Improving Performance With Intelligent Radiometers,Pre-deployment,Pre-deployment,,,Classical ML,Science,,Not High-impact,
2025-2332,2025,NASA,CALET Cosmic Ray Data Analysis,Pre-deployment,Pre-deployment,,,Classical ML,Science,,Not High-impact,
2025-2333,2025,NASA,Code Assistant Pilot Study,Pre-deployment,Pre-deployment,,,Classical ML,Science,,Not High-impact,
2025-2334,2025,NASA,Dataset Recommender,Pre-deployment,Pre-deployment,,,Classical ML,Science,,Not High-impact,
2025-2335,2025,NASA,Deep learning for Environmental and Ecological Prediction-eValuation and Insight with Ensembles of Water quality (DEEP-VIEW),Pre-deployment,Pre-deployment,,,Classical ML,Science,,Not High-impact,
2025-2336,2025,NASA,Demonstrate High-Level Space Mission Requirement Flowdown to Software Requirements Using Generative Artificial Intelligence (AI),Pre-deployment,Pre-deployment,,,Classical ML,Science,,Not High-impact,
2025-2337,2025,NASA,Determining Cloud Particle Types Using Backscatter Lidar Data and a Clustering Approach,Pre-deployment,Pre-deployment,,,Classical ML,Science,,Not High-impact,
2025-2338,2025,NASA,Development of a machine learning emulator for CAM-CMAQ to improve wildfire smoke forecasts,Pre-deployment,Pre-deployment,,,Classical ML,Science,,Not High-impact,
2025-2339,2025,NASA,Development of digital twin technologies for climate prediction,Pre-deployment,Pre-deployment,,,Classical ML,Science,,Not High-impact,
2025-2340,2025,NASA,"Development of real-time high-resolution air quality maps through combination of model output, satellite data, and ancillary Google datasets",Pre-deployment,Pre-deployment,,,Classical ML,Science,,Not High-impact,
2025-2341,2025,NASA,Dynamic Time Interpolation using Spherical Harmonic Neural Operator Models,Pre-deployment,Pre-deployment,,,Classical ML,Science,,Not High-impact,
2025-2342,2025,NASA,"ECCOH & ""Quick Chemistry"" for Atmospheric Composition and Climate Studies",Pre-deployment,Pre-deployment,,,Classical ML,Science,,Not High-impact,
2025-2343,2025,NASA,ESDIS VisML,Pre-deployment,Pre-deployment,,,Classical ML,Science,,Not High-impact,
2025-2344,2025,NASA,Estimate global satellite AOD from visible to ultra-violet,Pre-deployment,Pre-deployment,,,Classical ML,Science,,Not High-impact,
2025-2345,2025,NASA,Fast neural network emulator for vector radiative transfer simulations,Pre-deployment,Pre-deployment,,,Classical ML,Science,,Not High-impact,
2025-2346,2025,NASA,Fast radiative transfer emulation for GHG retrievals,Pre-deployment,Pre-deployment,,,Classical ML,Science,,Not High-impact,
2025-2347,2025,NASA,Fast Retrieval Emulators for Instrumenting Climate Models,Pre-deployment,Pre-deployment,,,Classical ML,Science,,Not High-impact,
2025-2348,2025,NASA,FluxSat Gross Primary Production - global upscaling of eddy covariance with machine learning,Pre-deployment,Pre-deployment,,,Classical ML,Science,,Not High-impact,
2025-2349,2025,NASA,GAIT: Generative AI Teleoperations for Robotics,Pre-deployment,Pre-deployment,,,Classical ML,Science,,Not High-impact,
2025-2350,2025,NASA,Generalized photometric neural network framework,Pre-deployment,Pre-deployment,,,Classical ML,Science,,Not High-impact,
2025-2351,2025,NASA,Generalized time-series anomaly detection for rapid data survey of in-situ observations,Pre-deployment,Pre-deployment,,,Classical ML,Science,,Not High-impact,
2025-2352,2025,NASA,Generating localized air quality forecasts for US embassies using ML and GEOS-FP,Pre-deployment,Pre-deployment,,,Classical ML,Science,,Not High-impact,
2025-2353,2025,NASA,Giovanni GPT,Pre-deployment,Pre-deployment,,,Generative AI,Science,,Not High-impact,
2025-2354,2025,NASA,Ground Safety AI,Pre-deployment,Pre-deployment,,,Classical ML,Science,,Not High-impact,
2025-2355,2025,NASA,Hybrid Model to emulate GEOS physics,Pre-deployment,Pre-deployment,,,Classical ML,Science,,Not High-impact,
2025-2356,2025,NASA,Identification of dust from MODIS/VIIRS sensors using ML,Pre-deployment,Pre-deployment,,,Classical ML,Science,,Not High-impact,
2025-2357,2025,NASA,Improving greenhouse gas retrievals using a PCA-NN technique,Pre-deployment,Pre-deployment,,,Classical ML,Science,,Not High-impact,
2025-2358,2025,NASA,Improving quality of SO2 retrievals using a machine learning based analysis technique,Pre-deployment,Pre-deployment,,,Classical ML,Science,,Not High-impact,
2025-2359,2025,NASA,Improving uncertainty characterization for PACE polarimeters,Pre-deployment,Pre-deployment,,,Classical ML,Science,,Not High-impact,
2025-2360,2025,NASA,Integrating Research in Artificial Intelligence for Spacecraft Resilience (RAISR) into a FlatSat Hardware System,Pre-deployment,Pre-deployment,,,Classical ML,Science,,Not High-impact,
2025-2361,2025,NASA,Investigating the vanishing martian induced magnetosphere boundary using a Machine Learning approach,Pre-deployment,Pre-deployment,,,Classical ML,Science,,Not High-impact,
2025-2362,2025,NASA,Localized air quality forecasts for cities in Africa and South America,Pre-deployment,Pre-deployment,,,Classical ML,Science,,Not High-impact,
2025-2363,2025,NASA,Machine Learning for Space Mission Applications,Pre-deployment,Pre-deployment,,,Classical ML,Science,,Not High-impact,
2025-2364,2025,NASA,Machine Learning volcanic SO2 height retrievals,Pre-deployment,Pre-deployment,,,Classical ML,Science,,Not High-impact,
2025-2365,2025,NASA,Machine-enabled modeling of terminus ablation for Greenland's outlet glaciers,Pre-deployment,Pre-deployment,,,Classical ML,Science,,Not High-impact,
2025-2366,2025,NASA,Machine-Learning based Auroral Ionospheric electrodynamics Model (ML-AIM),Pre-deployment,Pre-deployment,,,Classical ML,Science,,Not High-impact,
2025-2367,2025,NASA,Machine-learning based radiative transfer model and LWP/IWP,Pre-deployment,Pre-deployment,,,Classical ML,Science,,Not High-impact,
2025-2368,2025,NASA,MAGSTAR: Magnetometer Interference Mitigation with Statistical Decomposition and Artificial Intelligence,Pre-deployment,Pre-deployment,,,Classical ML,Science,,Not High-impact,
2025-2369,2025,NASA,Making a long-term data record of opportunistic experiments with deep learning,Pre-deployment,Pre-deployment,,,Classical ML,Science,,Not High-impact,
2025-2370,2025,NASA,"MATISSE: MAchine inTelligence for Small SatellitEs - application of AI to permit autonomic science triage for small, power starved satellites",Pre-deployment,Pre-deployment,,,Classical ML,Science,,Not High-impact,
2025-2371,2025,NASA,MAVEN observation of Kelvin-Helmholtz Vortices using Statistical and Machine Learning Techniques,Pre-deployment,Pre-deployment,,,Classical ML,Science,,Not High-impact,
2025-2372,2025,NASA,Message Anomaly Detection for Command and Telemetry Systems (MADCAT),Pre-deployment,Pre-deployment,,,Classical ML,Science,,Not High-impact,
2025-2373,2025,NASA,Modeling NICER background,Pre-deployment,Pre-deployment,,,Classical ML,Science,,Not High-impact,
2025-2374,2025,NASA,NAMASTE,Pre-deployment,Pre-deployment,,,Classical ML,Science,,Not High-impact,
2025-2375,2025,NASA,NASA Evolutionary Programming Analytic Center (NEPAC),Pre-deployment,Pre-deployment,,,Classical ML,Science,,Not High-impact,
2025-2376,2025,NASA,National Forest Mapping Old Growth Forest,Pre-deployment,Pre-deployment,,,Classical ML,Science,,Not High-impact,
2025-2377,2025,NASA,Natural Language Processing and Topic Modeling of the 25-Year General Coordinates Network (GCN) Circulars Archive,Pre-deployment,Pre-deployment,,,NLP,Science,,Not High-impact,
2025-2378,2025,NASA,Navajo Nation Feature Mapping,Pre-deployment,Pre-deployment,,,Classical ML,Science,,Not High-impact,
2025-2379,2025,NASA,Neural Network based observation operator to bias correct SMAP brightness temperatures for assimilation,Pre-deployment,Pre-deployment,,,Classical ML,Science,,Not High-impact,
2025-2380,2025,NASA,Neutron star synthetic wave form generation,Pre-deployment,Pre-deployment,,,Classical ML,Science,,Not High-impact,
2025-2381,2025,NASA,Next generation cloud and aerosol parameterizations for atmospheric models,Pre-deployment,Pre-deployment,,,Classical ML,Science,,Not High-impact,
2025-2382,2025,NASA,Nitrogen dioxide retrieval using hyper-spectral imagers,Pre-deployment,Pre-deployment,,,Classical ML,Science,,Not High-impact,
2025-2383,2025,NASA,Physics of neural network power-law scaling,Pre-deployment,Pre-deployment,,,Classical ML,Science,,Not High-impact,
2025-2384,2025,NASA,Planetary Trajectory Design Using Generative AI Tools,Pre-deployment,Pre-deployment,,,Classical ML,Science,,Not High-impact,
2025-2385,2025,NASA,Planted Area mapping in food insecure conflict zones,Pre-deployment,Pre-deployment,,,Classical ML,Science,,Not High-impact,
2025-2386,2025,NASA,PM2.5 Estimation using MERRA2 and Advanced machine learning model over US,Pre-deployment,Pre-deployment,,,Classical ML,Science,,Not High-impact,
2025-2387,2025,NASA,PM2.5 Product development using AERONET data,Pre-deployment,Pre-deployment,,,Classical ML,Science,,Not High-impact,
2025-2388,2025,NASA,Prediction of Spaceflight Mass Spectrometry Chemical Information with Neural Networks,Pre-deployment,Pre-deployment,,,Classical ML,Science,,Not High-impact,
2025-2389,2025,NASA,Prediction of whitecaps,Pre-deployment,Pre-deployment,,,Classical ML,Science,,Not High-impact,
2025-2390,2025,NASA,Quantifying Uncertainty and Constraining Parameterizations of Clouds in Earth System Models using NASA Observations,Pre-deployment,Pre-deployment,,,Classical ML,Science,,Not High-impact,
2025-2391,2025,NASA,Rangelands Water Monitoring and Forecasting System,Pre-deployment,Pre-deployment,,,Classical ML,Science,,Not High-impact,
2025-2392,2025,NASA,Reconstruction of VIIRS Level1 geolocation data,Pre-deployment,Pre-deployment,,,Classical ML,Science,,Not High-impact,
2025-2393,2025,NASA,Reproducing surface irradiance and penetration depth retrievals using machine learning,Pre-deployment,Pre-deployment,,,Classical ML,Science,,Not High-impact,
2025-2394,2025,NASA,RST I&T Science Data Telemetry Query,Pre-deployment,Pre-deployment,,,Classical ML,Science,,Not High-impact,
2025-2395,2025,NASA,RST Image Anomaly Detection,Pre-deployment,Pre-deployment,,,Classical ML,Science,,Not High-impact,
2025-2396,2025,NASA,SatVision: Precursor for a foundation model developed using MODIS surface reflectance data,Pre-deployment,Pre-deployment,,,Classical ML,Science,,Not High-impact,
2025-2397,2025,NASA,Science Autonomy Applications for ExoMars/MOMA,Pre-deployment,Pre-deployment,,,Classical ML,Science,,Not High-impact,
2025-2398,2025,NASA,Science Keyword Link Prediction,Pre-deployment,Pre-deployment,,,Classical ML,Science,,Not High-impact,
2025-2399,2025,NASA,Self-supervised learning for modeling gamma-ray variability in blazars,Pre-deployment,Pre-deployment,,,Classical ML,Science,,Not High-impact,
2025-2400,2025,NASA,Smart NINT,Pre-deployment,Pre-deployment,,,Classical ML,Science,,Not High-impact,
2025-2401,2025,NASA,Software Issue Classification with LLM,Pre-deployment,Pre-deployment,,,NLP,IT,,Not High-impact,
2025-2402,2025,NASA,SpRInT to Advance the SOA of Intelligent Space Systems,Pre-deployment,Pre-deployment,,,Classical ML,Science,,Not High-impact,
2025-2403,2025,NASA,Super Resolution to enhance climate reanalysis data,Pre-deployment,Pre-deployment,,,Computer Vision,Science,,Not High-impact,
2025-2404,2025,NASA,Super-Resolution for Nighttime Lights,Pre-deployment,Pre-deployment,,,Computer Vision,Science,,Not High-impact,
2025-2405,2025,NASA,Terrain Modeling and Landmark Navigation with Radiance Fields,Pre-deployment,Pre-deployment,,,Classical ML,Science,,Not High-impact,
2025-2406,2025,NASA,Terrestrial Environmental Rapid-Replicating and Assimilation Hydrometeorological (TERRAHydro) System,Pre-deployment,Pre-deployment,,,Classical ML,Science,,Not High-impact,
2025-2407,2025,NASA,Text to Spacecraft,Pre-deployment,Pre-deployment,,,Classical ML,Science,,Not High-impact,
2025-2408,2025,NASA,The evaluation of clouds in R21C data via a ML-based MODIS simulator,Pre-deployment,Pre-deployment,,,Classical ML,Science,,Not High-impact,
2025-2409,2025,NASA,Toward ice sheet surface data assimilation: Employing satellite observations and machine learning to improve model representation of ice sheet surface melt,Pre-deployment,Pre-deployment,,,Classical ML,Science,,Not High-impact,
2025-2410,2025,NASA,Towards an Integrated Observation System for OH: A Case Study in the Tropics,Pre-deployment,Pre-deployment,,,Computer Vision,Science,,Not High-impact,
2025-2411,2025,NASA,Towards Learning-based Visual Perception with GAVIN: the Goddard AI Verification and INtegration Tool Suite,Pre-deployment,Pre-deployment,,,Computer Vision,Science,,Not High-impact,
2025-2412,2025,NASA,Module for Event Driven Operations on Spacecraft (MEDOS),Pre-deployment,Pre-deployment,,,Agentic AI,Science,,Not High-impact,
2025-2413,2025,NASA,"Remote Coordination, Actuation, and Planning (ReCAP) Cooperative MultiAgent Architecture",Pre-deployment,Pre-deployment,,,Agentic AI,Science,,Not High-impact,
2025-2414,2025,NASA,The AQcGAN Air Quality Emulator for GEOS,Pre-deployment,Pre-deployment,,,Classical ML,Science,,Not High-impact,
2025-2415,2025,NASA,The AIMFAHR Project,Pre-deployment,Pre-deployment,,,Classical ML,Science,,Not High-impact,
2025-2416,2025,NASA,Qualitative Evaluation of Foundation Models (QEFM),Pre-deployment,Pre-deployment,,,Classical ML,Science,,Not High-impact,
2025-2417,2025,NASA,"System for Uncertainty, Risk, and Feature Assessment of Surfaces (SURFAS) Holistic Scene Analysis",Pre-deployment,Pre-deployment,,,Agentic AI,Science,,Not High-impact,
2025-2418,2025,NASA,Explainable Machine Learning Methods for Ocean Worlds Mass Spectrometry Data: Biosignatures and Environmental Characterization,Pre-deployment,Pre-deployment,,,Classical ML,Science,,Not High-impact,
2025-2419,2025,NASA,Transiting Exoplanet Survey Satellite (TESS) Neural Network (NN),Pre-deployment,Pre-deployment,,,Computer Vision,Science,,Not High-impact,
2025-2420,2025,NASA,RAG Chatbots: Enhancing User and Internal Support Through Dual Knowledge Systems,Pre-deployment,Pre-deployment,,,Generative AI,Science,,Not High-impact,
2025-2421,2025,NASA,Machine Learning Techniques for Fast Radiative Transfer,Pre-deployment,Pre-deployment,,,Classical ML,Science,,Not High-impact,
2025-2422,2025,NASA,Using ChatGSFC to Streamline Analysis and Reporting,Pre-deployment,Pre-deployment,,,Agentic AI,Science,,Not High-impact,
2025-2423,2025,NASA,Ground-based Detection of Martian Dust Devils With a Fine-tuned Fast R-CNN,Pre-deployment,Pre-deployment,,,Computer Vision,Science,,Not High-impact,
2025-2424,2025,NASA,A Detection and Reporting System for Spacecraft Threats,Pre-deployment,Pre-deployment,,,Classical ML,Science,,Not High-impact,
2025-2425,2025,NASA,Neural Posterior Estimation for X-ray reflection spectroscopy: Training on complex physical models and AGN Observation-Driven Parameter Grids.,Pre-deployment,Pre-deployment,,,Classical ML,Science,,Not High-impact,
2025-2426,2025,NASA,Revolutionizing Neutron Star Parameter Inference through Machine Learning,Pre-deployment,Pre-deployment,,,Classical ML,Science,,Not High-impact,
2025-2427,2025,NASA,Curiosities of a Systems Engineer,Pre-deployment,Pre-deployment,,,Classical ML,Science,,Not High-impact,
2025-2428,2025,NASA,Continuing Adventures in the Discovery of Multiple Star Systems with AI/ML,Pre-deployment,Pre-deployment,,,Classical ML,Science,,Not High-impact,
2025-2429,2025,NASA,Autonomous Science and Technology for Responsive Adaptation (ASTRA),Pre-deployment,Pre-deployment,,,Classical ML,Science,,Not High-impact,
2025-2430,2025,NASA,Multimodal Earth Observation Workflow for Machine Learning (MEOW-ML):  A Case Study in Canopy Height Model and Canopy Height Change Prediction,Pre-deployment,Pre-deployment,,,Classical ML,Science,,Not High-impact,
2025-2431,2025,NASA,Sub-Saharan West Africa  Land Cover Change,Pre-deployment,Pre-deployment,,,Classical ML,Science,,Not High-impact,
2025-2432,2025,NASA,Near-real-time aerosol retrievals from OMPS Limb Profiler measurements,Deployed,Deployed,In-house,In-house Development,Classical ML,Science,,Not High-impact,
2025-2433,2025,NASA,Retrieving stratospheric water vapor from OMPS Limb Profiler measurements,Deployed,Deployed,In-house,In-house Development,Classical ML,Science,,Not High-impact,
2025-2434,2025,NASA,Retrieving stratospheric NO2 profiles from OMPS Limb Profiler measurements,Pilot,Pilot,In-house,In-house Development,Classical ML,Science,,Not High-impact,
2025-2435,2025,NASA,Automated identification of volcanic plumes,Pre-deployment,Pre-deployment,,,Classical ML,Science,,Not High-impact,
2025-2436,2025,NASA,Correcting NASA NPOL weather radar beam blockage using machine learning approaches,Pre-deployment,Pre-deployment,,,Classical ML,Science,,Not High-impact,
2025-2437,2025,NASA,Application of ML to Detection of Anomalies in Spacecraft Health and Status Data,Deployed,Deployed,In-house,In-house Development,Classical ML,Science,,Not High-impact,
2025-2438,2025,NASA,AI: Logic Design and Verification,Pre-deployment,Pre-deployment,,,Reinforcement Learning,Science,,Not High-impact,
2025-2439,2025,NASA,SOLARIS-AI: Analyze Planetary Modulation in Solar Activity Cycles (Prediction of solar storms possible?),Pre-deployment,Pre-deployment,,,Classical ML,Science,,Not High-impact,
2025-2440,2025,NASA,Specifying Properties Of Dayside Magnetopause Reconnection From A Machine-Learning Model For The Earth'S Cusps,Pre-deployment,Pre-deployment,,,Classical ML,Science,,Not High-impact,
2025-2441,2025,NASA,"Strategic Text Augmentation & Research Synthesis for Physics Innovation Narratives & Evaluations""",Pre-deployment,Pre-deployment,,,Classical ML,Science,,Not High-impact,
2025-2442,2025,NASA,AI Based VoIP Outage Prevention,Pre-deployment,Pre-deployment,,,Classical ML,IT,,Not High-impact,
2025-2443,2025,NASA,Quantification of Uncertainty Analysis Toolkit (QUAnT),Pilot,Pilot,In-house,In-house Development,Classical ML,Science,,Not High-impact,
2025-2444,2025,NASA,Machine Learning effort to calculate Parker Solar Probe magnetometer offsets,Pre-deployment,Pre-deployment,,,Classical ML,Science,,Not High-impact,
2025-2445,2025,NASA,Identifying global dust and smoke over ocean using MODIS sensor,Pre-deployment,Pre-deployment,,,Computer Vision,Science,,Not High-impact,
2025-2446,2025,NASA,A Forecasting Scheme For Accelerated Harmful Algal Bloom Monitoring (FASTHAB),Pre-deployment,Pre-deployment,,,Classical ML,Science,,Not High-impact,
2025-2447,2025,NASA,Instantaneous photosynthetically available radiation models for ocean waters using neural networks,Pre-deployment,Pre-deployment,,,Classical ML,Science,,Not High-impact,
2025-2448,2025,NASA,Space Grade Linux,Pre-deployment,Pre-deployment,,,Other,Science,,Not High-impact,
2025-2449,2025,NASA,Integrating Explainable Machine Learning with Physics for Enhanced Wildfire Detection in Observation-Constrained Environments,Pre-deployment,Pre-deployment,,,Classical ML,Science,,Not High-impact,
2025-2450,2025,NASA,The airborne Compact Fire Imager (CFI) for measurements across the entire fire lifecycle,Pre-deployment,Pre-deployment,,,Classical ML,Science,,Not High-impact,
2025-2451,2025,NASA,Natural Language query processor for Common Metadata Repository,Pre-deployment,Pre-deployment,,,NLP,Science,,Not High-impact,
2025-2452,2025,NASA,PIX4DCloud,Pre-deployment,Pre-deployment,,,Generative AI,Science,,Not High-impact,
2025-2453,2025,NASA,Lunar Foundation Model,Pre-deployment,Pre-deployment,,,Classical ML,Science,,Not High-impact,
2025-2454,2025,NASA,MADI - Modular AI for Design and Innovation,Pre-deployment,Pre-deployment,,,NLP,Science,,Not High-impact,
2025-2455,2025,NASA,Developing an ML-based subcolumn generator,Pre-deployment,Pre-deployment,,,Classical ML,Science,,Not High-impact,
2025-2456,2025,NASA,CHESS: Coronal Hole Extraction with Semantic Segmentation,Pre-deployment,Pre-deployment,,,Computer Vision,Science,,Not High-impact,
2025-2457,2025,NASA,Machine learning for X-ray astronomical spectroscopy,Pre-deployment,Pre-deployment,,,Classical ML,Science,,Not High-impact,
2025-2458,2025,NASA,Using MML code generation to create new high-energy astrophysics science software,Pre-deployment,Pre-deployment,,,Generative AI,Science,,Not High-impact,
2025-2459,2025,NASA,Diffusion Modeling of the Solar Corona,Pre-deployment,Pre-deployment,,,Generative AI,Science,,Not High-impact,
2025-2460,2025,NASA,Data-Mining Similar Scenarios for Uncertainty Quantification of Solar Wind Predictions at L1,Pre-deployment,Pre-deployment,,,Classical ML,Science,,Not High-impact,
2025-2461,2025,NASA,Flarenet,Pre-deployment,Pre-deployment,,,Classical ML,Science,,Not High-impact,
2025-2462,2025,NASA,Uniting Physics and Machine Learning for Enhanced Heliophysics Insights,Pre-deployment,Pre-deployment,,,Classical ML,Science,,Not High-impact,
2025-2463,2025,NASA,Cloud translator for large-scale models,Pre-deployment,Pre-deployment,,,Classical ML,Science,,Not High-impact,
2025-2464,2025,NASA,AI/ML for Anomaly Detection and Health Monitoring for the NSN,Pre-deployment,Pre-deployment,,,Classical ML,Science,,Not High-impact,
2025-2465,2025,NASA,Solar Neutron Tracking Spectrometer (SONTRAC),Pre-deployment,Pre-deployment,,,Classical ML,Science,,Not High-impact,
2025-2466,2025,NASA,Text-to-Spaceship,Pre-deployment,Pre-deployment,,,Agentic AI,Science,,Not High-impact,
2025-2467,2025,NASA,Roman Space Telecope WFI Pupil alignment verification,Pre-deployment,Pre-deployment,,,Classical ML,Science,,Not High-impact,
2025-2468,2025,NASA,A hybrid machine learning approach for calibration and regionalization of LSM soil and vegetation parameters,Pre-deployment,Pre-deployment,,,Classical ML,Science,,Not High-impact,
2025-2469,2025,NASA,Mapping anthropogenic water cycle impacts in a future climate: A global digital twin for scenario-driven exploration,Pre-deployment,Pre-deployment,,,Classical ML,Science,,Not High-impact,
2025-2470,2025,NASA,Nominal Forecast Sub System for the NASA Coastal Zone Digital Twin,Pre-deployment,Pre-deployment,,,Classical ML,Science,,Not High-impact,
2025-2471,2025,NASA,AI assisted Image recognition for EEE parts kitting and auditing,Pre-deployment,Pre-deployment,,,Computer Vision,Science,,Not High-impact,
2025-2472,2025,NASA,Development of a next-generation snow and ice product (SNIP) for operational applications,Pre-deployment,Pre-deployment,,,Classical ML,Science,,Not High-impact,
2025-2473,2025,NASA,Simultaneous emulation and downscaling of modeled soil state variables with machine learning,Pre-deployment,Pre-deployment,,,Classical ML,Science,,Not High-impact,
2025-2474,2025,NASA,Hydrology Copilot,Pre-deployment,Pre-deployment,,,Agentic AI,Science,,Not High-impact,
2025-2475,2025,NASA,Developing high-resolution multidecadal satellite remote sensing-based snow lifecycle reanalysis products over the Northern Hemisphere,Pre-deployment,Pre-deployment,,,Classical ML,Science,,Not High-impact,
2025-2476,2025,NASA,GLOBE Program - Image processing,Deployed,Deployed,Vendor and in-house,Contracting and In House,Computer Vision,Science,"Mitchell Vantage Systems (MVS), subcontracted to Astrion",Not High-impact,
2025-2477,2025,NASA,Cloud Account Allocation Plan (CAAP) Cost Analytics Support,Pilot,Pilot,Vendor and in-house,Contracting and In House,Classical ML,Administrative functions,Raytheon,Not High-impact,
2025-2478,2025,NASA,ML-Driven Wide Field Instrument (WFI) Image Calibration,Pre-deployment,Pre-deployment,,,Classical ML,Science,,Not High-impact,
2025-2479,2025,NASA,HEASARC Bibliography,Pre-deployment,Pre-deployment,,,NLP,Science,,Not High-impact,
2025-2480,2025,NASA,Bump in the Wire (BITW),Pre-deployment,Pre-deployment,,,Classical ML,Science,,Not High-impact,
2025-2481,2025,NASA,Point spread function (PSF) calibration using machine learning (ML) techniques.,Pre-deployment,Pre-deployment,,,Classical ML,Science,,Not High-impact,
2025-2482,2025,NASA,Machine learning for low-order wavefront sensing,Pre-deployment,Pre-deployment,,,Classical ML,Science,,Not High-impact,
2025-2483,2025,NASA,IV&V Requirements Quality & Traceability Analysis,Pre-deployment,Pre-deployment,,,Generative AI,Science,,Not High-impact,
2025-2484,2025,NASA,IV&V Static Code & Implementation Analysis,Pre-deployment,Pre-deployment,,,Generative AI,Science,,Not High-impact,
2025-2485,2025,NASA,IV&V Test Analysis,Pre-deployment,Pre-deployment,,,Generative AI,Science,,Not High-impact,
2025-2486,2025,NASA,IV&V AI Assistant,Pre-deployment,Pre-deployment,,,Generative AI,Science,,Not High-impact,
2025-2487,2025,NASA,IV&V Process Accelerators through Generative AI Capabilities,Pre-deployment,Pre-deployment,,,Generative AI,Science,,Not High-impact,
2025-2488,2025,NASA,Estimating Ocean Color Properties from TEMPO,Pre-deployment,Pre-deployment,,,Classical ML,Science,,Not High-impact,
2025-2489,2025,NASA,Development of a Next-Generation Ensemble Prediction System for Atmospheric Composition,Pre-deployment,Pre-deployment,,,Classical ML,Science,,Not High-impact,
2025-2490,2025,NASA,XMM-GPT,Pre-deployment,Pre-deployment,,,Classical ML,Science,,Not High-impact,
2025-2491,2025,NASA,SAS Vision,Pre-deployment,Pre-deployment,,,Computer Vision,Science,,Not High-impact,
2025-2492,2025,NASA,OCFO External Performance Reporting,Pre-deployment,Pre-deployment,,,Generative AI,Administrative functions,,Not High-impact,
2025-2493,2025,NASA,OCFO Credit Risk and Defaul Estimation Tool,Pre-deployment,Pre-deployment,,,Classical ML,Procurement and Finance Mgmt,,Not High-impact,
2025-2494,2025,NASA,OCFO President Budget Request RAG,Pre-deployment,Pre-deployment,,,Generative AI,Procurement and Finance Mgmt,,Not High-impact,
2025-2495,2025,NASA,Hierarchical U.N. Standard Product and Service Code Classification through logistic regression with the scikit-learn library,Pre-deployment,Pre-deployment,,,Classical ML,Science,,Not High-impact,
2025-2496,2025,NASA,Machine Learning for Entity Matching,Pre-deployment,Pre-deployment,,,Classical ML,Service Delivery,,Not High-impact,
2025-2497,2025,NASA,Automated Data Normalization for Institutional Records,Pre-deployment,Pre-deployment,,,Classical ML,Service Delivery,,Not High-impact,
2025-2498,2025,NASA,Automating Data Stewardship for Temporary Account Reconciliation,Pre-deployment,Pre-deployment,,,Classical ML,Service Delivery,,Not High-impact,
2025-2499,2025,NASA,Ask Tech Port,Pre-deployment,Pre-deployment,,,Generative AI,Service Delivery,,Not High-impact,
2025-2500,2025,NASA,Enhancements to T-Rex and D-Rex,Pre-deployment,Pre-deployment,,,Classical ML,Service Delivery,,Not High-impact,
2025-2501,2025,NASA,AEGIS: Autonomous Exploration for Gathering Increased Science,Deployed,Deployed,In-house,In-house Development,Classical ML,Science,,Not High-impact,L0406
2025-2502,2025,NASA,Agile Science,Pre-deployment,Pre-deployment,,,Classical ML,Science,,Not High-impact,
2025-2503,2025,NASA,ASPEN Mission Planner,Deployed,Deployed,In-house,In-house Development,Agentic AI,Science,,Not High-impact,L0407
2025-2504,2025,NASA,CLASP Coverage Planning & Scheduling,Deployed,Deployed,In-house,In-house Development,Classical ML,Science,,Not High-impact,L0408
2025-2505,2025,NASA,Dynamic Targeting,Pre-deployment,Pre-deployment,,,Agentic AI,Science,,Not High-impact,
2025-2506,2025,NASA,Enhanced AutoNav for Perseverance Rover on Mars,Deployed,Deployed,In-house,In-house Development,Classical ML,Science,,Not High-impact,L0409
2025-2507,2025,NASA,Groundwater data interpolation in California’s Central Valley using multimodal data fusion and multivariate sequence-to-sequence transformation models,Pre-deployment,Pre-deployment,,,Classical ML,Science,,Not High-impact,
2025-2508,2025,NASA,Hybrid On-Board and Ground-Based Processing of Massive Sensor Data (HyspIRI IPM),Pre-deployment,Pre-deployment,,,Agentic AI,Science,,Not High-impact,
2025-2509,2025,NASA,Mars2020 Rover (Perseverance),Deployed,Deployed,In-house,In-house Development,Agentic AI,Science,,Not High-impact,L0410
2025-2510,2025,NASA,MLNav (Machine Learning Navigation),Deployed,Deployed,In-house,In-house Development,Classical ML,Science,,"Presumed High-Impact, but Not High-impact",L0411
2025-2511,2025,NASA,Neural network accelerated radiative transfer modeling,Pre-deployment,Pre-deployment,,,Classical ML,Science,,Not High-impact,
2025-2512,2025,NASA,Perseverance Rover on Mars - Terrain Relative Navigation,Deployed,Deployed,In-house,In-house Development,Classical ML,Science,,Not High-impact,L0412
2025-2513,2025,NASA,Providing visualization tools and streamlining the detection and tracking of wildfire-induced smoke plumes during the Fire Influence on Regional to Global Environments and Air Quality (FIREX-AQ) mission,Pre-deployment,Pre-deployment,,,Computer Vision,Science,,Not High-impact,
2025-2514,2025,NASA,SCOTI (Scientific Captioning of Terrain Images),Pre-deployment,Pre-deployment,,,Computer Vision,Science,,Not High-impact,
2025-2515,2025,NASA,SPOC (Soil Property and Object Classification),Deployed,Deployed,In-house,In-house Development,Computer Vision,Science,,Not High-impact,L0413
2025-2516,2025,NASA,Trusted and exPlainable Artificial Intelligence for Saving Lives (TruePAL) Technology for First Responder Safety,Pre-deployment,Pre-deployment,,,Classical ML,Science,,Not High-impact,
2025-2517,2025,NASA,Volcano SensorWeb,Retired,Retired,,,,,,Not High-impact,L0414
2025-2518,2025,NASA,TAPAS (Track Augmentation and Performance Analysis System),Pre-deployment,Pre-deployment,,,Classical ML,Science,,Not High-impact,
2025-2519,2025,NASA,Onboard Planner for Mars2020 Rover (Perseverance),Deployed,Deployed,In-house,In-house Development,Agentic AI,Science,,Not High-impact,L0417
2025-2520,2025,NASA,"SensorWeb: Volcano, Flood, Wildfire, and others.",Deployed,Deployed,In-house,In-house Development,Classical ML,Science,,Not High-impact,L0418
2025-2521,2025,NASA,Mexec Onboard Planning and Execution,Pre-deployment,Pre-deployment,,,Classical ML,Science,,Not High-impact,
2025-2522,2025,NASA,Requirement Alignment (REQAL),Pre-deployment,Pre-deployment,,,NLP,Science,,Not High-impact,
2025-2523,2025,NASA,"Robust, Explainable Autonomy for Scientific Icy Moon Operations (REASIMO)",Pre-deployment,Pre-deployment,,,Classical ML,Science,,Not High-impact,
2025-2524,2025,NASA,"Global, Seasonal Mars Frost Maps",Deployed,Deployed,In-house,In-house Development,Classical ML,Science,,Not High-impact,L0419
2025-2525,2025,NASA,GenAI Agent for Interacting with Robots (https://github.com/nasa-jpl/rosa),Pilot,Pilot,In-house,In-house Development,Generative AI,Science,,Not High-impact,
2025-2526,2025,NASA,SLIM: Software Lifecycle Improvement & Modernization,Pilot,Pilot,In-house,In-house Development,Generative AI,IT,,Not High-impact,
2025-2527,2025,NASA,Using LLMS for Documents and Requirements Analysis,Pilot,Pilot,In-house,In-house Development,NLP,Administrative functions,,Not High-impact,
2025-2528,2025,NASA,Purchase Card Management System (PCMS),Deployed,Deployed,In-house,In-house Development,Classical ML,Administrative functions,,Not High-impact,L0420
2025-2529,2025,NASA,New Technology and Software Reporting (NTR),Deployed,Deployed,In-house,In-house Development,Classical ML,Administrative functions,,Not High-impact,L0421
2025-2530,2025,NASA,AI Tool for Automatic Identification of Soliton Features in SWOT data,Pre-deployment,Pre-deployment,,,Classical ML,IT,,Not High-impact,
2025-2531,2025,NASA,AI Based Digital Twin Interoporability Schema,Pilot,Pilot,In-house,In-house Development,Reinforcement Learning,Science,,Not High-impact,
2025-2532,2025,NASA,OCO2/3 Bad Pixel Map,Pre-deployment,Pre-deployment,,,Classical ML,Science,,Not High-impact,
2025-2533,2025,NASA,SpecTF Clouding Screening for Imaging Spectroscopy,Pre-deployment,Pre-deployment,,,Classical ML,Science,,Not High-impact,
2025-2534,2025,NASA,Decision Theoretic Planning,Pre-deployment,Pre-deployment,,,Generative AI,Science,,Not High-impact,
2025-2535,2025,NASA,Cloud avoidance for Atmospheric Retrieval Missions,Pre-deployment,Pre-deployment,,,Generative AI,Science,,Not High-impact,
2025-2536,2025,NASA,"Dynamic, Intelligent, Tomographic Imaging",Pre-deployment,Pre-deployment,,,Generative AI,Science,,Not High-impact,
2025-2537,2025,NASA,Adversarial Policy Evolution via AI,Pilot,Pilot,In-house,In-house Development,Reinforcement Learning,Science,,Not High-impact,
2025-2538,2025,NASA,Adaptive Problem Solving / Hyperparameter Optimization,Pilot,Pilot,In-house,In-house Development,Classical ML,Science,,Not High-impact,
2025-2539,2025,NASA,Onboard Science Instrument Autonomy (OSIA) for OWLS,Pre-deployment,Pre-deployment,,,Classical ML,Science,,Not High-impact,
2025-2540,2025,NASA,EMIT Methane Plume Detection,Pre-deployment,Pre-deployment,,,Classical ML,Science,,Not High-impact,
2025-2541,2025,NASA,Science Autonomy for NEAScout,Pre-deployment,Pre-deployment,,,Agentic AI,Science,,Not High-impact,
2025-2542,2025,NASA,"Time Series Forecasting, Evaluation and Deployment (Time-FED)",Pilot,Pilot,In-house,In-house Development,Classical ML,Science,,Not High-impact,
2025-2543,2025,NASA,AI Risk-aware task and motion planning for snake-like robots in icy enviroments,Pilot,Pilot,In-house,In-house Development,Classical ML,Science,,Not High-impact,
2025-2544,2025,NASA,Classification of features in Crew Earth Observations imagery,Pre-deployment,Pre-deployment,,,Computer Vision,Science,,Not High-impact,
2025-2545,2025,NASA,Cloud masks from Crew Earth Observations imagery,Pre-deployment,Pre-deployment,,,Computer Vision,Science,,Not High-impact,
2025-2546,2025,NASA,Comment Analytics Dashboard,Pre-deployment,Pre-deployment,,,NLP,Science,,Not High-impact,
2025-2547,2025,NASA,Crew Earth Observations automated georeferencing/geolocation,Pre-deployment,Pre-deployment,,,Computer Vision,Science,,Not High-impact,
2025-2548,2025,NASA,Machine Learning for RFID (Radio Frequency Identification) tag localization to support logistics,Pre-deployment,Pre-deployment,,,Classical ML,Science,,Not High-impact,
2025-2549,2025,NASA,Noise suppression in Human Spaceflight audio systems,Pre-deployment,Pre-deployment,,,Classical ML,Science,,Not High-impact,
2025-2550,2025,NASA,"AI Digital Assistants (HRP) [was ""Doc in a Box"" for Earth Independent Medical Operations (EIMO)]",Pilot,Pilot,In-house,In-house Development,Agentic AI,Health and Medical,,"Presumed High-Impact, but Not High-impact",
2025-2551,2025,NASA,Data Fracking (HRP),Pilot,Pilot,In-house,In-house Development,NLP,Science,,Not High-impact,
2025-2552,2025,NASA,Deep Learning Inhale Breath Detection Model to Support CO2 Washout Suit TestingInspired CO2 Algorithm for Respiration User Signals (ICARUS): A Deep Learning Model to Enable Real-Time and Post-Test ppCO2 Inspired Calculations,Pre-deployment,Pre-deployment,,,Classical ML,Science,,Not High-impact,
2025-2553,2025,NASA,TxP: Federated Data Discovery and Content Creation (FDDCC) KDP-Formulation (ITMX),Pre-deployment,Pre-deployment,,,Generative AI,Science,,Not High-impact,
2025-2554,2025,NASA,Personal Health Information (PHI) AI Platform,Pre-deployment,Pre-deployment,,,Classical ML,Health and Medical,,Not High-impact,
2025-2555,2025,NASA,JSC NC PRA Cut Set Tool,Pre-deployment,Pre-deployment,,,Generative AI,Science,,Not High-impact,
2025-2556,2025,NASA,JSC SMA NT Paper WAD Data Extraction,Pre-deployment,Pre-deployment,,,Generative AI,Science,,Not High-impact,
2025-2557,2025,NASA,Adaptive Neural Network Molecular Dynamics,Pre-deployment,Pre-deployment,,,Classical ML,Science,,Not High-impact,
2025-2558,2025,NASA,Aerosol and Cloud Identification in SAGE III/ISS Aerosol Extinction Profiles,Pre-deployment,Pre-deployment,,,Classical ML,Science,,Not High-impact,
2025-2559,2025,NASA,AMP: An Automated Metadata Pipeline,Pre-deployment,Pre-deployment,,,Classical ML,Science,,Not High-impact,
2025-2560,2025,NASA,Application of High-Dimensional Fuzzy K-mean Cluster Analysis to CALIOP (Cloud-Aerosol Lidar with Orthogonal Polarization) / CALIPSO (Cloud-Aerosol Lidar and Infrared Pathfinder Satellite Observatory) Version 4.1 Feature Classifications,Pre-deployment,Pre-deployment,,,Classical ML,Science,,Not High-impact,
2025-2561,2025,NASA,CERES FluxByCldTyp Data Product Narrowband-to-Broadband Algorithm Improvement Through Deep Neural Network (DNN),Pre-deployment,Pre-deployment,,,Classical ML,Science,,Not High-impact,
2025-2562,2025,NASA,Cloud Detection Neural Network,Pre-deployment,Pre-deployment,,,Classical ML,Science,,Not High-impact,
2025-2563,2025,NASA,Combining Satellite and Ground-based Observations to Improve Cloud Ceiling Observations over CONUS for Aviation Weather,Pre-deployment,Pre-deployment,,,Classical ML,Science,,Not High-impact,
2025-2564,2025,NASA,Detection of multi-layered clouds from multispectral MODIS/VIIRS data using an artificial neural network trained with CALIPSO-CloudSat data.,Pre-deployment,Pre-deployment,,,Classical ML,Science,,Not High-impact,
2025-2565,2025,NASA,Developing Quantum Reservoir Computing Hardware and Software for Deep Learning,Pre-deployment,Pre-deployment,,,Classical ML,Science,,Not High-impact,
2025-2566,2025,NASA,Estimation of Multilayered Cloud Properties from Geostationary Satellite Imager Data,Pre-deployment,Pre-deployment,,,Computer Vision,Science,,Not High-impact,
2025-2567,2025,NASA,Estimation of Multilayered Cloud Properties from Low-Earth-Orbit Satellite Imager Data,Pre-deployment,Pre-deployment,,,Classical ML,Science,,Not High-impact,
2025-2568,2025,NASA,Geostationary Satellite Sounder Pathfinder Project for 4-D Atmospheric Thermodynamics and Winds,Pre-deployment,Pre-deployment,,,Classical ML,Science,,Not High-impact,
2025-2569,2025,NASA,Identifying Aerosol Subtypes from CALIPSO Lidar Profiles Using Deep Machine Learning,Pre-deployment,Pre-deployment,,,Classical ML,Science,,Not High-impact,
2025-2570,2025,NASA,Identifying flaws in manufacturing of composites,Pre-deployment,Pre-deployment,,,Computer Vision,Science,,Not High-impact,
2025-2571,2025,NASA,Improvements in Global Nighttime Satellite Cloud Analyses for Weather and Climate,Pre-deployment,Pre-deployment,,,Classical ML,Science,,Not High-impact,
2025-2572,2025,NASA,Improving CERES Low-Latency Surface Radiation Fluxes with Machine/Deep Learning,Pre-deployment,Pre-deployment,,,Classical ML,Science,,Not High-impact,
2025-2573,2025,NASA,Intelligent Contingency Management,Pre-deployment,Pre-deployment,,,Agentic AI,Science,,Not High-impact,
2025-2574,2025,NASA,Lessons Learned Bot (LLB),Pre-deployment,Pre-deployment,,,NLP,Science,,Not High-impact,
2025-2575,2025,NASA,Machine Learning for Advancing Risk Precursor Identification Tools in Commercial Airline Terminal Area Operations (out of D318),Pre-deployment,Pre-deployment,,,Classical ML,Science,,Not High-impact,
2025-2576,2025,NASA,Mitigating Problematic GOES-17 Infrared Radiances at Night for Weather and Climate Applications,Pre-deployment,Pre-deployment,,,Classical ML,Science,,Not High-impact,
2025-2577,2025,NASA,NASA OCIO STI Concept Tagging Service,Deployed,Deployed,In-house,In-house Development,NLP,Science,,Not High-impact,L0415
2025-2578,2025,NASA,New Skin Temperature Analyses for Satllite Cloud Retrievals,Pre-deployment,Pre-deployment,,,Classical ML,Science,,Not High-impact,
2025-2579,2025,NASA,Nocturnal Opaque Ice Cloud Optical Depth Analyses from MODIS Multispectral Infrared Radiances,Pre-deployment,Pre-deployment,,,Classical ML,Science,,Not High-impact,
2025-2580,2025,NASA,PACE-MAPP,Pre-deployment,Pre-deployment,,,Classical ML,Science,,Not High-impact,
2025-2581,2025,NASA,Polar Nighttime Cloud Detection Using an Artificial Neural Network,Pre-deployment,Pre-deployment,,,Computer Vision,Science,,Not High-impact,
2025-2582,2025,NASA,Probabilistic calibration framework for finite element thermal process modeling of metallic additive manufacturing. Application to promote certification/qualification of load critical aerospace flight parts.,Pre-deployment,Pre-deployment,,,Classical ML,Science,,Not High-impact,
2025-2583,2025,NASA,Retrieving Aerosol Optical Depth and High Spatial Resolution Ocean Surface Wind Speed From CALIPSO: A Neural Network Approach,Pre-deployment,Pre-deployment,,,Classical ML,Science,,Not High-impact,
2025-2584,2025,NASA,Severe Storm Prediction via Overshooting Cloud Top and Above Anvil Cirrus Plume Image Recognition from Satellite Imager Data,Pre-deployment,Pre-deployment,,,Computer Vision,Science,,Not High-impact,
2025-2585,2025,NASA,Using Natural Language Processing to Help Automate the Standardization of PI Variable Names from ICARTT Files,Pre-deployment,Pre-deployment,,,NLP,Science,,Not High-impact,
2025-2586,2025,NASA,Autonomous WAiting Room Evaluation (AWARE),Deployed,Deployed,In-house,In-house Development,Computer Vision,Administrative functions,,"Presumed High-Impact, but Not High-impact",L0416
2025-2587,2025,NASA,Atomistic Force Field Accelerator (ARFFA),Pre-deployment,Pre-deployment,,,Classical ML,Science,,Not High-impact,
2025-2588,2025,NASA,Advanced Air Mobility Digital Assistant,Pre-deployment,Pre-deployment,,,Generative AI,Science,,Not High-impact,
2025-2589,2025,NASA,SVM Classification of Write-in Topics from MSD Customer Sat Survey,Pre-deployment,Pre-deployment,,,Classical ML,IT,,Not High-impact,
2025-2590,2025,NASA,General AI LLM Chatbot for NASA CUI Data: Accelerated Langley Transformation Initiative Research Assistant (ALTIRA),Pre-deployment,Pre-deployment,,,Generative AI,Science,,Not High-impact,
2025-2591,2025,NASA,Aerial AId: Visual data processing with AI in emergency scenarios for quick decision making,Pre-deployment,Pre-deployment,,,Computer Vision,Emergency Mgmt,,Not High-impact,
2025-2592,2025,NASA,Artificial Intelligence Leveraged Information Capture and Exploration (ALICE) (ITMX),Pre-deployment,Pre-deployment,,,NLP,Science,,Not High-impact,
2025-2593,2025,NASA,Fast Machine Learning Lidar Surrogate Simulator: For Pristine Clear Sky,Pre-deployment,Pre-deployment,,,Classical ML,Science,,Not High-impact,
2025-2594,2025,NASA,A Neural Network Parametrization of Volumetric Cloud Fraction Profiles Using Satellite Observations and MERRA-2 Reanalysis Meteorological Data,Pre-deployment,Pre-deployment,,,Classical ML,Science,,Not High-impact,
2025-2595,2025,NASA,Airplane detection,Pre-deployment,Pre-deployment,,,Computer Vision,Science,,Not High-impact,
2025-2596,2025,NASA,Automated Dust detection in satellite imagery,Pre-deployment,Pre-deployment,,,Classical ML,Science,,Not High-impact,
2025-2597,2025,NASA,Deep Learning-based Hurricane Intensity Estimator,Pre-deployment,Pre-deployment,,,Computer Vision,Science,,Not High-impact,
2025-2598,2025,NASA,GCMD Keyword Recommender (GKR),Deployed,Deployed,In-house,In-house Development,NLP,Science,,Not High-impact,
2025-2599,2025,NASA,Marine debris detection using deep learning and high resolution satellite images,Pre-deployment,Pre-deployment,,,Classical ML,Science,,Not High-impact,
2025-2600,2025,NASA,Near-Reality Slosh Model using AIML,Pre-deployment,Pre-deployment,,,Classical ML,Science,,Not High-impact,
2025-2601,2025,NASA,Phenomena Detection Portal,Pre-deployment,Pre-deployment,,,Computer Vision,Science,,Not High-impact,
2025-2602,2025,NASA,Pixel-Level Smoke Detection Model with Deep Learning,Pre-deployment,Pre-deployment,,,Computer Vision,Science,,Not High-impact,
2025-2603,2025,NASA,Predicting streamflow with deep learning,Pre-deployment,Pre-deployment,,,Classical ML,Science,,Not High-impact,
2025-2604,2025,NASA,Ship detection,Pre-deployment,Pre-deployment,,,Computer Vision,Science,,Not High-impact,
2025-2605,2025,NASA,Sinatra Software for Anomaly Detection,Pre-deployment,Pre-deployment,,,Classical ML,Science,,Not High-impact,
2025-2606,2025,NASA,ImageLabeler,Pre-deployment,Pre-deployment,,,Computer Vision,Science,,Not High-impact,
2025-2607,2025,NASA,Oceanic cold pool detection using scatterometer winds,Pre-deployment,Pre-deployment,,,Computer Vision,Science,,Not High-impact,
2025-2608,2025,NASA,Similarity Search for Earth Science Image Archive,Pre-deployment,Pre-deployment,,,Computer Vision,Science,,Not High-impact,
2025-2609,2025,NASA,PASSION Computer,Pre-deployment,Pre-deployment,,,Computer Vision,Science,,Not High-impact,
2025-2610,2025,NASA,Instantaneous Clarity of Ambient eNvironment Capability (ICAN-C),Pilot,Pilot,In-house,In-house Development,Generative AI,Science,,Not High-impact,
2025-2611,2025,NASA,Trajectory mission design,Pre-deployment,Pre-deployment,,,Classical ML,Science,,Not High-impact,
2025-2612,2025,NASA,Friction Stir Weld Control,Pre-deployment,Pre-deployment,,,Agentic AI,Science,,Not High-impact,
2025-2613,2025,NASA,Reinforcement Learning for Lunar Lander Real Time Optimal Trajectory,Pre-deployment,Pre-deployment,,,Reinforcement Learning,Science,,Not High-impact,
2025-2614,2025,NASA,Coupled Loads Analysis Research Assistant (CLARA),Retired,Retired,,,Generative AI,IT,,Not High-impact,
2025-2615,2025,NASA,SERVIR Applied Deep Learning Book,Pre-deployment,Pre-deployment,,,Classical ML,Science,,Not High-impact,
2025-2616,2025,NASA,Large language models for food security outlooks,Pre-deployment,Pre-deployment,,,NLP,Science,,Not High-impact,
2025-2617,2025,NASA,Foundation model for Weather and Climate,Pre-deployment,Pre-deployment,,,Classical ML,Science,,Not High-impact,
2025-2618,2025,NASA,Foundation Model for Helio Physics,Pre-deployment,Pre-deployment,,,Classical ML,Science,,Not High-impact,
2025-2619,2025,NASA,Solar Sail Shape Reconstruction,Pre-deployment,Pre-deployment,,,Classical ML,Science,,Not High-impact,
2025-2620,2025,NASA,TxP: Artificial Intelligence for Curation (AI-Cure),Pre-deployment,Pre-deployment,,,Classical ML,Science,,Not High-impact,
2025-2621,2025,NASA,Intelligent Chatbot for Science using Microsoft Copilot,Pre-deployment,Pre-deployment,,,Generative AI,Science,,Not High-impact,
2025-2622,2025,NASA,Foundation Model for Lunar Science,Pre-deployment,Pre-deployment,,,Other,Science,,Not High-impact,
2025-2623,2025,NASA,Adaptive State-Space Control via Neuromorphic Computing,Pre-deployment,Pre-deployment,,,Agentic AI,Science,,Not High-impact,
2025-2624,2025,NASA,AI-Enhanced Mission Operations Reporting & Decision Support System,Pre-deployment,Pre-deployment,,,NLP,Science,,Not High-impact,
2025-2625,2025,NASA,Athena (EM32 Document Intelligence),Pre-deployment,Pre-deployment,,,NLP,Science,,Not High-impact,
2025-2626,2025,NASA,Autonomous Navigation Decision Making for Lunar/Martian Rovers,Pre-deployment,Pre-deployment,,,Computer Vision,Science,,Not High-impact,
2025-2627,2025,NASA,Autonomous Object Manipulation Decision Making for Lunar/Martian Rovers,Pre-deployment,Pre-deployment,,,Computer Vision,Science,,Not High-impact,
2025-2628,2025,NASA,BoundState (Compliance & Risk Engine),Pre-deployment,Pre-deployment,,,Generative AI,Science,,Not High-impact,
2025-2629,2025,NASA,Data analysis and pattern recognition,Deployed,Deployed,In-house,In-house Development,Agentic AI,Science,,Not High-impact,
2025-2630,2025,NASA,Dirty Vacuum rated 6-Axis Robotic Arm Toolpathing,Deployed,Deployed,In-house,In-house Development,Classical ML,Science,,Not High-impact,
2025-2631,2025,NASA,Gap-filled and downscaled vegetation composited index derived from satellite optical observations,Pre-deployment,Pre-deployment,,,Classical ML,Science,,Not High-impact,
2025-2632,2025,NASA,Lunar Foundation Model for Planetary Sciences,Pre-deployment,Pre-deployment,,,Classical ML,Science,,Not High-impact,
2025-2633,2025,NASA,Lunar Rover Localization,Pre-deployment,Pre-deployment,,,Computer Vision,Science,,Not High-impact,
2025-2634,2025,NASA,Machine learning for prediction and factor analysis of laser forming parameters,Pilot,Pilot,In-house,In-house Development,Classical ML,Science,,Not High-impact,
2025-2635,2025,NASA,MIRA (MAPTIS NLP Interface),Pre-deployment,Pre-deployment,,,NLP,Science,,Not High-impact,
2025-2636,2025,NASA,"Object classification, change detection, and anomaly detection in LiDAR and other point cloud datasets.",Pre-deployment,Pre-deployment,,,Classical ML,Science,,Not High-impact,
2025-2637,2025,NASA,RDUST Regolith Dust Universal System Tracker,Pilot,Pilot,In-house,In-house Development,Classical ML,Science,,Not High-impact,
2025-2638,2025,NASA,Research to Operations Platform,Pre-deployment,Pre-deployment,,,Classical ML,Science,,Not High-impact,
2025-2639,2025,NASA,Intelligent Camera Analytics for Security and Operations,Deployed,Deployed,Vendor,Vendor Purchased,Computer Vision,Law Enforcement,"Milestone, Genetec, Verkada, Lenel",High-impact,
2025-2640,2025,NASA,Implement machine learning in NMIS to assist with mishap coding,Pilot,Pilot,In-house,In-house Development,Classical ML,Science,,Not High-impact,
2025-2641,2025,NASA,AI-enabled Risk-Informed Assessment Selection (RIAS) tool,Pilot,Pilot,In-house,In-house Development,Generative AI,Other (use other text field),,Not High-impact,
2025-2642,2025,NASA,AI-Assisted Analysis Across the IV&V and Software Assurance Lifecycle,Pre-deployment,Pre-deployment,,,Generative AI,Other (use other text field),,Not High-impact,
2025-2643,2025,NASA,INtelligent StennIs Gas House Technology (INSIGHT),Pre-deployment,Pre-deployment,,,Agentic AI,Science,,Not High-impact,
2025-2644,2025,NASA,NASA Platform for Autonomous Systems (NPAS),Pre-deployment,Pre-deployment,,,Agentic AI,Science,,Not High-impact,
2025-2645,2025,NASA,AIML for Code Review and Workforce Augmentation (converted to collective),Retired,Retired,,,NLP,Science,,Not High-impact,
2025-2646,2025,NASA,Cache-Augmented Generation Document Search (converted to collective),Retired,Retired,,,Generative AI,Science,,Not High-impact,
2025-2647,2025,NCUA,Machine Learning Data Validation,Deployed,Deployed,In-house,In-house Development,Classical ML,Procurement and Finance Mgmt,,Not High-impact,L1061
2025-2648,2025,NCUA,Supervisory Stress Testing,Deployed,Deployed,In-house,In-house Development,Classical ML,Procurement and Finance Mgmt,,High-impact,L1062
2025-2649,2025,NCUA,Risk Indicator Model,Deployed,Deployed,In-house,In-house Development,Classical ML,Procurement and Finance Mgmt,,High-impact,L1063
2025-2650,2025,NCUA,Moody’s Stress Test Modeling,Deployed,Deployed,,,Classical ML,Procurement and Finance Mgmt,Moody’s Analytics,High-impact,
2025-2651,2025,NCUA,ADCo MBS/CMO Modeling,Deployed,Deployed,,,Classical ML,Procurement and Finance Mgmt,Andrew Davidson & Co.,High-impact,
2025-2652,2025,NCUA,CoStar CRE Modeling,Deployed,Deployed,,,Classical ML,Procurement and Finance Mgmt,CoStar,High-impact,
2025-2653,2025,NEA,Managing Cybersecurity Controls,Pre-deployment,Pre-deployment,,,Classical ML,Cybersecurity,,Not High-impact,
2025-2654,2025,NEA,Managing Help Desk Tickets - Self Service,Pre-deployment,Pre-deployment,,,Agentic AI,IT,,Not High-impact,
2025-2655,2025,NEA,Categorizing Grant Subjects from Grant Applicants,Pre-deployment,Pre-deployment,,,Generative AI,Service Delivery,,Not High-impact,
2025-2656,2025,NEA,"External ""Public Facing"" Chatbot",Pre-deployment,Pre-deployment,,,Generative AI,Service Delivery,,Not High-impact,
2025-2657,2025,NIGC,LexisNexus,Deployed,Deployed,Vendor,Vendor Purchased,Generative AI,Admin Functions,LexisNexus,Not High-impact,
2025-2658,2025,NIGC,Adobe Photoshop AI (AI Plugin),Deployed,Deployed,Vendor,Vendor Purchased,Classical ML,Admin Functions,Adobe,Not High-impact,
2025-2659,2025,NIGC,Microsoft Copilot,Deployed,Deployed,Vendor,Vendor Purchased,Classical ML,Admin Functions,Microsoft,Not High-impact,
2025-2660,2025,NIGC,Canva,Deployed,Deployed,Vendor,Vendor Purchased,Classical ML,Admin Functions,Canva,Not High-impact,
2025-2661,2025,NIGC,Articulate,Deployed,Deployed,Vendor,Vendor Purchased,Classical ML,Admin Functions,Articulate,Not High-impact,
2025-2662,2025,NRC,Text Retrieval and Generation for NRC Staff Support,Deployed,Deployed,Vendor and in-house,Contracting and In House,Generative AI,Energy and Environment,TekSynap,Not High-impact,
2025-2663,2025,NRC,Support routine administrative tasks and enhancing communications,Deployed,Deployed,Vendor,Vendor Purchased,Generative AI,Energy and Environment,Microsoft,Not High-impact,
2025-2664,2025,NRC,"Unified, secure access to multiple advanced AI language models",Pre-deployment,Pre-deployment,Vendor,Vendor Purchased,Generative AI,Energy and Environment,GSA,Not High-impact,
2025-2665,2025,NRC,Testing industry leading generative AI foundational large language models,Pre-deployment,Pre-deployment,Vendor,Vendor Purchased,Generative AI,Energy and Environment,"OpenAI, Google",Not High-impact,
2025-2666,2025,NSF,Comparison of proposal similarities at different levels of National Science Foundation (NSF) organization,Pilot,Pilot,,,,,,,
2025-2667,2025,NSF,Budget Area Topic Classification Tool,Pre-deployment,Pre-deployment,,,,,,,L0423
2025-2668,2025,NSF,Resubmit Checker,Pre-deployment,Pre-deployment,,,,,,,L0426
2025-2669,2025,NSF,Mine Potential Reviewer's areas of expertise,Pre-deployment,Pre-deployment,,,,,,,L1070
2025-2670,2025,NSF,"Use AI to populate reviewer ""areas of expertise"" and state of potential Regional Engines submitters (members of organizations)",Pre-deployment,Pre-deployment,,,,,,,
2025-2671,2025,NSF,"Enhancing Technology, Innovation and Partnerships (TIP) Awards: Efficient Tagging for the 10 Key Technology Areas (KTAs)",Pre-deployment,Pre-deployment,,,,,,,
2025-2672,2025,NSF,"Technology, Innovation and Partnerships (TIP) Microsoft (MS) Copilot Pilot",Pilot,Pilot,,,,,,,
2025-2673,2025,NSF,A document summarizer via Natural Language Processing,Pre-deployment,Pre-deployment,,,,,,,
2025-2674,2025,NSF,Document similarity analysis via Natural Language Processing,Pre-deployment,Pre-deployment,,,,,,,
2025-2675,2025,NSF,AI voice over,Pilot,Pilot,,,,,,,L0424
2025-2676,2025,NSF,Adobe Photoshop,Pre-deployment,Pre-deployment,,,,,,,L0425
2025-2677,2025,NSF,NSF AI-Ready Research Performance Progress Reports (RPPR) Data,Pre-deployment,Pre-deployment,,,,,,,
2025-2678,2025,NSF,"ServiceNow GenAI ""Now Assist""",Deployed,Deployed,,,,,,,L0422
2025-2679,2025,NSF,Amazon Web Services(AWS) Assisted Software Development (DIS AI Assisted Development),Pre-deployment,Pre-deployment,,,,,,,
2025-2680,2025,NSF,Open-source topic identification for the Public Engagement with Science Initiative data analysis.,Pre-deployment,Pre-deployment,,,,,,,L0427
2025-2681,2025,NSF,Hand-written text extraction using Textract for the Public Engagement with Science Initiative,Pilot,Pilot,,,,,,,L0428
2025-2682,2025,NSF,Microsoft 365 (M365) AI Builder pre-built Generative Pre-trained Transformer (GPT) for Summarization,Deployed,Deployed,,,,,,,
2025-2683,2025,NTSB,Voice to text transcription,Pilot,Pilot,Vendor and in-house,Contracting and In House,NLP,Other,Air Force Research Lab,Not High-impact,L0659
2025-2684,2025,NTSB,Semantic Similarity Text Search,Pre-deployment,Pre-deployment,Vendor and in-house,Contracting and In House,NLP,Service Delivery,Azure AI,Not High-impact,L0660
2025-2685,2025,NTSB,Dataminr,Pilot,Pilot,Vendor,Vendor Purchased,Other,Emergency Mgmt,Dataminer,Not High-impact,
2025-2686,2025,NTSB,FOIAXpress AI assistant,Pilot,Pilot,Vendor,Vendor Purchased,NLP,Admin Functions,OPEXUS,Not High-impact,
2025-2687,2025,OSC,Copilot Studio,Pre-deployment,Pre-deployment,Vendor,Vendor Purchased,Generative AI,Benefits Processing,Microsoft,,
2025-2688,2025,OSHRC,Westlaw Edge,Deployed,Deployed,Vendor,Vendor Purchased,Generative AI,Other,Thomson Reuters,Not High-impact,
2025-2689,2025,PBGC,AI-Powered General Productivity,Pre-deployment,Pre-deployment,,,Generative AI,IT,,,
2025-2690,2025,PBGC,IT Security Monitoring,Deployed,Deployed,,,Generative AI,Cybersecurity,,,L0662
2025-2691,2025,PBGC,IT Service Management Virtual Agent and Automation,Pre-deployment,Pre-deployment,,,Generative AI,IT,,,
2025-2692,2025,PBGC,Synthetic Data Generation,Pre-deployment,Pre-deployment,,,Generative AI,IT,,,L0661
2025-2693,2025,PBGC,Pension Plan Summary Report Assistance,Pre-deployment,Pre-deployment,,,Generative AI,Benefits Processing,,,
2025-2694,2025,PBGC,Federal Accounting Statutes and Guidelines Alignment,Pre-deployment,Pre-deployment,,,Generative AI,Procurement and Finance Mgmt,,,
2025-2695,2025,PBGC,AI-Assisted Recognition and Redaction for Legal/Litigation Matters,Pre-deployment,Pre-deployment,,,Generative AI,Law Enforcement,,,
2025-2696,2025,PBGC,IT Security and Privacy Control Assessment,Pre-deployment,Pre-deployment,,,Generative AI,Cybersecurity,,,
2025-2697,2025,PBGC,AI-Assisted Training Development,Pre-deployment,Pre-deployment,,,Generative AI,HR,,,
2025-2698,2025,PBGC,Position Description Analysis and Consolidation,Pre-deployment,Pre-deployment,,,Generative AI,HR,,,
2025-2699,2025,PBGC,AI-Assisted Contracting Content/Document Creation,Pre-deployment,Pre-deployment,,,Generative AI,Procurement and Finance Mgmt,,,
2025-2700,2025,PBGC,Analysis of Plan Benefits for Standard Terminations,Pre-deployment,Pre-deployment,,,Generative AI,Benefits Processing,,,
2025-2701,2025,PBGC,AI-Assisted Market Financial Health and Credit Analysis,Deployed,Deployed,,,Generative AI,Procurement and Finance Mgmt,,,
2025-2702,2025,PBGC,Media Content Generation,Pre-deployment,Pre-deployment,,,Generative AI,Service Delivery,,,
2025-2703,2025,PBGC,Legislative and Regulatory Analysis / Automation (Actuarial/Financial),Pre-deployment,Pre-deployment,,,Generative AI,Procurement and Finance Mgmt,,,
2025-2704,2025,PBGC,Legislative and Regulatory Analysis / Automation (Actuarial/Financial),Pre-deployment,Pre-deployment,,,Generative AI,IT,,,
2025-2705,2025,PBGC,"Intelligent, auto-generated meeting summaries, notes, and tasks",Pre-deployment,Pre-deployment,,,Generative AI,IT,,,
2025-2706,2025,SBA,Chatbots for internal research,Pilot,Pilot,Vendor,Vendor Purchased,Generative AI,Admin Functions,To be determined,Not High-impact,
2025-2707,2025,SBA,Office of Advocacy AI System-Prompt Suite,Pilot,Pilot,In-house,In-house Development,Generative AI,IT,In-house with commercial LLM APIs,Not High-impact,
2025-2708,2025,SBA,7(a) Purchases ML Model,Pre-deployment,Pre-deployment,In-house,In-house Development,Classical ML,Service Delivery,In-house development,Not High-impact,
2025-2709,2025,SBA,Audit Green Book Classification,Pre-deployment,Pre-deployment,In-house,In-house Development,Classical ML,Service Delivery,In-house development,Not High-impact,
2025-2710,2025,SBA,Data Analysis and Visualization AI,Pre-deployment,Pre-deployment,Vendor,Vendor Purchased,Generative AI,IT,"Salesforce, Inc. (Tableau)",Not High-impact,
2025-2711,2025,SBA,Amazon Q in Connect,Pre-deployment,Pre-deployment,Vendor and in-house,Contracting and In House,Generative AI,Admin Functions,https://aws.amazon.com/connect/q/,Not High-impact,
2025-2712,2025,SBA,Generative AI for SBA.gov product training,Pre-deployment,Pre-deployment,Vendor,Vendor Purchased,Generative AI,Service Delivery,https://openai.com/chatgpt/,Not High-impact,
2025-2713,2025,SBA,GovCon Match,Retired,Retired,In-house,In-house Development,Classical ML,Service Delivery,Internally created,Not High-impact,
2025-2714,2025,SBA,Employee Center AI Search,Pre-deployment,Pre-deployment,Vendor,Vendor Purchased,Generative AI,Service Delivery,AI Search  https://www.servicenow.com/docs/bundle/washingtondc-platform-administration/page/administer/ai-search/concept/overview-ais.html,Not High-impact,
2025-2715,2025,SBA,Security Team Productivity Enhancement,Pre-deployment,Pre-deployment,Vendor,Vendor Purchased,Generative AI,Cybersecurity,MS Security Copilot,Not High-impact,
2025-2716,2025,SBA,General AI Use Case across the SBA for web and desktop,Pilot,Pilot,Vendor,Vendor Purchased,Generative AI,Admin Functions,"Perplexity AI, Inc.",Not High-impact,
2025-2717,2025,SBA,Secure IL5 AI,Retired,Retired,Vendor,Vendor Purchased,Generative AI,Service Delivery,"Ask Sage, Inc.",Not High-impact,
2025-2718,2025,SBA,Employee Work Prioritization AI Agent,Pre-deployment,Pre-deployment,Vendor,Vendor Purchased,Generative AI,Admin Functions,Google LLC,Not High-impact,
2025-2719,2025,SBA,Predictive AIOps,Pre-deployment,Pre-deployment,Vendor,Vendor Purchased,Classical ML,IT,"ServiceNow, Inc.",Not High-impact,
2025-2720,2025,SBA,Developer Code Assistant AI,Pre-deployment,Pre-deployment,Vendor,Vendor Purchased,Generative AI,IT,Amazon Web Services (AWS),Not High-impact,
2025-2721,2025,SBA,Developer Code Assistant AI,Pre-deployment,Pre-deployment,Vendor,Vendor Purchased,Generative AI,IT,Microsoft Corporation (GitHub),Not High-impact,
2025-2722,2025,SBA,AI Incident Summarization,Pre-deployment,Pre-deployment,Vendor,Vendor Purchased,Generative AI,Service Delivery,"ServiceNow, Inc.",Not High-impact,
2025-2723,2025,SBA,AI Resolution Notes Generation,Pre-deployment,Pre-deployment,Vendor,Vendor Purchased,Classical ML,Cybersecurity,"ServiceNow, Inc.",Not High-impact,
2025-2724,2025,SBA,AI Vulnerability Ticket Deduplication,Pre-deployment,Pre-deployment,Vendor,Vendor Purchased,Classical ML,Cybersecurity,"ServiceNow, Inc.",Not High-impact,
2025-2725,2025,SBA,AI Vulnerability Remediation Assistance,Pre-deployment,Pre-deployment,Vendor,Vendor Purchased,Classical ML,Cybersecurity,"ServiceNow, Inc. / Tenable",Not High-impact,
2025-2726,2025,SBA,Multi-Agent Orchestration,Pre-deployment,Pre-deployment,Vendor and in-house,Contracting and In House,Classical ML,Service Delivery,Amazon Web Services (AWS),Not High-impact,
2025-2727,2025,SBA,AI-Powered Search and Recovery,Pre-deployment,Pre-deployment,Vendor,Vendor Purchased,Generative AI,Cybersecurity,"Cohesity, Inc.",Not High-impact,
2025-2728,2025,SBA,"Email, Document, and Composing AI Editor",Pilot,Pilot,Vendor,Vendor Purchased,Classical ML,Service Delivery,"Grammarly, Inc.",Not High-impact,
2025-2729,2025,SBA,SBA.gov External Customer Chatbot,Pre-deployment,Pre-deployment,Vendor,Vendor Purchased,Generative AI,Service Delivery,"Salesforce, Inc.",Not High-impact,
2025-2730,2025,SBA,ODRR Comm - Talking Point Generation,Pre-deployment,Pre-deployment,Vendor and in-house,Contracting and In House,Generative AI,Service Delivery,In-house development,Not High-impact,
2025-2731,2025,SBA,Meeting Minutes Summary Tool,Pre-deployment,Pre-deployment,Vendor,Vendor Purchased,Generative AI,Service Delivery,Microsoft,Not High-impact,
2025-2732,2025,SBA,Business Development,Pre-deployment,Pre-deployment,Vendor,Vendor Purchased,Generative AI,Service Delivery,Microsoft,Not High-impact,
2025-2733,2025,SBA,Internal OFO Chatbot Recommender,Pre-deployment,Pre-deployment,In-house,In-house Development,Classical ML,Admin Functions,In-house development,Not High-impact,
2025-2734,2025,SBA,Customer Response,Pre-deployment,Pre-deployment,Vendor,Vendor Purchased,Generative AI,Admin Functions,https://www.perplexity.ai/,Not High-impact,
2025-2735,2025,SBA,"Office of Field Operations AI  -  Chat GTP, Bing CoPilot, or Google Gemini",Pre-deployment,Pre-deployment,Vendor,Vendor Purchased,Generative AI,Service Delivery,"Chat GPT, Gemini, Canva",Not High-impact,
2025-2736,2025,SBA,"AI for Small Business Development w/Copilot, Gemini or ChatGPT",Pre-deployment,Pre-deployment,Vendor,Vendor Purchased,Generative AI,Service Delivery,OpenAI,Not High-impact,
2025-2737,2025,SBA,ChatGPT for OMS Marketing,Retired,Retired,Vendor,Vendor Purchased,Generative AI,Service Delivery,OpenAI,Not High-impact,
2025-2738,2025,SBA,Gemini AI for Strategic Planning,Pre-deployment,Pre-deployment,Vendor,Vendor Purchased,Generative AI,Service Delivery,Gemini,Not High-impact,
2025-2739,2025,SBA,Business Plan Creation,Pre-deployment,Pre-deployment,In-house,In-house Development,Generative AI,Service Delivery,https://startup.utah.gov/business-plan/,Not High-impact,
2025-2740,2025,SEC,8-K Filing Solution,Deployed,Deployed,In-house,In-house Development,Computer Vision,Other,,Not High-impact,L0665
2025-2741,2025,SEC,CF Staff Review Comments,Pre-deployment,Pre-deployment,,,Classical ML,Other,,Not High-impact,L0668
2025-2742,2025,SEC,Disclosure Review Chatbot,Pre-deployment,Pre-deployment,,,Generative AI,Other,,Not High-impact,
2025-2743,2025,SEC,Semantic Layer Natural Language Query,Pre-deployment,Pre-deployment,,,Generative AI,Other,,Not High-impact,
2025-2744,2025,SEC,AI Chart Generation,Pre-deployment,Pre-deployment,,,Generative AI,Other,,Not High-impact,
2025-2745,2025,SEC,Optical Character Recognition (OCR) for Records Analysis,Deployed,Deployed,Vendor and in-house,Contracting and In House,Computer Vision,Other,Aretec,Not High-impact,L0685
2025-2746,2025,SEC,Single Event Insider Trading Analysis,Deployed,Deployed,Vendor and in-house,Contracting and In House,Classical ML,Law Enforcement,Aretec,Not High-impact,
2025-2747,2025,SEC,Utilize Westlaw Quick Check to cross check SEC documents.,Deployed,Deployed,Vendor,Vendor Purchased,Generative AI,Other,Westlaw,Not High-impact,
2025-2748,2025,SEC,"Large Language Model analysis for the Tips, Complaints and Referrals (TCR) system",Pre-deployment,Pre-deployment,,,Generative AI,Service Delivery,,Not High-impact,
2025-2749,2025,SEC,Using AI Large Language Model chat for general tasks/questions,Deployed,Deployed,Vendor and in-house,Contracting and In House,Generative AI,Other,"Aretec, Elder Research",Not High-impact,
2025-2750,2025,SEC,Using AI to answer questions about a corpus of uploaded files,Deployed,Deployed,Vendor and in-house,Contracting and In House,Generative AI,Other,Elder Research,Not High-impact,
2025-2751,2025,SEC,Creating AI generated images,Deployed,Deployed,Vendor and in-house,Contracting and In House,Generative AI,Other,Elder Research,Not High-impact,
2025-2752,2025,SEC,Streamlining initial research,Pre-deployment,Pre-deployment,,,Generative AI,Other,,Not High-impact,
2025-2753,2025,SEC,Tracing digital asset transactions and identifying entities controlling wallet addresses,Deployed,Deployed,Vendor,Vendor Purchased,Classical ML,Other,Chainalysis,Not High-impact,
2025-2754,2025,SEC,Westlaw Co-Counsel,Pilot,Pilot,Vendor,Vendor Purchased,Generative AI,Other,Thomson Reuters,Not High-impact,
2025-2755,2025,SEC,Lexis Protege,Pilot,Pilot,Vendor,Vendor Purchased,Generative AI,Other,RELX,Not High-impact,
2025-2756,2025,SEC,Using AI to Help with Coding-Related Tasks/Questions,Retired,Retired,,,,,,Not High-impact,L0684
2025-2757,2025,SEC,Name Matching,Deployed,Deployed,Vendor and in-house,Contracting and In House,Classical ML,Other,Aretec Inc,Not High-impact,L0676
2025-2758,2025,SEC,Parsing of Plain Language Descriptions to Machine-Readable Notations,Deployed,Deployed,Vendor and in-house,Contracting and In House,Classical ML,Other,Aretec Inc,Not High-impact,L0677
2025-2759,2025,SEC,Identification of Potentially Manipulative Trading Activity in Registrant Data,Pre-deployment,Pre-deployment,,,Classical ML,Other,,Not High-impact,L0678
2025-2760,2025,SEC,Testing of Various AI Algorithms and Models,Retired,Retired,,,,,,Not High-impact,L0679
2025-2761,2025,SEC,Using Natural Language Processing Techniques to Search and Analyze Certain Filings,Deployed,Deployed,Vendor and in-house,Contracting and In House,NLP,Other,Aretec,Not High-impact,L0680
2025-2762,2025,SEC,Using Machine Learning/Artificial Intelligence Techniques to Predict Entities With Certain Risk Characteristics,Deployed,Deployed,Vendor and in-house,Contracting and In House,Classical ML,Other,IBM,Not High-impact,L0681
2025-2763,2025,SEC,Identification of Potentially Manipulative Activity in Certain Accounts,Deployed,Deployed,Vendor and in-house,Contracting and In House,Classical ML,Other,Aretec Inc,Not High-impact,L0683
2025-2764,2025,SEC,Note-Taking Assistant,Pre-deployment,Pre-deployment,,,Generative AI,Other,,Not High-impact,
2025-2765,2025,SEC,Public Website Search,Pre-deployment,Pre-deployment,,,Generative AI,Other,,Not High-impact,
2025-2766,2025,SEC,Chatbot with SEC Documents,Pre-deployment,Pre-deployment,,,Generative AI,Other,,Not High-impact,
2025-2767,2025,SEC,Developed Parsing Logic for Filings,Deployed,Deployed,In-house,In-house Development,Reinforcement Learning,Other,,Not High-impact,L0682
2025-2768,2025,SEC,Natural language search on images through FlashPoint,Deployed,Deployed,Vendor,Vendor Purchased,Computer Vision,Other,Flashpoint,Not High-impact,
2025-2769,2025,SEC,Forms Filed,Retired,Retired,,,,,,Not High-impact,L0664
2025-2770,2025,SEC,Knowledge base of federal securities law and chatbot,Pre-deployment,Pre-deployment,,,Generative AI,Other,,Not High-impact,
2025-2771,2025,SEC,Knowledge base of crypto comments and chatbot,Pre-deployment,Pre-deployment,,,Generative AI,Other,,Not High-impact,
2025-2772,2025,SEC,Tailored Shareholder Report (TSR),Retired,Retired,,,,,,Not High-impact,
2025-2773,2025,SEC,Rule and Comment Organization and Summarization,Pre-deployment,Pre-deployment,,,Generative AI,Service Delivery,,Not High-impact,
2025-2774,2025,SEC,EDGAR Technical Support Public Chatbot,Retired,Retired,,,,,,Not High-impact,L0672
2025-2775,2025,SEC,Comparing EDGAR system access request forms,Pre-deployment,Pre-deployment,,,Computer Vision,Service Delivery,,Not High-impact,
2025-2776,2025,SEC,Training Conversation Tool,Deployed,Deployed,Vendor,Vendor Purchased,NLP,HR,SkillSoft,Not High-impact,L0666
2025-2777,2025,SEC,Comment Letter Review and Analysis,Retired,Retired,,,,,,Not High-impact,L0663
2025-2778,2025,SEC,Mobile Phone Artificial Intelligence Features,Retired,Retired,,,,,,Not High-impact,L0667
2025-2779,2025,SEC,EDGAR Filing Certification Review Solution,Retired,Retired,,,,,,Not High-impact,L0669
2025-2780,2025,SEC,Evaluating Cybersecurity Alerts,Pilot,Pilot,In-house,In-house Development,Agentic AI,Cybersecurity,,Not High-impact,L0670
2025-2781,2025,SEC,EDGAR Filing Audit Report Solution,Retired,Retired,,,,,,Not High-impact,L0671
2025-2782,2025,SEC,EDGAR Filing Signature Review Solution,Retired,Retired,,,,,,Not High-impact,L0673
2025-2783,2025,SEC,EDGAR Filing Risk Disclosure Review Solution,Retired,Retired,,,,,,Not High-impact,L0674
2025-2784,2025,SEC,Augmenting cyber threat alerts on the ACES platform with ACES's specific information.,Pilot,Pilot,In-house,In-house Development,Generative AI,Cybersecurity,,Not High-impact,
2025-2785,2025,SEC,Agentic Knowledge Base of Amazon Web Services Cloud Environment for the Securities and Exchange Commission (ACES),Pilot,Pilot,In-house,In-house Development,Generative AI,IT,,Not High-impact,
2025-2786,2025,SEC,Extracting data from FOIA request forms,Deployed,Deployed,Vendor and in-house,Contracting and In House,Generative AI,Admin Functions,GDIT,Not High-impact,
2025-2787,2025,SEC,Enhancing Analysis of SEC Web Engagement Trends Using AI,Pre-deployment,Pre-deployment,,,Classical ML,Service Delivery,,Not High-impact,
2025-2788,2025,SEC,Analyzing Registered Offerings Data to Understand Capital Formation Trends,Pre-deployment,Pre-deployment,,,Classical ML,Other,,Not High-impact,
2025-2789,2025,SEC,AI-enabled information collection and curation,Pre-deployment,Pre-deployment,,,Agentic AI,IT,,Not High-impact,
2025-2790,2025,SEC,AI-enabled information dissemination,Pre-deployment,Pre-deployment,,,Agentic AI,IT,,Not High-impact,
2025-2791,2025,SEC,Legal Research (Lexis+),Deployed,Deployed,Vendor,Vendor Purchased,Generative AI,Other,RELX (Lexis),Not High-impact,
2025-2792,2025,SEC,Legal Research (Westlaw Precision),Deployed,Deployed,Vendor,Vendor Purchased,Generative AI,Other,West Publishing,Not High-impact,
2025-2793,2025,SEC,Use natural language to query crypto market data and create on demand visualizations with prepopulated thresholds,Pre-deployment,Pre-deployment,,,Generative AI,Other,,Not High-impact,
2025-2794,2025,SEC,Identifying Citations of SEC Publications to Measure Market Impact,Pre-deployment,Pre-deployment,,,Classical ML,Service Delivery,,Not High-impact,
2025-2795,2025,SEC,Analyzing EDGAR Search Trends to Understand Public Interest in Filings,Pre-deployment,Pre-deployment,,,Classical ML,Service Delivery,,Not High-impact,
2025-2796,2025,SEC,Analyzing Form ADV Data to Identify Trends Among Investment Advisers,Pre-deployment,Pre-deployment,,,Classical ML,Other,,Not High-impact,
2025-2797,2025,SEC,Create description of documents for records management in sharepoint,Pre-deployment,Pre-deployment,,,Generative AI,Admin Functions,,Not High-impact,
2025-2798,2025,SEC,Improve efficiency of comment letter ingestion,Deployed,Deployed,Vendor and in-house,Contracting and In House,Classical ML,Service Delivery,,Not High-impact,
2025-2799,2025,SEC,Testing Developer Workflows,Retired,Retired,,,,,,Not High-impact,L0675
2025-2800,2025,SSA,Duplicate Identification Process,Deployed,Deployed,Vendor,Vendor Purchased,Classical ML,Benefits Processing,Hyperscience,Not High-impact,L0431
2025-2801,2025,SSA,Handwriting Recognition of Forms; Intelligent Document Processing Platform - Forms Classification and Data Extraction,Deployed,Deployed,Vendor,Vendor Purchased,Computer Vision,Benefits Processing,Hyperscience,Not High-impact,L0432
2025-2802,2025,SSA,PolicyNet Plain Language Search Engine,Deployed,Deployed,In-house,In-house Development,Classical ML,Admin Functions,,Not High-impact,L0437
2025-2803,2025,SSA,Agency Support Companion (ASC) chatbot,Deployed,Deployed,Vendor and in-house,Contracting and In House,Generative AI,IT,Microsoft / OpenAI,Not High-impact,L0442
2025-2804,2025,SSA,Data Governance Product (DGP) -  Data cataloging and predictive analysis of data assets.,Deployed,Deployed,Vendor,Vendor Purchased,Generative AI,IT,Informatica,Not High-impact,L0444
2025-2805,2025,SSA,Intelligent generation of modernized code.,Deployed,Deployed,Vendor,Vendor Purchased,Generative AI,IT,AveriSource,Not High-impact,L0443
2025-2806,2025,SSA,Policy Assistance Tool (PAT),Pilot,Pilot,Vendor and in-house,Contracting and In House,Generative AI,Benefits Processing,Microsoft / OpenAI,High-impact,
2025-2807,2025,SSA,Coding Assistance,Pre-deployment,Pre-deployment,Vendor,Vendor Purchased,Agentic AI,IT,Windsurf,Not High-impact,
2025-2808,2025,SSA,Mainframe code modernization assistant,Pre-deployment,Pre-deployment,Vendor,Vendor Purchased,Generative AI,IT,"IBM WatsonX Code Assistant
Broadcom Code for Z",Not High-impact,
2025-2809,2025,SSA,Enterprise Ticketing System (ETS),Deployed,Deployed,Vendor and in-house,Contracting and In House,Other,IT,"ServiceNow
AWS",Not High-impact,
2025-2810,2025,SSA,General Use Chatbot,Pilot,Pilot,Vendor,Vendor Purchased,Generative AI,IT,Microsoft - M365 Copilot Chat,Not High-impact,
2025-2811,2025,SSA,AI Comment Analysis,Pilot,Pilot,In-house,In-house Development,Generative AI,Service Delivery,,Not High-impact,
2025-2812,2025,SSA,Modernized Development Worksheet (MDW),Deployed,Deployed,In-house,In-house Development,Classical ML,Benefits Processing,,Not High-impact,L0433
2025-2813,2025,SSA,Pre-Effectuation Review (PER) / Targeted Denial Review (TDR) Models,Deployed,Deployed,In-house,In-house Development,Classical ML,Benefits Processing,,High-impact,L1094
2025-2814,2025,SSA,Continuing Disability Review Model,Deployed,Deployed,In-house,In-house Development,Classical ML,Benefits Processing,,High-impact,L0434
2025-2815,2025,SSA,Social Security Income (SSI) Redetermination Model,Deployed,Deployed,In-house,In-house Development,Classical ML,Benefits Processing,,High-impact,L1079
2025-2816,2025,SSA,Proactive Triage and Analysis of Hearings (PATH),Deployed,Deployed,In-house,In-house Development,Classical ML,Benefits Processing,,High-impact,L0435
2025-2817,2025,SSA,Generative Artificial Intelligence (AI) for Analytic Insights,Deployed,Deployed,Vendor,Vendor Purchased,Generative AI,IT,Microsoft / OpenAI,Not High-impact,
2025-2818,2025,SSA,Customer Insight Tool,Deployed,Deployed,Vendor and in-house,Contracting and In House,NLP,Service Delivery,Medallia,Not High-impact,L0439
2025-2819,2025,SSA,Benefit and Earnings Public Use File,Deployed,Deployed,In-house,In-house Development,Classical ML,Other,,Not High-impact,L0440
2025-2820,2025,SSA,Mobile Wage Reporting,Deployed,Deployed,Vendor and in-house,Contracting and In House,Computer Vision,Benefits Processing,AWS,Not High-impact,
2025-2821,2025,SSA,"SSA 800# Public Question & Answer Bot and OIG Hotline recording of fraud, waste and abuse.",Deployed,Deployed,Vendor,Vendor Purchased,Generative AI,Service Delivery,AWS,Not High-impact,
2025-2822,2025,SSA,Digital Identity Verification Services,Deployed,Deployed,Vendor,Vendor Purchased,Computer Vision,Cybersecurity,ID.me,High-impact,
2025-2823,2025,SSA,Insight,Deployed,Deployed,In-house,In-house Development,Classical ML,Benefits Processing,,Not High-impact,L0429
2025-2824,2025,SSA,Intelligent Medical Language Analysis Generation (IMAGEN),Deployed,Deployed,In-house,In-house Development,Classical ML,Benefits Processing,,High-impact,L0430
2025-2825,2025,SSA,Speech to Text Video Transcription,Deployed,Deployed,Vendor,Vendor Purchased,NLP,Benefits Processing,Microsoft,Not High-impact,L0438
2025-2826,2025,SSA,Vocational Assessment Assistant Tool  (VAAT),Deployed,Deployed,Vendor and in-house,Contracting and In House,Generative AI,Benefits Processing,Microsoft / OpenAI,High-impact,
2025-2827,2025,SSA,Application Observability Support,Deployed,Deployed,Vendor,Vendor Purchased,Classical ML,Cybersecurity,Dynatrace,Not High-impact,
2025-2828,2025,SSA,Therapy Chatbot - Text-Based Mental Health Support for SSA Employees,Deployed,Deployed,Vendor,Vendor Purchased,Generative AI,Health and Medical,Espyr/Acentra,Not High-impact,L0441
2025-2829,2025,SSA,Training Interaction Simulator,Deployed,Deployed,Vendor,Vendor Purchased,Generative AI,HR,Skillsoft/Percipio,Not High-impact,
2025-2830,2025,SSA,Human Resource Chatbot,Deployed,Deployed,Vendor,Vendor Purchased,Generative AI,HR,Microsoft / OpenAI,Not High-impact,
2025-2831,2025,SSA,Training Audio and Video Generation,Pilot,Pilot,Vendor,Vendor Purchased,Generative AI,HR,"Adobe, Articulate, and Vyond",Not High-impact,
2025-2832,2025,SSA,Quick Disability Determinations Model,Deployed,Deployed,Vendor,Vendor Purchased,Classical ML,Benefits Processing,IBM,High-impact,L0436
2025-2833,2025,STATE,AI Input in Translation,Deployed,Deployed,Vendor,Vendor Purchased,Generative AI,Other,RWS,Not High-impact,L0446
2025-2834,2025,STATE,FOIA Web ML Document Indexer,Retired,Retired,,,,,,Not High-impact,L0447
2025-2835,2025,STATE,AI-Augmented Declassification Review,Deployed,Deployed,Vendor and in-house,Contracting and In House,Classical ML,Admin Functions,Deloitte,High-impact,
2025-2836,2025,STATE,BudgetChat AI Tool,Pilot,Pilot,In-house,In-house Development,Generative AI,Admin Functions,,Not High-impact,L0448
2025-2837,2025,STATE,Evaluating Customer Feedback and Sentiments with AI,Pilot,Pilot,In-house,In-house Development,Generative AI,Service Delivery,,Not High-impact,L0452
2025-2838,2025,STATE,Consular Affairs FaceVACS,Pre-deployment,Pre-deployment,,,Classical ML,Service Delivery,,Not High-impact,
2025-2839,2025,STATE,Travel.State.Gov (TSG) Enhanced Search and Chatbot,Retired,Retired,,,,,,Not High-impact,L0454
2025-2840,2025,STATE,Travel.state.gov (TSG) Content Refinement with AI Text Editor,Retired,Retired,,,,,,Not High-impact,L0449
2025-2841,2025,STATE,Predictive Analytics Platform,Retired,Retired,,,,,,Not High-impact,L0450
2025-2842,2025,STATE,Innovation and Transformation Measurement and Prediction,Retired,Retired,,,,,,Not High-impact,L0451
2025-2843,2025,STATE,CodeGen - AI-assisted IT Application Development,Retired,Retired,,,,,,Not High-impact,L0455
2025-2844,2025,STATE,Translation of Consular Content using AI,Retired,Retired,,,,,,Not High-impact,L0453
2025-2845,2025,STATE,NIV Adjudication Review Recommendation Engine (ARRE),Pilot,Pilot,Vendor and in-house,Contracting and In House,Classical ML,Admin Functions,Guidehouse,Not High-impact,
2025-2846,2025,STATE,Live Consular AI Language Augmentation (LCALA) - Visa Interview Pilot,Pilot,Pilot,Vendor,Vendor Purchased,NLP,Other,Microsoft,High-impact,
2025-2847,2025,STATE,AI Programmatic Insights,Deployed,Deployed,In-house,In-house Development,Generative AI,Other,,Not High-impact,
2025-2848,2025,STATE,RegScale,Pre-deployment,Pre-deployment,,,NLP,Cybersecurity,,Not High-impact,
2025-2849,2025,STATE,Live Consular AI Language Augmentation (LCALA) - OCS/ACS Pilot,Pilot,Pilot,Vendor,Vendor Purchased,NLP,Emergency Mgmt,Microsoft,Not High-impact,
2025-2850,2025,STATE,Within Grade Increase Data Extraction Automation,Deployed,Deployed,Vendor and in-house,Contracting and In House,NLP,Procurement and Finance Mgmt,GCP,Not High-impact,
2025-2851,2025,STATE,DS-5528 Promissory Note Automation,Deployed,Deployed,Vendor and in-house,Contracting and In House,NLP,Procurement and Finance Mgmt,Google,Not High-impact,
2025-2852,2025,STATE,StateInsight,Pre-deployment,Pre-deployment,,,NLP,Procurement and Finance Mgmt,,Not High-impact,
2025-2853,2025,STATE,Violence Against Civilians Model,Retired,Retired,,,,,,Not High-impact,L0456
2025-2854,2025,STATE,Mass Mobilization Model,Retired,Retired,,,,,,Not High-impact,L0458
2025-2855,2025,STATE,Senturion Alpha,Retired,Retired,,,,,,Not High-impact,L0457
2025-2856,2025,STATE,User and Entity Behavior Analytics (UEBA),Retired,Retired,,,,,,Not High-impact,
2025-2857,2025,STATE,Diplomatic Security - Legal Instruction Unit,Pilot,Pilot,Vendor and in-house,Contracting and In House,Generative AI,Law Enforcement,"LexisNexis, ChatGPT",Not High-impact,
2025-2858,2025,STATE,Data.State Analytics and AI Funhouse,Deployed,Deployed,Vendor and in-house,Contracting and In House,Other,IT,"Microsoft, Databricks, ZenPoint",Not High-impact,
2025-2859,2025,STATE,FOIA 360 AI Matching Tool,Retired,Retired,,,,,,Not High-impact,L0468
2025-2860,2025,STATE,Property and Procurement Analytics,Pre-deployment,Pre-deployment,,,Classical ML,Admin Functions,,Not High-impact,L0445
2025-2861,2025,STATE,AI Accelerator,Pre-deployment,Pre-deployment,,,Generative AI,Admin Functions,,Not High-impact,
2025-2862,2025,STATE,AI Research Engine (AIRE),Deployed,Deployed,Vendor and in-house,Contracting and In House,Generative AI,IT,Deloitte,Not High-impact,
2025-2863,2025,STATE,PFCS Proving Ground,Deployed,Deployed,Vendor and in-house,Contracting and In House,Other,IT,Palantir,Not High-impact,
2025-2864,2025,STATE,DT Data Analytics and Assessment (DAA) AI Use Case ITCP Data Harvest,Retired,Retired,,,,,,Not High-impact,L0459
2025-2865,2025,STATE,POA&M Orchestration,Retired,Retired,,,,,,Not High-impact,L0460
2025-2866,2025,STATE,StateChat,Deployed,Deployed,Vendor,Vendor Purchased,Generative AI,IT,"Palantir, OpenAI",Not High-impact,L0469
2025-2867,2025,STATE,J Reports Data Collection & Management Tool (DCT),Retired,Retired,,,,,,Not High-impact,L0466
2025-2868,2025,STATE,Electronic Health Record AI Enhancements,Deployed,Deployed,Vendor and in-house,Contracting and In House,Generative AI,Health and Medical,Palantir,High-impact,
2025-2869,2025,STATE,TIP Report Research Translation,Deployed,Deployed,Vendor and in-house,Contracting and In House,Generative AI,Other,"Deloitte, AzureAI",Not High-impact,L0467
2025-2870,2025,STATE,ECA Program Management and Outreach - Summarization,Retired,Retired,,,,,,Not High-impact,L0470
2025-2871,2025,STATE,Natural Language Processing (NLP) for Foreign Assistance Appropriations Analysis,Deployed,Deployed,Vendor and in-house,Contracting and In House,NLP,Service Delivery,Guidehouse,Not High-impact,
2025-2872,2025,STATE,ForeignAssistance.gov Processing for Mismatched Data,Retired,Retired,,,,,,Not High-impact,L0461
2025-2873,2025,STATE,FA.gov PII Picker,Deployed,Deployed,Vendor and in-house,Contracting and In House,NLP,International Affairs,Guidehouse,Not High-impact,
2025-2874,2025,STATE,Integrated Country Strategy (ICS) Turbo,Deployed,Deployed,Vendor and in-house,Contracting and In House,NLP,International Affairs,Guidehouse,Not High-impact,
2025-2875,2025,STATE,FA.gov RedactAid,Deployed,Deployed,Vendor and in-house,Contracting and In House,Classical ML,International Affairs,Guidehouse,Not High-impact,
2025-2876,2025,STATE,Digital Media Analytics Platform,Deployed,Deployed,In-house,In-house Development,Generative AI,International Affairs,,Not High-impact,L0472
2025-2877,2025,STATE,AI Tools to Enhance PD Workflows,Retired,Retired,,,,,,Not High-impact,L0473
2025-2878,2025,STATE,Rosie Chat Bot,Pilot,Pilot,In-house,In-house Development,Generative AI,HR,,Not High-impact,
2025-2879,2025,STATE,Utility Invoices Data Extraction,Deployed,Deployed,In-house,In-house Development,Classical ML,Admin Functions,,Not High-impact,
2025-2880,2025,STATE,Database for Arrivals,Pre-deployment,Pre-deployment,,,Computer Vision,HR,,Not High-impact,
2025-2881,2025,STATE,AI SharePoint Chatbot,Pre-deployment,Pre-deployment,,,Generative AI,IT,,Not High-impact,
2025-2882,2025,STATE,Databricks Code Assistant,Pre-deployment,Pre-deployment,,,Generative AI,IT,,Not High-impact,
2025-2883,2025,STATE,Automatic Detection of Authentic Material,Pilot,Pilot,In-house,In-house Development,NLP,Other,,Not High-impact,
2025-2884,2025,STATE,Office of the Historian (OH) Historical Analysis for Negotiations,Pilot,Pilot,In-house,In-house Development,Generative AI,International Affairs,,Not High-impact,
2025-2885,2025,STATE,FSI Enterprise Operations - Gaming and Simulations,Retired,Retired,,,,,,Not High-impact,L0463
2025-2886,2025,STATE,Enhancing Training Effectiveness in FSILearn Using AI,Retired,Retired,,,,,,Not High-impact,L0465
2025-2887,2025,STATE,FSI Continuous Learning Solutions,Retired,Retired,,,,,,Not High-impact,L0464
2025-2888,2025,STATE,Creating Persistent Virtual Reality Personas for Dynamic Training,Pre-deployment,Pre-deployment,,,Generative AI,Other,,Not High-impact,L0462
2025-2889,2025,STATE,Natural Language Processing (NLP) to pull key information from unstructured texts,Retired,Retired,,,,,,Not High-impact,
2025-2890,2025,STATE,Storyzy,Retired,Retired,,,,,,Not High-impact,L0471
2025-2891,2025,STATE,Walter:  Generative AI Support Bot,Deployed,Deployed,Vendor,Vendor Purchased,Generative AI,IT,Microsoft,Not High-impact,
2025-2892,2025,STATE,WHA/EX Information Management,Deployed,Deployed,Vendor and in-house,Contracting and In House,Generative AI,IT,Microsoft,Not High-impact,
2025-2893,2025,STB,Copilot for Appian,Pre-deployment,Pre-deployment,,,NLP,Other,,"Presumed High-Impact, but Not High-impact",
2025-2894,2025,STB,RelativityOne,Pre-deployment,Pre-deployment,,,NLP,Other,,"Presumed High-Impact, but Not High-impact",
2025-2895,2025,TREAS,AskBEP AI ChatBot,Pilot,Pilot,Vendor and in-house,Contracting and In House,NLP,IT,,Not High-impact,
2025-2896,2025,TREAS,Sub-Asset Maintenance Model,Deployed,Deployed,Vendor and in-house,Contracting and In House,Classical ML,Procurement and Finance Mgmt,,Not High-impact,
2025-2897,2025,TREAS,Ink and Paper Consumption Forecast (IPCF),Pre-deployment,Pre-deployment,,,Classical ML,Procurement and Finance Mgmt,,Not High-impact,
2025-2898,2025,TREAS,Inventory Replenishment Forecast,Deployed,Deployed,Vendor and in-house,Contracting and In House,Classical ML,Procurement and Finance Mgmt,,Not High-impact,
2025-2899,2025,TREAS,IDV Model,Deployed,Deployed,Vendor and in-house,Contracting and In House,Classical ML,Procurement and Finance Mgmt,,Not High-impact,
2025-2900,2025,TREAS,eDiscovery Software,Pre-deployment,Pre-deployment,,,Generative AI,Admin Functions,,Not High-impact,
2025-2901,2025,TREAS,Large Language Model (LLM) Chatbot for Proof of Concept,Pilot,Pilot,Vendor and in-house,Contracting and In House,Generative AI,IT,,Not High-impact,
2025-2902,2025,TREAS,Large Language Model (LLM) Coding for Proof of Concept,Pilot,Pilot,In-house,In-house Development,Generative AI,IT,,Not High-impact,
2025-2903,2025,TREAS,USAspending Natural Language Search Initiative,Pilot,Pilot,In-house,In-house Development,NLP,Procurement and Finance Mgmt,,Not High-impact,
2025-2904,2025,TREAS,GenAI Productivity Tool Pilot,Pilot,Pilot,Vendor,Vendor Purchased,Generative AI,Admin Functions,,Not High-impact,
2025-2905,2025,TREAS,FRB AI Code Translation POC,Pilot,Pilot,In-house,In-house Development,Generative AI,IT,,Not High-impact,
2025-2906,2025,TREAS,CoCounsel tool used in the legal office,Pre-deployment,Pre-deployment,,,Generative AI,Admin Functions,,Not High-impact,
2025-2907,2025,TREAS,Knowledge Retrieval Chatbot POC,Pre-deployment,Pre-deployment,In-house,In-house Development,Generative AI,IT,,Not High-impact,
2025-2908,2025,TREAS,Open source Python library and models for NLP,Pilot,Pilot,Vendor,Vendor Purchased,NLP,IT,,Not High-impact,
2025-2909,2025,TREAS,AI-assisted Procurement POC,Pilot,Pilot,Vendor,Vendor Purchased,Generative AI,Procurement and Finance Mgmt,,Not High-impact,
2025-2910,2025,TREAS,FORMS AI,Deployed,Deployed,Vendor and in-house,Contracting and In House,Generative AI,IT,,Not High-impact,
2025-2911,2025,TREAS,Pilot a suite of Fiscal Service Gen AI solutions,Pilot,Pilot,Vendor and in-house,Contracting and In House,Classical ML,IT,,Not High-impact,
2025-2912,2025,TREAS,Application to AI services integration POC,Pilot,Pilot,Vendor,Vendor Purchased,Other,Service Delivery,,Not High-impact,
2025-2913,2025,TREAS,AI Application and Agent Management POC,Pre-deployment,Pre-deployment,,,Generative AI,IT,,Not High-impact,
2025-2914,2025,TREAS,Research / Discovery on GenAI Product for IT,Pre-deployment,Pre-deployment,,,Generative AI,IT,,Not High-impact,
2025-2915,2025,TREAS,Research / Discovery on GenAI Product for IT,Pre-deployment,Pre-deployment,,,Generative AI,IT,,Not High-impact,
2025-2916,2025,TREAS,Research / Discovery on GenAI Product for IT,Pre-deployment,Pre-deployment,,,Generative AI,IT,,Not High-impact,
2025-2917,2025,TREAS,Research / Discovery on GenAI Product for IT,Pre-deployment,Pre-deployment,,,Generative AI,IT,,Not High-impact,
2025-2918,2025,TREAS,Research / Discovery on GenAI Product for HR,Pre-deployment,Pre-deployment,,,Generative AI,HR,,Not High-impact,
2025-2919,2025,TREAS,Research / Discovery on GenAI Product for IT,Pre-deployment,Pre-deployment,,,Generative AI,IT,,Not High-impact,
2025-2920,2025,TREAS,Local LLMs Evaluation,Pre-deployment,Pre-deployment,Vendor and in-house,Contracting and In House,Generative AI,IT,,Not High-impact,
2025-2921,2025,TREAS,GenAI Productivity Tool with Web Grounding Pilot,Pre-deployment,Pre-deployment,Vendor,Vendor Purchased,Generative AI,IT,,Not High-impact,
2025-2922,2025,TREAS,Establish localized Large Language Model (LLM),Pilot,Pilot,In-house,In-house Development,Generative AI,IT,,Not High-impact,
2025-2923,2025,TREAS,Regulatory Reform Tool,Pre-deployment,Pre-deployment,,,Generative AI,Admin Functions,,High-impact,
2025-2924,2025,TREAS,SBSE - Payments Topics Chatbot,Deployed,Deployed,Vendor and in-house,Contracting and In House,NLP,Service Delivery,,Not High-impact,
2025-2925,2025,TREAS,Joint Committee on Taxation Review Research Aide,Pre-deployment,Pre-deployment,,,Generative AI,Admin Functions,,Not High-impact,L1102
2025-2926,2025,TREAS,Local GenAI Pilot,Pilot,Pilot,In-house,In-house Development,Generative AI,IT,,Not High-impact,
2025-2927,2025,TREAS,Internal Revenue Manual Research Aid (IRMA),Pilot,Pilot,Vendor and in-house,Contracting and In House,Generative AI,IT,,Not High-impact,L0481
2025-2928,2025,TREAS,Answering Employee Questions with Natural Language Processing in IRWorks,Deployed,Deployed,Vendor,Vendor Purchased,NLP,IT,,Not High-impact,L0483
2025-2929,2025,TREAS,Form 990N Machine Learning Model,Deployed,Deployed,In-house,In-house Development,Classical ML,IT,,Not High-impact,
2025-2930,2025,TREAS,Volunteer Income Tax Assistance (VITA) Generative AI Chatbot Proof of Concept,Retired,Retired,,,,,,Not High-impact,L0484
2025-2931,2025,TREAS,Ask-CFO Research Aide,Pre-deployment,Pre-deployment,,,Generative AI,Admin Functions,,Not High-impact,L0485
2025-2932,2025,TREAS,Sandbox for Large Language Model Research,Pre-deployment,Pre-deployment,,,Generative AI,Admin Functions,,Not High-impact,
2025-2933,2025,TREAS,Digital Forensics Chatbot for IRS Employees,Retired,Retired,,,,,,Not High-impact,L0486
2025-2934,2025,TREAS,Generative AI for Form 1040X: Support Tool for Amended Returns (STAR),Retired,Retired,,,,,,Not High-impact,
2025-2935,2025,TREAS,DATA Act Bot for Procurement Data Matching,Deployed,Deployed,Vendor and in-house,Contracting and In House,NLP,Procurement and Finance Mgmt,,Not High-impact,L0478
2025-2936,2025,TREAS,Taxpayer Services Chatbot,Deployed,Deployed,Vendor and in-house,Contracting and In House,NLP,Service Delivery,,Not High-impact,L0476
2025-2937,2025,TREAS,Machine Translation,Deployed,Deployed,Vendor and in-house,Contracting and In House,Classical ML,Service Delivery,,Not High-impact,L0479
2025-2938,2025,TREAS,Employee Resource Center (ERC) Chatbot,Deployed,Deployed,Vendor,Vendor Purchased,NLP,HR,,Not High-impact,L0474
2025-2939,2025,TREAS,Winnie Chatbot for Employee IT FAQs,Retired,Retired,,,,,,Not High-impact,L0477
2025-2940,2025,TREAS,Synthetic Data Engine,Deployed,Deployed,Vendor,Vendor Purchased,Classical ML,IT,,Not High-impact,
2025-2941,2025,TREAS,AI Contract Document Toolbox,Deployed,Deployed,Vendor,Vendor Purchased,Generative AI,Procurement and Finance Mgmt,,"Presumed High-Impact, but Not High-impact",
2025-2942,2025,TREAS,Tax Disclosure Text Clustering,Deployed,Deployed,Vendor and in-house,Contracting and In House,NLP,Admin Functions,,Not High-impact,
2025-2943,2025,TREAS,Employee Retention Credit Text Clustering,Deployed,Deployed,Vendor and in-house,Contracting and In House,NLP,Admin Functions,,Not High-impact,
2025-2944,2025,TREAS,Safeguards,Pre-deployment,Pre-deployment,,,Generative AI,Service Delivery,,Not High-impact,
2025-2945,2025,TREAS,IRS IaaP Accelerator ( AI-Powered Infrastructure as a Product Accelerator),Pre-deployment,Pre-deployment,,,Agentic AI,IT,,High-impact,
2025-2946,2025,TREAS,Qualitative Text Classification for Analysis,Pre-deployment,Pre-deployment,,,Generative AI,Admin Functions,,Not High-impact,
2025-2947,2025,TREAS,Forms Conversion,Pre-deployment,Pre-deployment,,,Generative AI,Service Delivery,,Not High-impact,
2025-2948,2025,TREAS,Zero Paper AI Routing for Digitalization,Pre-deployment,Pre-deployment,,,Agentic AI,IT,,Not High-impact,
2025-2949,2025,TREAS,Modular Code Assistant (Explain & Refactor Small Methods) for Automation Test Application Development,Deployed,Deployed,In-house,In-house Development,Generative AI,IT,,Not High-impact,
2025-2950,2025,TREAS,Digitalization AI Agent,Pre-deployment,Pre-deployment,,,Generative AI,Admin Functions,,Not High-impact,
2025-2951,2025,TREAS,Integrated Financial Management Information System (IFMIS),Pre-deployment,Pre-deployment,,,Generative AI,IT,,Not High-impact,
2025-2952,2025,TREAS,Integrated Data Retrieval System Modernization,Pre-deployment,Pre-deployment,,,Other,IT,,Not High-impact,
2025-2953,2025,TREAS,Treasury Readability,Pre-deployment,Pre-deployment,,,Generative AI,Procurement and Finance Mgmt,,Not High-impact,
2025-2954,2025,TREAS,Modernization Accelerator - Legacy Applications Chatbot & Code Conversion,Retired,Retired,,,,,,Not High-impact,L0480
2025-2955,2025,TREAS,Modernization Accelerator,Retired,Retired,,,,,,Not High-impact,
2025-2956,2025,TREAS,Data Integration using Informatica Data Management Cloud,Retired,Retired,,,,,,Not High-impact,L0482
2025-2957,2025,TREAS,Resume Scanner,Retired,Retired,,,,,,High-impact,
2025-2958,2025,TREAS,Line-Item Consolidation for Form 1120,Deployed,Deployed,In-house,In-house Development,NLP,Admin Functions,,Not High-impact,
2025-2959,2025,TREAS,Taxpayer 90,Retired,Retired,,,,,,Not High-impact,
2025-2960,2025,TREAS,Ticket Management Generative AI Pilot,Deployed,Deployed,Vendor,Vendor Purchased,Generative AI,IT,,Not High-impact,
2025-2961,2025,TREAS,GenAI for Low Code Platform,Pre-deployment,Pre-deployment,,,Generative AI,HR,,High-impact,
2025-2962,2025,TREAS,Statistical Information Services Customer Correspondence Analytics,Pre-deployment,Pre-deployment,,,Generative AI,Admin Functions,,Not High-impact,
2025-2963,2025,TREAS,1040X AI Transcription,Pre-deployment,Pre-deployment,,,Computer Vision,Admin Functions,,Not High-impact,
2025-2964,2025,TREAS,Accounts Management “Balance Due” Call Transcript Classification,Pilot,Pilot,In-house,In-house Development,NLP,Service Delivery,,Not High-impact,
2025-2965,2025,TREAS,Identity Verification,Deployed,Deployed,Vendor,Vendor Purchased,Classical ML,Service Delivery,,Not High-impact,
2025-2966,2025,TREAS,Robotic Process Automation for Form 941-X Extraction,Retired,Retired,,,,,,Not High-impact,L0475
2025-2967,2025,TREAS,"Procurement Data Transparency, Reporting, & Decision Tracking",Deployed,Deployed,Vendor,Vendor Purchased,NLP,Procurement and Finance Mgmt,,Not High-impact,
2025-2968,2025,TREAS,Legislative Analysis Tool,Pilot,Pilot,In-house,In-house Development,Generative AI,IT,,Not High-impact,
2025-2969,2025,TREAS,F1023 Hybrid NLP and ML Pipeline,Pre-deployment,Pre-deployment,,,NLP,IT,,Not High-impact,
2025-2970,2025,TREAS,Integrate Word Processor AI for Digitalization,Deployed,Deployed,Vendor and in-house,Contracting and In House,Classical ML,Service Delivery,,Not High-impact,
2025-2971,2025,TREAS,AI Voiceover Generation for eLearning Development,Deployed,Deployed,Vendor,Vendor Purchased,Generative AI,HR,,Not High-impact,
2025-2972,2025,TREAS,Enterprise Systems Testing Generative Pre-Trained Transformer (EST Knowledge Source and Documentation AI Tool),Pre-deployment,Pre-deployment,,,Generative AI,IT,,Not High-impact,
2025-2973,2025,TREAS,Using Text Summarization for Open-Ended Survey Responses,Pre-deployment,Pre-deployment,,,Generative AI,Science,,Not High-impact,
2025-2974,2025,TREAS,A6020(b) Combined Annual Wage Reporting Automation,Retired,Retired,,,,,,Not High-impact,
2025-2975,2025,TREAS,TP360 IRM Research Companion,Pre-deployment,Pre-deployment,,,Generative AI,Service Delivery,,Not High-impact,
2025-2976,2025,TREAS,Procurement Research,Pre-deployment,Pre-deployment,,,Generative AI,Procurement and Finance Mgmt,,"Presumed High-Impact, but Not High-impact",
2025-2977,2025,TREAS,AI-Augmented Software Modernization and Insight,Pilot,Pilot,In-house,In-house Development,Generative AI,IT,,Not High-impact,
2025-2978,2025,TREAS,Resume Ranking Engine,Pre-deployment,Pre-deployment,,,Generative AI,Admin Functions,,Not High-impact,
2025-2979,2025,TREAS,AI-Powered Enterprise Standard Portfolio (ESP) for End-to-End Technology Lifecycle,Pre-deployment,Pre-deployment,,,Generative AI,IT,,Not High-impact,
2025-2980,2025,TREAS,Form 4546 IDR Question-Answering Automation,Pre-deployment,Pre-deployment,,,Generative AI,Admin Functions,,Not High-impact,
2025-2981,2025,TREAS,Vendor Risk Analytics,Pilot,Pilot,In-house,In-house Development,Classical ML,Procurement and Finance Mgmt,,"Presumed High-Impact, but Not High-impact",
2025-2982,2025,TREAS,AI for Schema Development - Online Adaptive Forms,Pre-deployment,Pre-deployment,,,Generative AI,Service Delivery,,Not High-impact,
2025-2983,2025,TREAS,Using AI to analyze Taxpayer Burden Survey open-ended responses,Pre-deployment,Pre-deployment,,,NLP,Service Delivery,,Not High-impact,
2025-2984,2025,TREAS,AI Assisted Business Process Mapping,Pre-deployment,Pre-deployment,,,Generative AI,Admin Functions,,Not High-impact,
2025-2985,2025,TREAS,ChatOFR AI Chatbot,Deployed,Deployed,In-house,In-house Development,Generative AI,Admin Functions,,Not High-impact,
2025-2986,2025,TREAS,Programmatic Access to LLMs via API,Deployed,Deployed,In-house,In-house Development,Classical ML,Science,,Not High-impact,
2025-2987,2025,TREAS,NCCBR Data Validation Pilot,Pilot,Pilot,In-house,In-house Development,Classical ML,Science,,Not High-impact,
2025-2988,2025,TREAS,Automated Document Processing,Pre-deployment,Pre-deployment,,,Computer Vision,Admin Functions,,Not High-impact,
2025-2989,2025,TREAS,Advanced Anomaly & Changepoint Detection,Pre-deployment,Pre-deployment,,,Classical ML,Science,,Not High-impact,
2025-2990,2025,TREAS,Procurement Intelligence,Pre-deployment,Pre-deployment,,,Classical ML,Procurement and Finance Mgmt,,Not High-impact,
2025-2991,2025,TREAS,Operational Support Bots,Pre-deployment,Pre-deployment,,,Generative AI,IT,,Not High-impact,
2025-2992,2025,TREAS,OCC.Chat,Deployed,Deployed,In-house,In-house Development,Generative AI,IT,,Not High-impact,
2025-2993,2025,TREAS,OCC.InfoAssist,Pilot,Pilot,In-house,In-house Development,Generative AI,IT,,Not High-impact,
2025-2994,2025,TREAS,Rulemaking Comment Analytics,Pre-deployment,Pre-deployment,,,Generative AI,Service Delivery,,Not High-impact,
2025-2995,2025,TREAS,OCC Guidance Summarization,Pre-deployment,Pre-deployment,,,Generative AI,IT,,Not High-impact,
2025-2996,2025,TREAS,Employee Task Organization,Pre-deployment,Pre-deployment,,,Generative AI,IT,,Not High-impact,
2025-2997,2025,TREAS,Regulation Summarization,Pre-deployment,Pre-deployment,,,Generative AI,IT,,Not High-impact,
2025-2998,2025,TREAS,Regulation Statutory and Common Name Indexing,Pre-deployment,Pre-deployment,,,Generative AI,IT,,Not High-impact,
2025-2999,2025,TREAS,Newsletter Content Support,Pre-deployment,Pre-deployment,,,Generative AI,IT,,Not High-impact,
2025-3000,2025,TREAS,Meeting Minute Summarization,Pre-deployment,Pre-deployment,,,Generative AI,IT,,Not High-impact,
2025-3001,2025,TREAS,Visualization Alt-Text Generation,Pre-deployment,Pre-deployment,,,Generative AI,IT,,Not High-impact,
2025-3002,2025,TREAS,Handbook Highlights,Pre-deployment,Pre-deployment,,,Generative AI,IT,,Not High-impact,
2025-3003,2025,TREAS,Training Content Generation,Pre-deployment,Pre-deployment,,,Generative AI,IT,,Not High-impact,
2025-3004,2025,TREAS,Reporting Requirement Analysis,Pre-deployment,Pre-deployment,,,Generative AI,IT,,Not High-impact,
2025-3005,2025,TREAS,Software Code Generation,Pilot,Pilot,In-house,In-house Development,Generative AI,IT,,Not High-impact,
2025-3006,2025,TREAS,OCC Writing Style Adherence,Pre-deployment,Pre-deployment,,,Generative AI,IT,,Not High-impact,
2025-3007,2025,TREAS,Policy Development Editorial Assistant,Pre-deployment,Pre-deployment,,,Generative AI,IT,,Not High-impact,
2025-3008,2025,TREAS,Regulatory Rule Analysis,Pre-deployment,Pre-deployment,,,Generative AI,Service Delivery,,Not High-impact,
2025-3009,2025,TREAS,Public Information Analysis,Pre-deployment,Pre-deployment,,,Generative AI,Service Delivery,,Not High-impact,
2025-3010,2025,TREAS,Narrative Summary and Thematic Analysis,Pre-deployment,Pre-deployment,,,Generative AI,Admin Functions,,Not High-impact,
2025-3011,2025,TREAS,Requirements Elaboration Tool,Pre-deployment,Pre-deployment,,,Generative AI,IT,,Not High-impact,
2025-3012,2025,TREAS,AI Use Case Review and Evaluation Workflow,Pilot,Pilot,In-house,In-house Development,Agentic AI,IT,,Not High-impact,
2025-3013,2025,TREAS,Framework Analysis,Pre-deployment,Pre-deployment,,,Generative AI,Service Delivery,,Not High-impact,
2025-3014,2025,TREAS,Survey Analysis,Pre-deployment,Pre-deployment,,,Generative AI,Admin Functions,,Not High-impact,
2025-3015,2025,TREAS,Research Suitability,Pre-deployment,Pre-deployment,,,Generative AI,IT,,Not High-impact,
2025-3016,2025,TREAS,OCC.DocChat,Pilot,Pilot,Vendor and in-house,Contracting and In House,Generative AI,IT,,Not High-impact,
2025-3017,2025,TREAS,Resource Assignment Optimization,Pre-deployment,Pre-deployment,,,Generative AI,Service Delivery,,Not High-impact,
2025-3018,2025,TREAS,GenAI for Data Platform Operations,Pre-deployment,Pre-deployment,,,Generative AI,IT,,Not High-impact,
2025-3019,2025,TREAS,GenAI Productivity Tool,Deployed,Deployed,Vendor,Vendor Purchased,Generative AI,Admin Functions,,Not High-impact,
2025-3020,2025,TREAS,GenAI Procurement Tool,Pre-deployment,Pre-deployment,Vendor,Vendor Purchased,Classical ML,Procurement and Finance Mgmt,,Not High-impact,
2025-3021,2025,TREAS,Public Chatbot,Pre-deployment,Pre-deployment,,,Generative AI,Service Delivery,,Not High-impact,
2025-3022,2025,TREAS,AI-Enabled Automated Visual Inspection for Mint Product Quality Assurance in Production Lines,Pre-deployment,Pre-deployment,,,Computer Vision,IT,,Not High-impact,
2025-3023,2025,TREAS,AI-Driven Predictive Maintenance for Mint Manufacturing Equipment and Production Assets,Pre-deployment,Pre-deployment,,,Classical ML,IT,,Not High-impact,
2025-3024,2025,TVA,Optiwatt EV Load Model,,,,,,Energy and Environment,,,L0847
2025-3025,2025,TVA,Cold-Weather Heat Pump Model,,,,,,Energy and Environment,,,L0848
2025-3026,2025,TVA,EE/DR Smart Thermostat Impact Model,,,,,,Energy and Environment,,,L0849
2025-3027,2025,TVA,Standard EE/BE Measure Impact Models,,,,,,Energy and Environment,,,L0850
2025-3028,2025,TVA,EnergyRightPSPImpactsForecasting,,,,,,Energy and Environment,,,L0851
2025-3029,2025,TVA,CESASolarModel,,,,,,Energy and Environment,,,L0852
2025-3030,2025,TVA,CESAFCAAllocator,,,,,,Energy and Environment,,,L0853
2025-3031,2025,TVA,EnergyRightDERPortfolioEvaluation,,,,,,Energy and Environment,,,L0854
2025-3032,2025,TVA,Arkio,,,,,,IT,,,
2025-3033,2025,TVA,Extreme Load Analysis,,,,,,Energy and Environment,,,L0837
2025-3034,2025,TVA,CAP Automation,,,,,,Energy and Environment,,,L0840
2025-3035,2025,TVA,CR intelligent search,,,,,,Energy and Environment,,,L0841
2025-3036,2025,TVA,Heliviewer,,,,,,Energy and Environment,,,L0843
2025-3037,2025,TVA,ICI camera,,,,,,Energy and Environment,,,L0844
2025-3038,2025,TVA,Load Forecasting,,,,,,Energy and Environment,,,L0856
2025-3039,2025,TVA,Talkwalker,,,,,,Admin Functions,,,
2025-3040,2025,TVA,ArcGIS,,,,,,Energy and Environment,,,L0857
2025-3041,2025,TVA,SEEQ AI,,,,,,Energy and Environment,,,
2025-3042,2025,TVA,Generation Project Funding Estimates,,,,,,Energy and Environment,,,
2025-3043,2025,TVA,GET Enhancement,,,,,,Energy and Environment,,,
2025-3044,2025,TVA,GMET Enhancement,,,,,,Energy and Environment,,,
2025-3045,2025,TVA,GMET Multivariate analysis,,,,,,Energy and Environment,,,
2025-3046,2025,TVA,GET,,,,,,Energy and Environment,,,L0845
2025-3047,2025,TVA,GMET,,,,,,Energy and Environment,,,L0846
2025-3048,2025,TVA,AI-Enhanced Search,,,,,,IT,,,L0862
2025-3049,2025,TVA,Copilot,,,,,,Admin Functions,,,
2025-3050,2025,TVA,Github Copilot,,,,,,IT,,,
2025-3051,2025,TVA,Data Services Business Context Definition,,,,,,IT,,,
2025-3052,2025,TVA,Cisco ML,,,,,,Cybersecurity,,,
2025-3053,2025,TVA,Datum,,,,,,IT,,,
2025-3054,2025,TVA,AWS Q,,,,,,IT,,,
2025-3055,2025,TVA,ChatSPP,,,,,,Admin Functions,,,
2025-3056,2025,TVA,COBIT and ATAD Prediction,,,,,,IT,,,
2025-3057,2025,TVA,Land Management Records,,,,,,Energy and Environment,,,
2025-3058,2025,TVA,Environmental Documentation,,,,,,Energy and Environment,,,
2025-3059,2025,TVA,Bill of Material,,,,,,Energy and Environment,,,
2025-3060,2025,TVA,TVA Today AI,,,,,,Energy and Environment,,,
2025-3061,2025,TVA,Non-NPG CAP,,,,,,Energy and Environment,,,
2025-3062,2025,TVA,AWS Transcribe,,,,,,HR,,,
2025-3063,2025,TVA,Amazon Connect,,,,,,IT,,,
2025-3064,2025,TVA,Enscape,,,,,,IT,,,
2025-3065,2025,TVA,Thinklabs,,,,,,Energy and Environment,,,
2025-3066,2025,TVA,Specification Intelligence,,,,,,Energy and Environment,,,
2025-3067,2025,TVA,Prism Models for MDM,,,,,,Energy and Environment,,,L0855
2025-3068,2025,TVA,Advanced Network Anomaly Detection,,,,,,IT,,,L0858
2025-3069,2025,TVA,Perimeter Defense,,,,,,IT,,,L0861
2025-3070,2025,TVA,CAP Enhancement,,,,,,Energy and Environment,,,
2025-3071,2025,TVA,Azure Nuclear Permitting Solution,,,,,,Energy and Environment,,,
2025-3072,2025,TVA,Westlaw,,,,,,Other,,,
2025-3073,2025,TVA,Vegetation Management,,,,,,Energy and Environment,,,L0839
2025-3074,2025,TVA,Azure FEWS CUA,,,,,,Energy and Environment,,,
2025-3075,2025,TVA,River Forecast,,,,,,Energy and Environment,,,L0860
2025-3076,2025,TVA,Transmission analytics,,,,,,Energy and Environment,,,
2025-3077,2025,TVA,Materials Intelligent Catalog Assistant,,,,,,Energy and Environment,,,L0838
2025-3078,2025,TVA,Materials tracking,,,,,,Energy and Environment,,,L0842
2025-3079,2025,TVA,Network Anomaly Detection,,,,,,Energy and Environment,,,L0863
2025-3080,2025,TVA,Trade Chat,,,,,,Energy and Environment,,,
2025-3081,2025,TVA,ESRI GIS AI,,,,,,Energy and Environment,,,
2025-3082,2025,TVA,Natural Reader,,,,,,Admin Functions,,,L0859
2025-3083,2025,USDA,ProcureSight,Deployed,Deployed,Vendor,Vendor Purchased,Generative AI,Procurement and Finance Mgmt,ProcureSight,Not High-impact,
2025-3084,2025,USDA,LCAT - Land Change Analysis Technique,Pilot,Pilot,In-house,In-house Development,Classical ML,Science,,Not High-impact,
2025-3085,2025,USDA,Operational Water Supply Forecasting for Western US Rivers,Deployed,Deployed,In-house,In-house Development,Classical ML,Service Delivery,,Not High-impact,L0504
2025-3086,2025,USDA,Conservation Effects Assessment Project,Pre-deployment,Pre-deployment,,,Classical ML,Science,,Not High-impact,L0510
2025-3087,2025,USDA,Digital Imagery (no-change) for NRI Program,Pre-deployment,Pre-deployment,,,Computer Vision,Science,,Not High-impact,L0511
2025-3088,2025,USDA,Dam Inspection Report Document Processing,Deployed,Deployed,In-house,In-house Development,Computer Vision,Admin Functions,,"Presumed High-Impact, but Not High-impact",L0521
2025-3089,2025,USDA,GIS Invasive Tree Extraction for Field Level Users,Deployed,Deployed,In-house,In-house Development,Computer Vision,Energy and Environment,,Not High-impact,L0523
2025-3090,2025,USDA,FSA FLP Chatbot,Pilot,Pilot,Vendor and in-house,Contracting and In House,Generative AI,Service Delivery,Amazon Web Services,Not High-impact,L0525
2025-3091,2025,USDA,ROE Document Recognition - RoeDR,Deployed,Deployed,In-house,In-house Development,NLP,Benefits Processing,,Not High-impact,L0526
2025-3092,2025,USDA,File Rename,Pilot,Pilot,In-house,In-house Development,NLP,Admin Functions,,Not High-impact,
2025-3093,2025,USDA,DS Hub Geo-metadata generation,Pre-deployment,Pre-deployment,,,Generative AI,IT,,Not High-impact,L0531
2025-3094,2025,USDA,Dynamic Soils Hub,Pre-deployment,Pre-deployment,,,Computer Vision,Service Delivery,,Not High-impact,L0532
2025-3095,2025,USDA,Cover Crop Mapping,Pre-deployment,Pre-deployment,,,Classical ML,Service Delivery,,High-impact,L0533
2025-3096,2025,USDA,Planting Date Detection,Pre-deployment,Pre-deployment,,,Classical ML,Service Delivery,,High-impact,L0534
2025-3097,2025,USDA,Acreage and Crop Type Validation,Pre-deployment,Pre-deployment,,,Classical ML,Service Delivery,,High-impact,L0535
2025-3098,2025,USDA,Conservation Management Benefits Navigator (CMBN),Pre-deployment,Pre-deployment,,,Generative AI,Other,,Not High-impact,
2025-3099,2025,USDA,Vegetation Specifications Suite (VegSpec),Pilot,Pilot,Vendor and in-house,Contracting and In House,Classical ML,Service Delivery,"Precision Sustainable Agriculture Group, North Carolina State University",Not High-impact,
2025-3100,2025,USDA,NETS automated waterway design,Pilot,Pilot,Vendor,Vendor Purchased,Agentic AI,Transportation,Spatial Front Incorporated,Not High-impact,
2025-3101,2025,USDA,DamWatch automated leadership reporting,Pre-deployment,Pre-deployment,,,Classical ML,Emergency Mgmt,,Not High-impact,
2025-3102,2025,USDA,Digital Soil Mapping,Pilot,Pilot,In-house,In-house Development,Classical ML,Science,,Not High-impact,
2025-3103,2025,USDA,Annual Soil Refresh Data Staging Server Automation,Pilot,Pilot,Vendor,Vendor Purchased,Computer Vision,IT,UIPath Studio,Not High-impact,
2025-3104,2025,USDA,Multilingual Translation of Recalls and Public Health Alerts,Retired,Retired,,,,,,Not High-impact,L0515
2025-3105,2025,USDA,Genomic Analyses of Pathogen Subtypes,Pilot,Pilot,In-house,In-house Development,Classical ML,Science,,Not High-impact,L0516
2025-3106,2025,USDA,Foodborne Illness Source Attribution,Pilot,Pilot,In-house,In-house Development,Classical ML,Science,,Not High-impact,L0517
2025-3107,2025,USDA,HR Chatbot,Pre-deployment,Pre-deployment,,,Generative AI,IT,,Not High-impact,
2025-3108,2025,USDA,AR-Enabled Mobile App for Policy and Regulation Review,Pre-deployment,Pre-deployment,,,Generative AI,IT,,Not High-impact,
2025-3109,2025,USDA,LLM-Powered Drafting Assistant for NRs and MOIs,Pre-deployment,Pre-deployment,,,Generative AI,IT,,Not High-impact,
2025-3110,2025,USDA,Chatbot for Meat and Poultry Hotline & OPACE Efficiency,Pre-deployment,Pre-deployment,,,Generative AI,IT,,Not High-impact,
2025-3111,2025,USDA,AI-Enhanced Qlik Reporting for FSIS Data,Pre-deployment,Pre-deployment,,,Generative AI,IT,,Not High-impact,
2025-3112,2025,USDA,Consumer Mobile App for Identifying Recalled Products,Pre-deployment,Pre-deployment,,,NLP,IT,,Not High-impact,
2025-3113,2025,USDA,AI Camera Technology to identify Product Safety Concerns,Pre-deployment,Pre-deployment,,,Computer Vision,IT,,Not High-impact,
2025-3114,2025,USDA,Automating ATO/POAM documentation,Pre-deployment,Pre-deployment,,,Generative AI,IT,,Not High-impact,
2025-3115,2025,USDA,Incident Detection and Response Acceleration,Pre-deployment,Pre-deployment,,,Generative AI,IT,,Not High-impact,
2025-3116,2025,USDA,PHIS Export Library Assistant,Pre-deployment,Pre-deployment,,,Generative AI,Service Delivery,,Not High-impact,
2025-3117,2025,USDA,Retailer Receipt Analysis,Retired,Retired,,,,,,Not High-impact,L0492
2025-3118,2025,USDA,Nutrition Education & Local Access Dashboard,Deployed,Deployed,Vendor and in-house,Contracting and In House,Classical ML,Benefits Processing,Accenture,Not High-impact,L0512
2025-3119,2025,USDA,Predictive Modeling of Invasive Pest Species,Pre-deployment,Pre-deployment,,,Classical ML,Other,,Not High-impact,L0490
2025-3120,2025,USDA,Standardization of Cut Flower Business Names for Message Set Data,Retired,Retired,,,,,,Not High-impact,L0505
2025-3121,2025,USDA,Approximate String Matching (aka fuzzy matching) to Standardize Data,Deployed,Deployed,In-house,In-house Development,NLP,Service Delivery,,Not High-impact,L0508
2025-3122,2025,USDA,Automated PDF Document Processing and Information Extraction,Deployed,Deployed,In-house,In-house Development,NLP,Admin Functions,,Not High-impact,L0509
2025-3123,2025,USDA,IRIS,Retired,Retired,,,,,,Not High-impact,L0527
2025-3124,2025,USDA,US Poultry and Operations Dataset,Deployed,Deployed,In-house,In-house Development,Classical ML,Emergency Mgmt,,Not High-impact,
2025-3125,2025,USDA,Equine Operations and Populations Dataset for the U.S.,Pre-deployment,Pre-deployment,Vendor and in-house,Contracting and In House,Classical ML,Emergency Mgmt,Colorado State University,Not High-impact,L0536
2025-3126,2025,USDA,Zen AI Image Analysis,Pre-deployment,Pre-deployment,,,Computer Vision,Science,,Not High-impact,
2025-3127,2025,USDA,Plum Island handwriting and text extraction from scanned pdfs,Pre-deployment,Pre-deployment,,,NLP,Science,,Not High-impact,
2025-3128,2025,USDA,NWRC ND Field Station Birds and Agriculture Project,Pilot,Pilot,In-house,In-house Development,Classical ML,Science,,Not High-impact,
2025-3129,2025,USDA,NWRC LSS Bioinformatic Coding,Pilot,Pilot,In-house,In-house Development,Classical ML,Science,,Not High-impact,
2025-3130,2025,USDA,NWRC Rabies ML A.D.,Pilot,Pilot,In-house,In-house Development,Classical ML,Science,,Not High-impact,
2025-3131,2025,USDA,NWRC Rabies ML M.H.,Pilot,Pilot,In-house,In-house Development,Classical ML,Science,,Not High-impact,
2025-3132,2025,USDA,NWRC Pepin ML & AI,Pilot,Pilot,In-house,In-house Development,Classical ML,Science,,Not High-impact,
2025-3133,2025,USDA,NWRC Genetics Metadata,Pilot,Pilot,In-house,In-house Development,Classical ML,Science,,Not High-impact,
2025-3134,2025,USDA,Image generator for presentation support,Pre-deployment,Pre-deployment,,,Generative AI,Health and Medical,,Not High-impact,
2025-3135,2025,USDA,Ecosystem Management Decision Support System (EMDS),Deployed,Deployed,Vendor and in-house,Contracting and In House,Classical ML,Energy and Environment,Mountain View Business Group Services,Not High-impact,L0493
2025-3136,2025,USDA,Cross-Laminated Timber (CLT) Knowledge Database,Retired,Retired,,,,,,Not High-impact,L0494
2025-3137,2025,USDA,Raster Tools,Pilot,Pilot,In-house,In-house Development,Classical ML,Science,,Not High-impact,L0495
2025-3138,2025,USDA,TreeMap and FuelMap (all versions),Deployed,Deployed,In-house,In-house Development,Classical ML,Science,,Not High-impact,L0496
2025-3139,2025,USDA,Landscape Change Monitoring System (LCMS),Deployed,Deployed,In-house,In-house Development,Classical ML,Science,,Not High-impact,L0497
2025-3140,2025,USDA,Forest Health Detection Monitoring,Pilot,Pilot,Vendor and in-house,Contracting and In House,Computer Vision,Science,RedCastle Resources,Not High-impact,L0498
2025-3141,2025,USDA,DISTRIB-II: Habitat Suitability of Eastern United States Tree,Deployed,Deployed,In-house,In-house Development,Classical ML,Science,,Not High-impact,L0524
2025-3142,2025,USDA,XyloTron/XyloPhone Wood Identification System,Pilot,Pilot,In-house,In-house Development,Computer Vision,Science,,Not High-impact,L0538
2025-3143,2025,USDA,Incident Invoice Document Understanding,Pre-deployment,Pre-deployment,Vendor and in-house,Contracting and In House,Classical ML,Emergency Mgmt,UI Path,Not High-impact,L0539
2025-3144,2025,USDA,Forest disease detection and screening,Pre-deployment,Pre-deployment,In-house,In-house Development,Classical ML,Science,,Not High-impact,L0540
2025-3145,2025,USDA,Use of LLMs for data extraction,Pre-deployment,Pre-deployment,In-house,In-house Development,Generative AI,Science,,Not High-impact,L0541
2025-3146,2025,USDA,IPWG Application Survey Analysis,Retired,Retired,,,,,,Not High-impact,L0542
2025-3147,2025,USDA,Fire Resilient Landscapes,Pilot,Pilot,In-house,In-house Development,Classical ML,Science,,Not High-impact,L1072
2025-3148,2025,USDA,PC Rasterize,Retired,Retired,,,,,,Not High-impact,L0543
2025-3149,2025,USDA,Spread and Balance Sample Design,Pilot,Pilot,In-house,In-house Development,Classical ML,Science,,Not High-impact,L0544
2025-3150,2025,USDA,"Regression, Classification, Clustering with Hilbert Curves",Pilot,Pilot,In-house,In-house Development,Classical ML,Science,,Not High-impact,L0545
2025-3151,2025,USDA,"The Big Data, Mapping, and Analytics Platform (BIGMAP) Project",Deployed,Deployed,Vendor and in-house,Contracting and In House,Classical ML,Science,Esri,Not High-impact,L0546
2025-3152,2025,USDA,BirdNET to detect bird vocalizations for research and species monitoring,Deployed,Deployed,In-house,In-house Development,Classical ML,Energy and Environment,,Not High-impact,L0547
2025-3153,2025,USDA,Predictive flood modeling,Deployed,Deployed,In-house,In-house Development,Classical ML,Transportation,,Not High-impact,L0548
2025-3154,2025,USDA,FuelCast,Retired,Retired,,,,,,Not High-impact,L0549
2025-3155,2025,USDA,R1 Forest Vegetation Modeling,Retired,Retired,,,,,,Not High-impact,L0550
2025-3156,2025,USDA,ESRI Support Chat Bot,Pre-deployment,Pre-deployment,,,Generative AI,IT,,Not High-impact,L0551
2025-3157,2025,USDA,Wildlife Deterrent System,Pilot,Pilot,Vendor and in-house,Contracting and In House,Computer Vision,Science,Chiral Software,Not High-impact,L0552
2025-3158,2025,USDA,The Lost Meadows Model,Retired,Retired,,,,,,Not High-impact,L0553
2025-3159,2025,USDA,Markov random fields for mixed forests,Pre-deployment,Pre-deployment,In-house,In-house Development,Classical ML,Science,,Not High-impact,
2025-3160,2025,USDA,AI for regional forest mapping and monitoring,Deployed,Deployed,Vendor and in-house,Contracting and In House,Classical ML,Energy and Environment,Oregon State University,Not High-impact,L0554
2025-3161,2025,USDA,IOL Focus Group and Survey Sensemaking,Pre-deployment,Pre-deployment,Vendor,Vendor Purchased,NLP,Science,Google,Not High-impact,L0555
2025-3162,2025,USDA,Esri ArcGIS Pro Deep Learning Modules,Deployed,Deployed,In-house,In-house Development,Classical ML,Science,,Not High-impact,L0556
2025-3163,2025,USDA,QUIC-Fire processing and analysis,Retired,Retired,,,,,,Not High-impact,L0557
2025-3164,2025,USDA,Analysis of prescribed fire turbulence data,Retired,Retired,,,,,,Not High-impact,L0558
2025-3165,2025,USDA,Forest based and boosted classification and regression methods,Pre-deployment,Pre-deployment,,,Classical ML,Science,,Not High-impact,
2025-3166,2025,USDA,MaxEnt/ENMeval models of habitat suitability,Pre-deployment,Pre-deployment,,,Classical ML,Science,,Not High-impact,
2025-3167,2025,USDA,ASKTERRA,Pre-deployment,Pre-deployment,,,Generative AI,Service Delivery,,Not High-impact,
2025-3168,2025,USDA,Species Distribution Data analysis,Pilot,Pilot,In-house,In-house Development,Classical ML,Science,,Not High-impact,
2025-3169,2025,USDA,A wetland-based habitat suitability model for Spotted Turtles in West Virginia,Pre-deployment,Pre-deployment,,,Classical ML,Science,,Not High-impact,
2025-3170,2025,USDA,Projected contemporary habitat distribution and quality for wood turtles in the midwestern United States,Pre-deployment,Pre-deployment,,,Classical ML,Science,,Not High-impact,
2025-3171,2025,USDA,Amphibians reveal unexpectedly large differences in potential environmental change responses among ecologically similar habitat specialists,Pre-deployment,Pre-deployment,,,Classical ML,Science,,Not High-impact,
2025-3172,2025,USDA,Projected future changes in the geographic distributions of the threatened Plethodon nettingi and a potential competitor,Pre-deployment,Pre-deployment,,,Classical ML,Science,,Not High-impact,
2025-3173,2025,USDA,Random Forest with Aquatic Effectiveness Monitoring,Pilot,Pilot,In-house,In-house Development,Classical ML,Science,,Not High-impact,
2025-3174,2025,USDA,Forest fire effects remote sensing models,Pilot,Pilot,In-house,In-house Development,Classical ML,Science,,Not High-impact,
2025-3175,2025,USDA,GIS Help Desk Chat Bot,Pre-deployment,Pre-deployment,,,Generative AI,IT,,Not High-impact,
2025-3176,2025,USDA,Select Tree Mapping,Pilot,Pilot,In-house,In-house Development,Computer Vision,Science,,Not High-impact,
2025-3177,2025,USDA,Yearly Incident Procurement Classification Report,Pilot,Pilot,In-house,In-house Development,Classical ML,Procurement and Finance Mgmt,,Not High-impact,
2025-3178,2025,USDA,American Recovery Act Classification Tool,Pilot,Pilot,In-house,In-house Development,NLP,Emergency Mgmt,,Not High-impact,
2025-3179,2025,USDA,Automated Road Mapping,Pilot,Pilot,Vendor and in-house,Contracting and In House,Computer Vision,Science,RedCastle Resources,Not High-impact,
2025-3180,2025,USDA,Policy Analysis,Deployed,Deployed,In-house,In-house Development,Classical ML,Other,,Not High-impact,
2025-3181,2025,USDA,Turbo plan,Deployed,Deployed,Vendor,Vendor Purchased,Generative AI,Energy and Environment,Wildfire.org,Not High-impact,
2025-3182,2025,USDA,Forest Plan review and planning support,Deployed,Deployed,Vendor,Vendor Purchased,Generative AI,IT,Google,Not High-impact,
2025-3183,2025,USDA,TreeSearch,Deployed,Deployed,Vendor and in-house,Contracting and In House,Generative AI,Energy and Environment,Google,Not High-impact,
2025-3184,2025,USDA,Infosec Chatbot,Deployed,Deployed,Vendor and in-house,Contracting and In House,Generative AI,Cybersecurity,Google,Not High-impact,
2025-3185,2025,USDA,Bugnet,Pilot,Pilot,Vendor and in-house,Contracting and In House,Classical ML,Science,Oregon State University,Not High-impact,
2025-3186,2025,USDA,Recreation site chatbot,Pilot,Pilot,Vendor and in-house,Contracting and In House,NLP,Science,University of Washington,Not High-impact,
2025-3187,2025,USDA,UAS FS Nursery Seedling Inventory,Pre-deployment,Pre-deployment,,,Computer Vision,Energy and Environment,,Not High-impact,
2025-3188,2025,USDA,Forest Mapping using G-LiHT airborne data in interior Alaska,Pilot,Pilot,In-house,In-house Development,Classical ML,Science,,Not High-impact,
2025-3189,2025,USDA,Late seral forest complexity,Pre-deployment,Pre-deployment,,,Classical ML,Energy and Environment,,Not High-impact,
2025-3190,2025,USDA,Forest Health Protection: Survey and mapping of forest damage from insects and diseases using machine learning,Pilot,Pilot,Vendor and in-house,Contracting and In House,Classical ML,Science,"Kikaha Solutions, LLC",Not High-impact,
2025-3191,2025,USDA,FS UAS Classification - Fire & Natural Resources,Pre-deployment,Pre-deployment,,,Computer Vision,Emergency Mgmt,,Not High-impact,
2025-3192,2025,USDA,Cone Survey123 AI Image Cone Counts,Pre-deployment,Pre-deployment,,,Computer Vision,Energy and Environment,,Not High-impact,
2025-3193,2025,USDA,Predicting fire severity potential in future wildfires in California,Pilot,Pilot,In-house,In-house Development,Classical ML,Energy and Environment,,Not High-impact,
2025-3194,2025,USDA,Forest Inventory and Cruising using GAIA AI,Pilot,Pilot,Vendor,Vendor Purchased,Classical ML,Science,GAIA AI,Not High-impact,
2025-3195,2025,USDA,Forest demographic modelling,Pre-deployment,Pre-deployment,,,Classical ML,Energy and Environment,,Not High-impact,
2025-3196,2025,USDA,App for predicting soil temperature during prescribed burns,Pilot,Pilot,In-house,In-house Development,Classical ML,Science,,Not High-impact,
2025-3197,2025,USDA,Wildfire effects and postfire forest dynamics,Pilot,Pilot,In-house,In-house Development,Classical ML,Science,,Not High-impact,
2025-3198,2025,USDA,Flight Aviation Safety system 2.0,Pre-deployment,Pre-deployment,,,Classical ML,Emergency Mgmt,,Not High-impact,
2025-3199,2025,USDA,Forest habitat mapping for marbled murrelets,Pilot,Pilot,Vendor,Vendor Purchased,Classical ML,Science,American Museum of Natural History,Not High-impact,
2025-3200,2025,USDA,Washington state forest inventory maps,Pilot,Pilot,Vendor and in-house,Contracting and In House,Classical ML,Energy and Environment,University of Washington - Natural Resource Spatial Informatics Group,Not High-impact,
2025-3201,2025,USDA,Forest Vegetation Simulator (FVS) Helpdesk Chatbot RAG,Pre-deployment,Pre-deployment,,,Generative AI,Science,,Not High-impact,
2025-3202,2025,USDA,Long-term monitoring of northern spotted owl habitat and populations,Pilot,Pilot,In-house,In-house Development,Classical ML,Science,,Not High-impact,
2025-3203,2025,USDA,Feral Ungulate Mitigation,Pre-deployment,Pre-deployment,,,Computer Vision,Science,,Not High-impact,
2025-3204,2025,USDA,Fire Containment Suitability (FireCON),Pilot,Pilot,In-house,In-house Development,Classical ML,Emergency Mgmt,,Not High-impact,
2025-3205,2025,USDA,Potential Control Location Suitability,Pilot,Pilot,In-house,In-house Development,Classical ML,Emergency Mgmt,,Not High-impact,
2025-3206,2025,USDA,Alisha OCR Reader,Pilot,Pilot,In-house,In-house Development,Classical ML,Emergency Mgmt,,Not High-impact,
2025-3207,2025,USDA,Recreation One Stop use of AI,Deployed,Deployed,Vendor,Vendor Purchased,Generative AI,Service Delivery,Booz Allen Hamilton,Not High-impact,
2025-3208,2025,USDA,Timber products output Sample Design Evaluation and Enhancement,Pre-deployment,Pre-deployment,,,Classical ML,Science,,Not High-impact,
2025-3209,2025,USDA,LANDFIRE,Deployed,Deployed,In-house,In-house Development,Classical ML,Emergency Mgmt,,Not High-impact,
2025-3210,2025,USDA,NRE FS Customer Relationship Manager New Hire Experience (NRE FS CRM NHE) CSAM ID 2639,Deployed,Deployed,Vendor,Vendor Purchased,Generative AI,HR,Salesforce,Not High-impact,
2025-3211,2025,USDA,ARGUS AI Supply Chain Interference,Deployed,Deployed,Vendor,Vendor Purchased,Agentic AI,International Affairs,ACCRETE AI Government,Not High-impact,
2025-3212,2025,USDA,Video Surveillance System,Deployed,Deployed,Vendor and in-house,Contracting and In House,Computer Vision,Admin Functions,GlobalComm,High-impact,L0502
2025-3213,2025,USDA,Aquisition Approval Request Compliance Tool,Pre-deployment,Pre-deployment,,,NLP,IT,,Not High-impact,L0503
2025-3214,2025,USDA,Intelligent Ticket Routing,Retired,Retired,,,,,,Not High-impact,L0506
2025-3215,2025,USDA,Predictive Maintenance Impacts,Retired,Retired,,,,,,Not High-impact,L0507
2025-3216,2025,USDA,Ticket Resolution Categorization (Incident/Change),Retired,Retired,,,,,,Not High-impact,L0528
2025-3217,2025,USDA,Ticket Templatization,Retired,Retired,,,,,,Not High-impact,L0529
2025-3218,2025,USDA,Public Comments Analysis,Pre-deployment,Pre-deployment,,,Generative AI,Service Delivery,,Not High-impact,L0518
2025-3219,2025,USDA,Voiceover App,Pre-deployment,Pre-deployment,,,Generative AI,Service Delivery,,Not High-impact,
2025-3220,2025,USDA,AI for Environmental Permitting Review,Pilot,Pilot,In-house,In-house Development,NLP,Energy and Environment,,"Presumed High-Impact, but Not High-impact",
2025-3221,2025,USDA,Chatbot for IT Customer Help Desk,Deployed,Deployed,Vendor and in-house,Contracting and In House,Generative AI,IT,Steampunk,Not High-impact,
2025-3222,2025,USDA,Repair Spend,Deployed,Deployed,Vendor and in-house,Contracting and In House,NLP,Procurement and Finance Mgmt,Accenture,Not High-impact,L0487
2025-3223,2025,USDA,ARS Project Mapping,Retired,Retired,,,,,,Not High-impact,L0488
2025-3224,2025,USDA,NAL Automated Indexing,Deployed,Deployed,Vendor and in-house,Contracting and In House,NLP,Science,Expert AI (Cogito),Not High-impact,L0489
2025-3225,2025,USDA,Democratizing Data,Deployed,Deployed,Vendor and in-house,Contracting and In House,NLP,Service Delivery,Coleridge Institute,Not High-impact,L0491
2025-3226,2025,USDA,Cropland Data Layer,Deployed,Deployed,In-house,In-house Development,Classical ML,Science,,Not High-impact,L0499
2025-3227,2025,USDA,List Frame Deadwood Identification,Deployed,Deployed,In-house,In-house Development,Classical ML,Other,,Not High-impact,L0500
2025-3228,2025,USDA,Climate Change Classification NLP,Retired,Retired,,,,,,Not High-impact,L0501
2025-3229,2025,USDA,Census of Agriculture Propensity Scores via Machne Learning,Deployed,Deployed,In-house,In-house Development,Classical ML,Service Delivery,,Not High-impact,
2025-3230,2025,USDA,Survey Text Remarks Value Scoring,Retired,Retired,,,,,,Not High-impact,L0513
2025-3231,2025,USDA,Survey Outlier Detection Model,Deployed,Deployed,In-house,In-house Development,Classical ML,Other,,Not High-impact,L0514
2025-3232,2025,USDA,Predictive Cropland Data Layer,Deployed,Deployed,In-house,In-house Development,Classical ML,Admin Functions,,Not High-impact,L0520
2025-3233,2025,USDA,Portfolio Approval and Management (PAM) Bot,Pre-deployment,Pre-deployment,,,Generative AI,Admin Functions,,Not High-impact,L0522
2025-3234,2025,USDA,Rapid Drafting of ARS Research Summaries,Pre-deployment,Pre-deployment,,,Generative AI,Science,,Not High-impact,L0530
2025-3235,2025,USDA,NASS Automated Editing Tool,Pre-deployment,Pre-deployment,,,Classical ML,Science,,Not High-impact,
2025-3236,2025,USDA,County-Level Remotely-Sensed Corn and Soybean Yield Estimation,Deployed,Deployed,In-house,In-house Development,Classical ML,Other,,Not High-impact,L0537
2025-3237,2025,USDA,NASSportal Intranet Agent,Pre-deployment,Pre-deployment,Vendor and in-house,Contracting and In House,Agentic AI,Admin Functions,Microsoft,Not High-impact,L1107
2025-3238,2025,USDA,Axon+ Copilot Studio Chatbot,Pilot,Pilot,Vendor and in-house,Contracting and In House,Generative AI,IT,Microsoft,Not High-impact,
2025-3239,2025,USDA,GovChat,Pilot,Pilot,Vendor,Vendor Purchased,Generative AI,Other,Microsoft,Not High-impact,
2025-3240,2025,USDA,NASS Data Dissemination Agent,Pre-deployment,Pre-deployment,,,Generative AI,Service Delivery,,Not High-impact,
2025-3241,2025,USDA,Preseason Corn and Soybeans Forecasts,Pre-deployment,Pre-deployment,,,Classical ML,Science,,Not High-impact,
2025-3242,2025,USDA,Farm Services Agency (FSA) Acreage Coverage Evaluation,Pre-deployment,Pre-deployment,,,Classical ML,Science,,Not High-impact,
2025-3243,2025,USDA,VegScape/CropCASMA Data Portals,Pilot,Pilot,Vendor and in-house,Contracting and In House,Classical ML,Science,George Mason University,Not High-impact,
2025-3244,2025,USDA,Rangeland Analysis Platform,Deployed,Deployed,Vendor and in-house,Contracting and In House,Classical ML,Energy and Environment,"Google Cloud, University of Montana, New Mexico State University",Not High-impact,L0519
2025-3245,2025,VA,Employee Transactions for HR Decision-Making,Pre-deployment,Pre-deployment,,,Generative AI,HR,,High-impact,
2025-3246,2025,VA,Automated Claims Processing,Deployed,Deployed,Vendor,Vendor Purchased,NLP,Benefits Processing,,High-impact,
2025-3247,2025,VA,Artificial Intelligence Assisted Procurement Tools (AIAPT),Pre-deployment,Pre-deployment,,,Generative AI,Procurement and Finance Mgmt,,Not High-impact,
2025-3248,2025,VA,SAC AI tools to automate application processing and data reporting,Pre-deployment,Pre-deployment,,,Agentic AI,Procurement and Finance Mgmt,,Not High-impact,
2025-3249,2025,VA,Augmented Reality and Virtual Museum,Pre-deployment,Pre-deployment,,,Generative AI,Other,,Not High-impact,
2025-3250,2025,VA,AI + Digital Process Automation (DPA) Business Process Flow Improvement Solution for Contract Closeout Modernization – Pilot Project,Pre-deployment,Pre-deployment,,,Agentic AI,Procurement and Finance Mgmt,,Not High-impact,
2025-3251,2025,VA,"Analytics, Data, and Decision Support Unified Platform (ADDSUP)",Deployed,Deployed,Vendor and in-house,Contracting and In House,Classical ML,Procurement and Finance Mgmt,,Not High-impact,L0717
2025-3252,2025,VA,AI Microlearning (OttoLearn),Deployed,Deployed,Vendor,Vendor Purchased,Agentic AI,HR,,Not High-impact,
2025-3253,2025,VA,"Investigative, Analytics, and Reporting Capabilities",Retired,Retired,,,,,,Not High-impact,L1083
2025-3254,2025,VA,Cyber Authorization Memo Generation,Pre-deployment,Pre-deployment,,,Classical ML,Cybersecurity,,High-impact,
2025-3255,2025,VA,Clinical AI Agent,Pre-deployment,Pre-deployment,,,Generative AI,Health and Medical,,High-impact,
2025-3256,2025,VA,Federal EHR End User Peer Support Chatbot,Pre-deployment,Pre-deployment,,,Generative AI,Service Delivery,,Not High-impact,
2025-3257,2025,VA,Policy Knowledge Base,Pre-deployment,Pre-deployment,,,Classical ML,Cybersecurity,,Not High-impact,
2025-3258,2025,VA,Machine Algorithm for Report Surveillance (MARS),Retired,Retired,,,,,,Not High-impact,L0734
2025-3259,2025,VA,Lexis+,Pre-deployment,Pre-deployment,,,Classical ML,Other,,High-impact,
2025-3260,2025,VA,VA VoiceBot for Call Center Modernization,Pre-deployment,Pre-deployment,,,NLP,IT,,High-impact,
2025-3261,2025,VA,Forescout: AI Behavioral Anomaly Detection w/ Automated Enforcement,Pre-deployment,Pre-deployment,,,Classical ML,Cybersecurity,,High-impact,
2025-3262,2025,VA,VA AI Assist,Pre-deployment,Pre-deployment,,,Generative AI,Health and Medical,,High-impact,
2025-3263,2025,VA,Service Period Validator (SPV) POC,Pre-deployment,Pre-deployment,,,Agentic AI,Benefits Processing,,High-impact,
2025-3264,2025,VA,Claims Processing Automation Quality Auditor POC,Pre-deployment,Pre-deployment,,,Classical ML,Benefits Processing,,High-impact,
2025-3265,2025,VA,CSOC AI Analyst Accelerator (Andesite AI),Pre-deployment,Pre-deployment,,,Generative AI,Cybersecurity,,High-impact,
2025-3266,2025,VA,Exam Verification Agent,Pre-deployment,Pre-deployment,,,Agentic AI,Benefits Processing,,High-impact,
2025-3267,2025,VA,Benefits Contention Classification Model,Pre-deployment,Pre-deployment,,,Classical ML,Benefits Processing,,High-impact,
2025-3268,2025,VA,Limited Payability Letter Automation,Pre-deployment,Pre-deployment,,,Agentic AI,Benefits Processing,,High-impact,
2025-3269,2025,VA,Disability Benefits Document Classifier,Pre-deployment,Pre-deployment,,,Classical ML,Benefits Processing,,High-impact,
2025-3270,2025,VA,Paid & Due Auto Calculation,Pre-deployment,Pre-deployment,,,Agentic AI,Benefits Processing,,High-impact,
2025-3271,2025,VA,Summarization of Clinical Data,Pre-deployment,Pre-deployment,,,NLP,Health and Medical,,High-impact,
2025-3272,2025,VA,CCN Provider Directory,Pre-deployment,Pre-deployment,,,Classical ML,Health and Medical,,High-impact,
2025-3273,2025,VA,ESD-Predictive Intelligence,Pre-deployment,Pre-deployment,,,Classical ML,IT,,Not High-impact,L0731
2025-3274,2025,VA,Enterprise Precision Scanning and Indexing (EPSI) NEXT,Pre-deployment,Pre-deployment,,,Generative AI,Health and Medical,,Not High-impact,
2025-3275,2025,VA,Automated Incident Analysis,Pre-deployment,Pre-deployment,,,Agentic AI,IT,,Not High-impact,
2025-3276,2025,VA,OpenAI Embedding Generation for Future Vector Search of Banking Data,Pre-deployment,Pre-deployment,,,Computer Vision,IT,,Not High-impact,
2025-3277,2025,VA,Ask VA Inquiry Automated Category Classification System,Pre-deployment,Pre-deployment,,,Classical ML,Service Delivery,,Not High-impact,
2025-3278,2025,VA,Report Anomalous VIEWS CCM User Behavior,Pre-deployment,Pre-deployment,,,Agentic AI,Cybersecurity,,Not High-impact,
2025-3279,2025,VA,Power Platform Solutioning Chatbot,Pre-deployment,Pre-deployment,,,Generative AI,IT,,Not High-impact,
2025-3280,2025,VA,Tachyon AI,Pre-deployment,Pre-deployment,,,Classical ML,IT,,Not High-impact,
2025-3281,2025,VA,Redseal AI Usage,Pre-deployment,Pre-deployment,,,Agentic AI,Cybersecurity,,Not High-impact,
2025-3282,2025,VA,Ingestion of TRM and VASI,Pre-deployment,Pre-deployment,,,Generative AI,Procurement and Finance Mgmt,,Not High-impact,
2025-3283,2025,VA,Ansible Lightspeed,Pre-deployment,Pre-deployment,,,Generative AI,IT,,Not High-impact,
2025-3284,2025,VA,VetsEZ Middleware Development,Pre-deployment,Pre-deployment,,,Generative AI,IT,,Not High-impact,
2025-3285,2025,VA,EDU Synthetic Test Data POC,Pre-deployment,Pre-deployment,,,Generative AI,IT,,Not High-impact,
2025-3286,2025,VA,Pyramid Analytics Generative AI Options,Pre-deployment,Pre-deployment,,,NLP,IT,,Not High-impact,
2025-3287,2025,VA,MetricSage,Pre-deployment,Pre-deployment,,,Classical ML,IT,,Not High-impact,
2025-3288,2025,VA,Integration of Provar Manager with VA GPT,Pre-deployment,Pre-deployment,,,Generative AI,IT,,Not High-impact,
2025-3289,2025,VA,BillieGPT POC,Pre-deployment,Pre-deployment,,,Generative AI,Benefits Processing,,Not High-impact,
2025-3290,2025,VA,ECC Automated Knowledge Management,Pre-deployment,Pre-deployment,,,Generative AI,IT,,Not High-impact,
2025-3291,2025,VA,Custom GPT for Network Operations and Automation (Wide Area Network),Pre-deployment,Pre-deployment,,,NLP,IT,,Not High-impact,
2025-3292,2025,VA,Abridge Ambient Scribe,Pilot,Pilot,Vendor,Vendor Purchased,Generative AI,Health and Medical,,High-impact,
2025-3293,2025,VA,Knowtex Ambient Scribe,Pilot,Pilot,Vendor,Vendor Purchased,Generative AI,Health and Medical,,High-impact,
2025-3294,2025,VA,Secure Access Service Edge (SASE),Pilot,Pilot,Vendor,Vendor Purchased,Classical ML,Cybersecurity,,High-impact,
2025-3295,2025,VA,VistA Records Accessed by SQL (VRAS),Pilot,Pilot,In-house,In-house Development,Generative AI,Health and Medical,,Not High-impact,
2025-3296,2025,VA,Research and Development Computer Center (RDCC) System Transformation AI Supported Reporting,Pilot,Pilot,Vendor,Vendor Purchased,NLP,Other,,Not High-impact,
2025-3297,2025,VA,Categorization and Labelling Administrative Requests,Pilot,Pilot,In-house,In-house Development,Generative AI,Admin Functions,,Not High-impact,
2025-3298,2025,VA,AI Incident Management,Pilot,Pilot,Vendor,Vendor Purchased,Classical ML,IT,,Not High-impact,
2025-3299,2025,VA,TERA Memorandum Automation,Deployed,Deployed,Vendor and in-house,Contracting and In House,NLP,Benefits Processing,,High-impact,L0726
2025-3300,2025,VA,VA.gov Chatbot: Summative Content,Deployed,Deployed,Vendor and in-house,Contracting and In House,Classical ML,IT,,High-impact,
2025-3301,2025,VA,Heuristic Behavior Analytics,Deployed,Deployed,Vendor,Vendor Purchased,Classical ML,Cybersecurity,,High-impact,
2025-3302,2025,VA,Concept Clustering,Deployed,Deployed,Vendor,Vendor Purchased,Classical ML,Admin Functions,,High-impact,
2025-3303,2025,VA,VA Section 508 Office URL Ownership Prediction Model,Deployed,Deployed,In-house,In-house Development,Classical ML,IT,,Not High-impact,L0719
2025-3304,2025,VA,VA GPT,Deployed,Deployed,Vendor and in-house,Contracting and In House,Generative AI,Admin Functions,,Not High-impact,
2025-3305,2025,VA,Fusion 2024,Deployed,Deployed,Vendor,Vendor Purchased,Computer Vision,Admin Functions,,Not High-impact,
2025-3306,2025,VA,Summit AI Assistant,Deployed,Deployed,Vendor,Vendor Purchased,Generative AI,Admin Functions,,Not High-impact,
2025-3307,2025,VA,eDiscovery (VASI 2460): Predictive Coding,Deployed,Deployed,Vendor,Vendor Purchased,NLP,Admin Functions,,Not High-impact,
2025-3308,2025,VA,Veteran Experience Office Retention/Trust Models in Customer Experience Insights,Deployed,Deployed,Vendor and in-house,Contracting and In House,Classical ML,Other,,Not High-impact,
2025-3309,2025,VA,CHAMPVA Automation,Deployed,Deployed,In-house,In-house Development,NLP,Admin Functions,,Not High-impact,
2025-3310,2025,VA,XtractOne,Retired,Retired,,,,,,High-impact,L0727
2025-3311,2025,VA,Appointment Comments Categorization,Retired,Retired,,,,,,High-impact,L0699
2025-3312,2025,VA,Identity Governance and Administration (IGA),Retired,Retired,,,,,,Not High-impact,L0703
2025-3313,2025,VA,Google Cloud Platform - CCAI / Dialogflow,Retired,Retired,,,,,,Not High-impact,L0690
2025-3314,2025,VA,VEO Virtual Analyst Proof of Concept,Retired,Retired,,,,,,Not High-impact,L0694
2025-3315,2025,VA,ScienceLogic Artificial Intelligence Operations (AIOPS) Software Subscriptions with Maintenance and Professional Support Services.,Retired,Retired,,,,,,Not High-impact,L0697
2025-3316,2025,VA,VA Chat Copilot Meta Pilot,Retired,Retired,,,,,,Not High-impact,L0686
2025-3317,2025,VA,Potential Fraud or Waste,Pre-deployment,Pre-deployment,,,Generative AI,Procurement and Finance Mgmt,,Not High-impact,L0705
2025-3318,2025,VA,iFAMS CSR Assistant,Pre-deployment,Pre-deployment,,,Generative AI,Procurement and Finance Mgmt,,Not High-impact,
2025-3319,2025,VA,VA FSC AI ChatHelper,Pilot,Pilot,Vendor and in-house,Contracting and In House,NLP,Procurement and Finance Mgmt,,Not High-impact,
2025-3320,2025,VA,Verkada Camera - OSLE,Pre-deployment,Pre-deployment,,,Computer Vision,Law Enforcement,,High-impact,L1089
2025-3321,2025,VA,Xtract WDS - OSLE,Pre-deployment,Pre-deployment,,,Agentic AI,Law Enforcement,,High-impact,L1095
2025-3322,2025,VA,Evolv WDS - OSLE,Deployed,Deployed,Vendor,Vendor Purchased,Agentic AI,Law Enforcement,,High-impact,L1101
2025-3323,2025,VA,Avigilon Camera/Search Function - OSSO,Deployed,Deployed,Vendor,Vendor Purchased,Computer Vision,Law Enforcement,,High-impact,L0687
2025-3324,2025,VA,SafePointe WDS - OSSO,Retired,Retired,,,,,,High-impact,L0689
2025-3325,2025,VA,2268 Next Generation (2268NextGen),Retired,Retired,,,,,,Not High-impact,L0782
2025-3326,2025,VA,E2 HelpBot,Pre-deployment,Pre-deployment,,,Generative AI,IT,,Not High-impact,
2025-3327,2025,VA,Compliance Made Easy,Pre-deployment,Pre-deployment,,,NLP,Admin Functions,,Not High-impact,
2025-3328,2025,VA,Automated Ratings Summarization,Pre-deployment,Pre-deployment,,,Generative AI,Benefits Processing,,High-impact,
2025-3329,2025,VA,Smart Pension Automation,Pre-deployment,Pre-deployment,,,Agentic AI,Benefits Processing,,High-impact,
2025-3330,2025,VA,Predictive Claims Processing Capability POC,Pre-deployment,Pre-deployment,,,NLP,Benefits Processing,,High-impact,
2025-3331,2025,VA,AICES,Pre-deployment,Pre-deployment,,,Agentic AI,Benefits Processing,,High-impact,
2025-3332,2025,VA,Smart Ratings Recommendation,Pre-deployment,Pre-deployment,,,Agentic AI,Benefits Processing,,High-impact,
2025-3333,2025,VA,Smart Claim Check,Pre-deployment,Pre-deployment,,,Generative AI,Benefits Processing,,Not High-impact,
2025-3334,2025,VA,Loan Guaranty Lender’s Handbook Chatbot,Pre-deployment,Pre-deployment,,,Reinforcement Learning,Service Delivery,,Not High-impact,
2025-3335,2025,VA,Education Call Center (ECC) Next Gen POC,Pre-deployment,Pre-deployment,,,Generative AI,Service Delivery,,Not High-impact,
2025-3336,2025,VA,AI Personal Assistance POC,Pre-deployment,Pre-deployment,,,Generative AI,Admin Functions,,Not High-impact,
2025-3337,2025,VA,Generative Annotations,Pre-deployment,Pre-deployment,,,Generative AI,Benefits Processing,,Not High-impact,
2025-3338,2025,VA,ASKA: Automated Support and Knowledge Assistance,Pre-deployment,Pre-deployment,,,NLP,Other,,Not High-impact,
2025-3339,2025,VA,VBA Mail Management Services (MMS) - Modification,Pre-deployment,Pre-deployment,,,Generative AI,Benefits Processing,,Not High-impact,
2025-3340,2025,VA,Call Center Knowledge Navigator,Pilot,Pilot,Vendor and in-house,Contracting and In House,Generative AI,Benefits Processing,,Not High-impact,L0721
2025-3341,2025,VA,Master Claims Assistance Tool (M-CAT),Pilot,Pilot,Vendor and in-house,Contracting and In House,Generative AI,Benefits Processing,,Not High-impact,L0798
2025-3342,2025,VA,National Training Team | Schools — FAQ Gen AI Dashboard,Deployed,Deployed,Vendor and in-house,Contracting and In House,NLP,Benefits Processing,,High-impact,
2025-3343,2025,VA,Payment Redirect Fraud (PRF) Model,Deployed,Deployed,Vendor and in-house,Contracting and In House,Classical ML,Procurement and Finance Mgmt,,High-impact,L0745
2025-3344,2025,VA,Automated Decision Support,Deployed,Deployed,Vendor and in-house,Contracting and In House,Classical ML,Benefits Processing,,High-impact,L0794
2025-3345,2025,VA,Mail Automation Services,Deployed,Deployed,Vendor,Vendor Purchased,NLP,Benefits Processing,,High-impact,L0796
2025-3346,2025,VA,Pension Optimization Initiative (POI),Deployed,Deployed,Vendor,Vendor Purchased,NLP,Benefits Processing,,High-impact,L0701
2025-3347,2025,VA,Privacy Act Automation,Deployed,Deployed,Vendor,Vendor Purchased,Generative AI,Admin Functions,,Not High-impact,
2025-3348,2025,VA,Articulate 360: AI Assistant,Deployed,Deployed,Vendor,Vendor Purchased,Generative AI,HR,,Not High-impact,
2025-3349,2025,VA,Customer Sentiment,Deployed,Deployed,In-house,In-house Development,NLP,HR,,Not High-impact,
2025-3350,2025,VA,Auto Doc ID,Deployed,Deployed,Vendor,Vendor Purchased,Classical ML,Admin Functions,,Not High-impact,
2025-3351,2025,VA,electronic Virtual Assistant (e-VA),Retired,Retired,,,,,,High-impact,L0768
2025-3352,2025,VA,National Training Team | Schools NLP FAQ Dashboard,Retired,Retired,,,,,,Not High-impact,L1080
2025-3353,2025,VA,Synthetic Data Creation,Retired,Retired,,,,,,Not High-impact,L0759
2025-3354,2025,VA,Billie GPT,Retired,Retired,,,,,,Not High-impact,L0760
2025-3355,2025,VA,GenAI for KM,Pre-deployment,Pre-deployment,,,Generative AI,Service Delivery,,Not High-impact,
2025-3356,2025,VA,Medallia Software as a Service (SaaS) - VSignals and ESignals,Deployed,Deployed,Vendor and in-house,Contracting and In House,NLP,Service Delivery,,Not High-impact,
2025-3357,2025,VA,VEO Insights Engine,Retired,Retired,,,,,,Not High-impact,
2025-3358,2025,VA,VX Insights Hub Agent,Retired,Retired,,,,,,Not High-impact,L0792
2025-3359,2025,VA,Roche Digital Pathology,Pre-deployment,Pre-deployment,,,Computer Vision,Health and Medical,,High-impact,L0706
2025-3360,2025,VA,Pangaea,Pre-deployment,Pre-deployment,,,Classical ML,Health and Medical,,High-impact,L0715
2025-3361,2025,VA,Cogitativo,Pre-deployment,Pre-deployment,,,Classical ML,Health and Medical,,High-impact,L0716
2025-3362,2025,VA,Pharmacy AI Managed Inventory System (PHAIMIS),Pre-deployment,Pre-deployment,,,Classical ML,Health and Medical,,High-impact,L0735
2025-3363,2025,VA,Silverberry Surgery Planning AI,Pre-deployment,Pre-deployment,,,Agentic AI,Health and Medical,,High-impact,L0736
2025-3364,2025,VA,Teledermatology Clinical Outcome Classification,Pre-deployment,Pre-deployment,,,NLP,Health and Medical,,High-impact,
2025-3365,2025,VA,Summarize Progress Notes,Pre-deployment,Pre-deployment,,,NLP,Health and Medical,,High-impact,
2025-3366,2025,VA,Parable 3D Wound Care Management System,Pre-deployment,Pre-deployment,,,Computer Vision,Health and Medical,,High-impact,L0693
2025-3367,2025,VA,Coronary Artery Calcium Model,Pre-deployment,Pre-deployment,,,Computer Vision,Health and Medical,,High-impact,
2025-3368,2025,VA,Reportability of Cancer Diagnosis Information,Pre-deployment,Pre-deployment,,,NLP,Health and Medical,,High-impact,
2025-3369,2025,VA,Predict Patient Suicide,Pre-deployment,Pre-deployment,,,NLP,Health and Medical,,High-impact,
2025-3370,2025,VA,Extract patients’ diagnosis information and map the diagnosis to oncotree,Pre-deployment,Pre-deployment,,,NLP,Health and Medical,,High-impact,L0788
2025-3371,2025,VA,Cancer Patients Symptom Burden,Pre-deployment,Pre-deployment,,,NLP,Health and Medical,,High-impact,
2025-3372,2025,VA,Billing Claims Prediction,Pre-deployment,Pre-deployment,,,Classical ML,Other,,High-impact,L0696
2025-3373,2025,VA,Koios,Pre-deployment,Pre-deployment,,,Computer Vision,Health and Medical,,High-impact,L0808
2025-3374,2025,VA,Fall Prediction Tool,Pre-deployment,Pre-deployment,,,Classical ML,Health and Medical,,High-impact,L1075
2025-3375,2025,VA,Healthcare Text Anonymizer,Pre-deployment,Pre-deployment,,,Agentic AI,Health and Medical,,High-impact,
2025-3376,2025,VA,EEO Consultation and Guidance,Pre-deployment,Pre-deployment,,,Classical ML,HR,,High-impact,
2025-3377,2025,VA,Deduplication in Record Management,Pre-deployment,Pre-deployment,,,Agentic AI,Health and Medical,,High-impact,
2025-3378,2025,VA,AI in Digital Pathology,Pre-deployment,Pre-deployment,,,Computer Vision,Health and Medical,,High-impact,
2025-3379,2025,VA,Lambient,Pre-deployment,Pre-deployment,,,Generative AI,Health and Medical,,High-impact,
2025-3380,2025,VA,Community Care Records Retrieval,Pre-deployment,Pre-deployment,,,Agentic AI,Health and Medical,,High-impact,
2025-3381,2025,VA,CPT Worksheet Helper,Pre-deployment,Pre-deployment,,,Generative AI,Health and Medical,,High-impact,
2025-3382,2025,VA,AI-Assisted View Alert Management,Pre-deployment,Pre-deployment,,,Agentic AI,Health and Medical,,High-impact,
2025-3383,2025,VA,Ephesoft Fax Automation,Pre-deployment,Pre-deployment,,,Computer Vision,Health and Medical,,High-impact,
2025-3384,2025,VA,Natural Language Online Workflow (NOW),Pre-deployment,Pre-deployment,,,Agentic AI,Service Delivery,,High-impact,
2025-3385,2025,VA,Ambient Scribing with Patient Chart Exploration,Pre-deployment,Pre-deployment,,,Generative AI,Health and Medical,,High-impact,
2025-3386,2025,VA,JLV Booster,Pre-deployment,Pre-deployment,,,NLP,Health and Medical,,High-impact,
2025-3387,2025,VA,Veterans Life Tailored,Pre-deployment,Pre-deployment,,,Generative AI,Benefits Processing,,High-impact,
2025-3388,2025,VA,Claims Adjudication and Financial Decision-Making,Pre-deployment,Pre-deployment,,,Agentic AI,Procurement and Finance Mgmt,,High-impact,
2025-3389,2025,VA,Mindray TE X,Pre-deployment,Pre-deployment,,,Computer Vision,Health and Medical,,High-impact,
2025-3390,2025,VA,Modeling to Learn (MTL),Pre-deployment,Pre-deployment,,,Classical ML,Service Delivery,,High-impact,
2025-3391,2025,VA,Nursing Career Path Tool,Pre-deployment,Pre-deployment,,,Classical ML,HR,,High-impact,
2025-3392,2025,VA,Veteran Rehabilitation Services,Pre-deployment,Pre-deployment,,,Classical ML,Health and Medical,,High-impact,
2025-3393,2025,VA,Freed AI Medical Scribe,Pre-deployment,Pre-deployment,,,NLP,Health and Medical,,High-impact,
2025-3394,2025,VA,Improve Care for Opioid Use Disorder,Pre-deployment,Pre-deployment,,,Classical ML,Health and Medical,,High-impact,
2025-3395,2025,VA,Venous Care Pathway Improvement,Pre-deployment,Pre-deployment,,,Classical ML,Health and Medical,,High-impact,
2025-3396,2025,VA,Clinical Trial Matching,Pre-deployment,Pre-deployment,,,NLP,Health and Medical,,High-impact,
2025-3397,2025,VA,ML Model for medication prediction,Pre-deployment,Pre-deployment,,,Classical ML,Health and Medical,,High-impact,
2025-3398,2025,VA,Leveraging Acoustic-Linguistic Analytics and Social Determinants to Enhance Suicide Prevention Efforts in Veterans Crisis Line Interventions,Pre-deployment,Pre-deployment,,,NLP,Health and Medical,,High-impact,
2025-3399,2025,VA,VAHC CRM- Veteran Self-Service,Pre-deployment,Pre-deployment,,,NLP,Admin Functions,,High-impact,
2025-3400,2025,VA,"Evidence, Policy, and Implementation Center (EPIC) QUERI",Pre-deployment,Pre-deployment,,,NLP,Health and Medical,,High-impact,
2025-3401,2025,VA,PowerScribe One,Pre-deployment,Pre-deployment,,,Computer Vision,Health and Medical,,High-impact,
2025-3402,2025,VA,Community Care Clinical Documents,Pre-deployment,Pre-deployment,,,Agentic AI,Health and Medical,,High-impact,
2025-3403,2025,VA,Medsafely,Pre-deployment,Pre-deployment,,,Classical ML,Health and Medical,,High-impact,
2025-3404,2025,VA,Predict Septic Shock in ICU Patients,Pre-deployment,Pre-deployment,,,Classical ML,Health and Medical,,High-impact,
2025-3405,2025,VA,Romexis Dental Imaging Software,Pre-deployment,Pre-deployment,,,Computer Vision,Health and Medical,,High-impact,
2025-3406,2025,VA,EEV/OHI Document Types,Pre-deployment,Pre-deployment,,,Agentic AI,Benefits Processing,,High-impact,
2025-3407,2025,VA,Electronic Mammogram Reporting (eMAMR),Pre-deployment,Pre-deployment,,,NLP,Health and Medical,,High-impact,
2025-3408,2025,VA,PINGOO.AI,Pre-deployment,Pre-deployment,,,Classical ML,Health and Medical,,Not High-impact,L0710
2025-3409,2025,VA,Digizens,Pre-deployment,Pre-deployment,,,Generative AI,Health and Medical,,Not High-impact,L0713
2025-3410,2025,VA,Sentiment analysis for app feedback,Pre-deployment,Pre-deployment,,,Classical ML,Service Delivery,,Not High-impact,L0730
2025-3411,2025,VA,BlueTeam AI,Pre-deployment,Pre-deployment,,,Generative AI,Health and Medical,,Not High-impact,L0738
2025-3412,2025,VA,BessISSTANT,Pre-deployment,Pre-deployment,,,Generative AI,Admin Functions,,Not High-impact,
2025-3413,2025,VA,Clinician-Administered PTSD Scale for DSM-5 (CAPS-5) Clinician Training Simulator,Pre-deployment,Pre-deployment,,,NLP,Other,,Not High-impact,L0766
2025-3414,2025,VA,Policy AId,Pre-deployment,Pre-deployment,,,NLP,Admin Functions,,Not High-impact,L0773
2025-3415,2025,VA,Clinical Pathways for Cancer Patients,Pre-deployment,Pre-deployment,,,NLP,Health and Medical,,Not High-impact,
2025-3416,2025,VA,Glassbeam Clinsights,Pre-deployment,Pre-deployment,,,Classical ML,Health and Medical,,Not High-impact,L0791
2025-3417,2025,VA,Surveillance and Reporting of Suicidal Ideation Assessment in PTSD Specialty Care Clinical Notes using Natural Language Processing (NLP),Pre-deployment,Pre-deployment,,,NLP,Health and Medical,,Not High-impact,L0806
2025-3418,2025,VA,Using AI to read PDFs and parse the information to SharePoint list,Pre-deployment,Pre-deployment,,,Classical ML,Admin Functions,,Not High-impact,L0809
2025-3419,2025,VA,Pathology and Laboratory Medicine SharePoint Chatbot - Quincy,Pre-deployment,Pre-deployment,,,Classical ML,Other,,Not High-impact,
2025-3420,2025,VA,SIM VOX for training nursing scenarios,Pre-deployment,Pre-deployment,,,Generative AI,Health and Medical,,Not High-impact,
2025-3421,2025,VA,BESSistant,Pre-deployment,Pre-deployment,,,Computer Vision,Admin Functions,,Not High-impact,
2025-3422,2025,VA,SCORE (Structured Clinical Output Rating Engine),Pre-deployment,Pre-deployment,,,Generative AI,Health and Medical,,Not High-impact,
2025-3423,2025,VA,TherapyTrainer,Pre-deployment,Pre-deployment,,,Generative AI,Health and Medical,,Not High-impact,
2025-3424,2025,VA,Internal QMS Processes Revamp,Pre-deployment,Pre-deployment,,,Generative AI,Other,,Not High-impact,
2025-3425,2025,VA,Using LLMs to assist with data extraction,Pre-deployment,Pre-deployment,,,NLP,Health and Medical,,Not High-impact,
2025-3426,2025,VA,Pre-COVA,Pre-deployment,Pre-deployment,,,Classical ML,Health and Medical,,Not High-impact,
2025-3427,2025,VA,PestScore VA: AI-Driven Pest Risk Forecasting,Pre-deployment,Pre-deployment,,,Classical ML,Science,,Not High-impact,
2025-3428,2025,VA,Image Quality Control Tool,Pre-deployment,Pre-deployment,,,Computer Vision,Service Delivery,,Not High-impact,
2025-3429,2025,VA,AI for Monitoring Veterans' Diagnoses,Pre-deployment,Pre-deployment,,,NLP,Health and Medical,,Not High-impact,
2025-3430,2025,VA,Automated AI review for Competitive Procedures,Pre-deployment,Pre-deployment,,,Generative AI,Science,,Not High-impact,
2025-3431,2025,VA,Healing in Your Hands Wellness Tools for VA Staff and Veterans,Pre-deployment,Pre-deployment,,,Generative AI,Health and Medical,,Not High-impact,
2025-3432,2025,VA,VA Health Connect (VAHC) Customer Relationship Management (CRM) - contact quality analysis,Pre-deployment,Pre-deployment,,,Classical ML,Admin Functions,,Not High-impact,
2025-3433,2025,VA,Laboratory Procedure AI Search Assistant,Pre-deployment,Pre-deployment,,,NLP,Health and Medical,,Not High-impact,
2025-3434,2025,VA,Lung Cancer Prediction Model,Pilot,Pilot,In-house,In-house Development,Classical ML,Health and Medical,,High-impact,
2025-3435,2025,VA,Patient Care Services Integration Platform (PCSIP),Pilot,Pilot,Vendor,Vendor Purchased,Generative AI,Health and Medical,,High-impact,
2025-3436,2025,VA,CITC Automated Fax Relabeling,Pilot,Pilot,In-house,In-house Development,NLP,Health and Medical,,High-impact,
2025-3437,2025,VA,Screen for Esophageal Adenocarcinoma,Pilot,Pilot,In-house,In-house Development,Classical ML,Health and Medical,,High-impact,
2025-3438,2025,VA,Audit Service Connection Designations Associated with Prescriptions,Pilot,Pilot,Vendor and in-house,Contracting and In House,Classical ML,Admin Functions,,Not High-impact,L1074
2025-3439,2025,VA,Internet of Medical Things (IoMT) Inventory,Pilot,Pilot,Vendor,Vendor Purchased,Classical ML,Cybersecurity,,Not High-impact,
2025-3440,2025,VA,Nurse Proficiency Writer (NPW),Pilot,Pilot,In-house,In-house Development,NLP,HR,,Not High-impact,
2025-3441,2025,VA,Ask Sage – Generative AI Platform for VA Administrative Efficiency,Pilot,Pilot,Vendor,Vendor Purchased,Generative AI,Admin Functions,,Not High-impact,
2025-3442,2025,VA,AI Transcription and Summary in Veteran Narrative Medicine Program,Pilot,Pilot,Vendor,Vendor Purchased,NLP,Health and Medical,,Not High-impact,
2025-3443,2025,VA,Sharing RVU Provider Metrics,Pilot,Pilot,Vendor and in-house,Contracting and In House,Computer Vision,Admin Functions,,Not High-impact,
2025-3444,2025,VA,Program Evaluation for Commission on Collegiate Nursing Education (CCNE),Pilot,Pilot,In-house,In-house Development,NLP,Other,,Not High-impact,
2025-3445,2025,VA,AGFA DR 800 with MUSICA Dynamic,Deployed,Deployed,Vendor,Vendor Purchased,Computer Vision,Health and Medical,,High-impact,
2025-3446,2025,VA,Beckman Coulter DxH 800,Deployed,Deployed,Vendor,Vendor Purchased,Computer Vision,Health and Medical,,High-impact,L1081
2025-3447,2025,VA,Xeleris V,Deployed,Deployed,Vendor,Vendor Purchased,Computer Vision,Health and Medical,,High-impact,
2025-3448,2025,VA,GE Signa Artist,Deployed,Deployed,Vendor,Vendor Purchased,Computer Vision,Health and Medical,,High-impact,
2025-3449,2025,VA,Computer Aided Detection (CADe) of Neoplasia during Colonoscopy - “GI Genius”,Deployed,Deployed,Vendor,Vendor Purchased,Computer Vision,Health and Medical,,High-impact,L0712
2025-3450,2025,VA,TrueFidelity CT Deep Learning Image Reconstruction,Deployed,Deployed,Vendor,Vendor Purchased,Computer Vision,Health and Medical,,High-impact,L0714
2025-3451,2025,VA,AIDOC BriefCase,Deployed,Deployed,Vendor,Vendor Purchased,Computer Vision,Health and Medical,,High-impact,
2025-3452,2025,VA,iCAD ProFound AI,Deployed,Deployed,Vendor,Vendor Purchased,Computer Vision,Health and Medical,,High-impact,L0718
2025-3453,2025,VA,Circle CVI42,Deployed,Deployed,Vendor,Vendor Purchased,Computer Vision,Health and Medical,,High-impact,L0720
2025-3454,2025,VA,VA CART Adenoma Detection,Deployed,Deployed,In-house,In-house Development,Classical ML,Health and Medical,,High-impact,L1099
2025-3455,2025,VA,Siemens YSIO Max,Deployed,Deployed,Vendor,Vendor Purchased,Computer Vision,Health and Medical,,High-impact,
2025-3456,2025,VA,Zio ECG Utilization Service,Deployed,Deployed,Vendor,Vendor Purchased,Classical ML,Health and Medical,,High-impact,
2025-3457,2025,VA,SOMATOM go.Up; SOMATOM go.Now; SOMATOM go.All; SOMATOM go.Top; SOMATOM go.Sim; SOMATOM go.Open Pro; SOMATOM,Deployed,Deployed,Vendor,Vendor Purchased,Computer Vision,Health and Medical,,High-impact,L1111
2025-3458,2025,VA,3M/Solventum 360 Encompass Computer Assisted Coding - Auto Suggestion,Deployed,Deployed,Vendor,Vendor Purchased,Classical ML,Health and Medical,,High-impact,L0742
2025-3459,2025,VA,Vivid iq,Deployed,Deployed,Vendor,Vendor Purchased,Computer Vision,Health and Medical,,High-impact,L0743
2025-3460,2025,VA,"EchoPAC Software Only, EchoPAC Plug-In",Deployed,Deployed,Vendor,Vendor Purchased,Computer Vision,Health and Medical,,High-impact,L0746
2025-3461,2025,VA,Densitas Density AI,Deployed,Deployed,Vendor,Vendor Purchased,Computer Vision,Health and Medical,,High-impact,L0749
2025-3462,2025,VA,Riverain ClearRead CT,Deployed,Deployed,Vendor,Vendor Purchased,Computer Vision,Health and Medical,,High-impact,L0751
2025-3463,2025,VA,Transpara Breast Care,Deployed,Deployed,Vendor,Vendor Purchased,Computer Vision,Health and Medical,,High-impact,L0756
2025-3464,2025,VA,"XIDF-AWS801, Angio Workstation (Alphenix Workstation), V9.5",Deployed,Deployed,Vendor,Vendor Purchased,Computer Vision,Health and Medical,,High-impact,L0757
2025-3465,2025,VA,Workflow Box,Deployed,Deployed,Vendor,Vendor Purchased,Computer Vision,Health and Medical,,High-impact,L0763
2025-3466,2025,VA,eCaremanager (Philips),Deployed,Deployed,Vendor,Vendor Purchased,Classical ML,Health and Medical,,High-impact,L0771
2025-3467,2025,VA,"Voluson Expert 22, Voluson Expert 20, Voluson Expert 18",Deployed,Deployed,Vendor,Vendor Purchased,Computer Vision,Health and Medical,,High-impact,L0774
2025-3468,2025,VA,CareLink Home Monitoring,Deployed,Deployed,Vendor,Vendor Purchased,Classical ML,Health and Medical,,High-impact,L0778
2025-3469,2025,VA,GE Portable Critical Care Suite 2.x,Deployed,Deployed,Vendor,Vendor Purchased,Computer Vision,Health and Medical,,High-impact,L0695
2025-3470,2025,VA,Stratification Tool for Opioid Risk Mitigation (STORM),Deployed,Deployed,Vendor and in-house,Contracting and In House,Classical ML,Health and Medical,,High-impact,
2025-3471,2025,VA,"Aquilion ONE (TSX-306A/3) V10.12 with Spectral Imaging System, Vitrea Software Package, VSTP-001A",Deployed,Deployed,Vendor,Vendor Purchased,Computer Vision,Health and Medical,,High-impact,
2025-3472,2025,VA,Vereos PET/CT,Deployed,Deployed,Vendor,Vendor Purchased,Computer Vision,Health and Medical,,High-impact,L0780
2025-3473,2025,VA,REACH VET Suicide Risk Prediction and Recovery Engagement,Deployed,Deployed,Vendor and in-house,Contracting and In House,Classical ML,Health and Medical,,High-impact,
2025-3474,2025,VA,Venue Fit,Deployed,Deployed,Vendor,Vendor Purchased,Computer Vision,Health and Medical,,High-impact,
2025-3475,2025,VA,Velacur,Deployed,Deployed,Vendor,Vendor Purchased,Classical ML,Health and Medical,,High-impact,L0781
2025-3476,2025,VA,Syngo Application Software,Deployed,Deployed,Vendor,Vendor Purchased,Computer Vision,Health and Medical,,High-impact,L0783
2025-3477,2025,VA,Rapid AI,Deployed,Deployed,Vendor,Vendor Purchased,Computer Vision,Health and Medical,,High-impact,L0784
2025-3478,2025,VA,"Spine Planning (2.0), Elements Spine Planning, Elements Planning Spine",Deployed,Deployed,Vendor,Vendor Purchased,Computer Vision,Health and Medical,,High-impact,L0785
2025-3479,2025,VA,RayStation 11B,Deployed,Deployed,Vendor,Vendor Purchased,Classical ML,Health and Medical,,High-impact,L0786
2025-3480,2025,VA,QLAB Advanced Quantification Software,Deployed,Deployed,Vendor,Vendor Purchased,Computer Vision,Health and Medical,,High-impact,L0790
2025-3481,2025,VA,Preventice 	BodyGuardian Remote Monitoring System,Deployed,Deployed,Vendor,Vendor Purchased,Classical ML,Health and Medical,,High-impact,
2025-3482,2025,VA,EPIQ Series Diagnostic Ultrasound System; Affiniti Series Diagnostic Ultrasound System,Deployed,Deployed,Vendor,Vendor Purchased,Computer Vision,Health and Medical,,High-impact,
2025-3483,2025,VA,Persyst 14 EEG Review and Analysis Software,Deployed,Deployed,Vendor,Vendor Purchased,Classical ML,Health and Medical,,High-impact,L0711
2025-3484,2025,VA,"OPTIS Mobile Next Imaging System, OPTIS Integrated Next Imaging System",Deployed,Deployed,Vendor,Vendor Purchased,Classical ML,Health and Medical,,High-impact,L0793
2025-3485,2025,VA,O-arm O2 Imaging System,Deployed,Deployed,Vendor,Vendor Purchased,Computer Vision,Health and Medical,,High-impact,L0795
2025-3486,2025,VA,NeuroQuant,Deployed,Deployed,Vendor,Vendor Purchased,Computer Vision,Health and Medical,,High-impact,L0797
2025-3487,2025,VA,MAGNETOM Vida; MAGNETOM Lumina; MAGNETOM Aera; MAGNETOM Skyra; MAGNETOM Prisma; MAGNETOM Prisma fit,Deployed,Deployed,Vendor,Vendor Purchased,Computer Vision,Health and Medical,,High-impact,L0799
2025-3488,2025,VA,3D Quorum,Deployed,Deployed,Vendor,Vendor Purchased,Computer Vision,Health and Medical,,High-impact,L0800
2025-3489,2025,VA,TeraRecon iNtuition-Structural Heart Module,Deployed,Deployed,Vendor,Vendor Purchased,Computer Vision,Health and Medical,,High-impact,
2025-3490,2025,VA,QVCAD System,Deployed,Deployed,Vendor,Vendor Purchased,Computer Vision,Health and Medical,,High-impact,
2025-3491,2025,VA,FFRangio,Deployed,Deployed,Vendor,Vendor Purchased,Computer Vision,Health and Medical,,High-impact,L0803
2025-3492,2025,VA,Quantra,Deployed,Deployed,Vendor,Vendor Purchased,Computer Vision,Health and Medical,,High-impact,L0804
2025-3493,2025,VA,"FastStroke, CT Perfusion 4D",Deployed,Deployed,Vendor,Vendor Purchased,Computer Vision,Health and Medical,,High-impact,L0807
2025-3494,2025,VA,Discovery MI Gen2,Deployed,Deployed,Vendor,Vendor Purchased,Computer Vision,Health and Medical,,High-impact,L0810
2025-3495,2025,VA,Genius AI,Deployed,Deployed,Vendor,Vendor Purchased,Computer Vision,Health and Medical,,High-impact,L0811
2025-3496,2025,VA,CT CoPilot,Deployed,Deployed,Vendor,Vendor Purchased,Computer Vision,Health and Medical,,High-impact,L0815
2025-3497,2025,VA,"Cranial Navigation, Navigation Software Cranial, Navigation Software Craniofacial, Cranial EM System, Automatic Registration iMRI",Deployed,Deployed,Vendor,Vendor Purchased,Computer Vision,Health and Medical,,High-impact,L0816
2025-3498,2025,VA,CellaVision DM1200 with the body fluid application,Deployed,Deployed,Vendor,Vendor Purchased,Computer Vision,Health and Medical,,High-impact,L0817
2025-3499,2025,VA,Nediser Reports QA,Deployed,Deployed,In-house,In-house Development,Computer Vision,Health and Medical,,High-impact,L0818
2025-3500,2025,VA,"CARTO 3 EP Navigation System Software V8.0 (FG-5400-00, FG-5400-00U)",Deployed,Deployed,Vendor,Vendor Purchased,Classical ML,Health and Medical,,High-impact,L0819
2025-3501,2025,VA,Care Assessment Needs (CAN) Score,Deployed,Deployed,In-house,In-house Development,Classical ML,Health and Medical,,High-impact,L0820
2025-3502,2025,VA,Cartesion Prime (PCD-1000A/3) V10.15,Deployed,Deployed,Vendor,Vendor Purchased,Computer Vision,Health and Medical,,High-impact,L0821
2025-3503,2025,VA,VA CART SYNTAX Risk Model,Deployed,Deployed,In-house,In-house Development,Classical ML,Health and Medical,,High-impact,
2025-3504,2025,VA,VA CART Mortality Model,Deployed,Deployed,In-house,In-house Development,Classical ML,Health and Medical,,High-impact,
2025-3505,2025,VA,VA CART Nephropathy Risk Model,Deployed,Deployed,In-house,In-house Development,Classical ML,Health and Medical,,High-impact,
2025-3506,2025,VA,"Brainlab Elements Image Fusion, Contouring (4.5);Image Fusion (4.5);Fibertracking (2.0);BOLD MRI Mapping (1.0);Image Fusion Angio (1.0)",Deployed,Deployed,Vendor,Vendor Purchased,Computer Vision,Health and Medical,,High-impact,L0825
2025-3507,2025,VA,BioPlex 2200 ANA Screen with Medical Decision Support Software for Use with BioPlex 2200 Multi-Analyte Detection System,Deployed,Deployed,Vendor,Vendor Purchased,Classical ML,Health and Medical,,High-impact,L0828
2025-3508,2025,VA,VA CART Bleeding Risk Model,Deployed,Deployed,In-house,In-house Development,Classical ML,Health and Medical,,High-impact,
2025-3509,2025,VA,"Biograph Vision, Biograph MCT Family Of PET/CTs",Deployed,Deployed,Vendor,Vendor Purchased,Computer Vision,Health and Medical,,High-impact,L0829
2025-3510,2025,VA,AutoContour Model RADAC V3,Deployed,Deployed,Vendor,Vendor Purchased,Computer Vision,Health and Medical,,High-impact,L0831
2025-3511,2025,VA,"Aplio i900, Aplio i800 and Aplio i700 Software V8.1 Diagnostic Ultrasound System",Deployed,Deployed,Vendor,Vendor Purchased,Computer Vision,Health and Medical,,High-impact,L0833
2025-3512,2025,VA,"Alignment System Cranial, Alignment Software Cranial, Cirq Alignment Software Cranial Biopsy, Cirq Alignment Software Cranial sEEG, Varioguide Alignment Software Cranial",Deployed,Deployed,Vendor,Vendor Purchased,Computer Vision,Health and Medical,,High-impact,L0834
2025-3513,2025,VA,"Acumen Hypotension Prediction Index - EV1000 Clinical Platform, Acumen Hypotension Prediction Index - Hemosphere Advanced Monitoring Platform, Acumen Hypotension Prediction Index, Hemosphere Advanced Monitoring Platform - Pressure",Deployed,Deployed,Vendor,Vendor Purchased,Classical ML,Health and Medical,,High-impact,L0836
2025-3514,2025,VA,Continuous Glucose Monitoring Summary,Deployed,Deployed,In-house,In-house Development,Generative AI,Health and Medical,,High-impact,
2025-3515,2025,VA,CarestreamCS 9600,Deployed,Deployed,Vendor,Vendor Purchased,Computer Vision,Health and Medical,,High-impact,
2025-3516,2025,VA,No Missed Malignancy (NMM),Deployed,Deployed,Vendor,Vendor Purchased,Classical ML,Health and Medical,,High-impact,
2025-3517,2025,VA,Sleep Apnea,Deployed,Deployed,Vendor,Vendor Purchased,NLP,Health and Medical,,High-impact,
2025-3518,2025,VA,Coordinated Care Tracking System (CCTS) Generative AI Support,Deployed,Deployed,Vendor,Vendor Purchased,NLP,Health and Medical,,High-impact,
2025-3519,2025,VA,Siemens Sequoia Crown,Deployed,Deployed,Vendor,Vendor Purchased,Computer Vision,Health and Medical,,High-impact,
2025-3520,2025,VA,Philips 7300 C,Deployed,Deployed,Vendor,Vendor Purchased,Computer Vision,Health and Medical,,High-impact,
2025-3521,2025,VA,ARANZ Medical Silhouette Wound Management System,Deployed,Deployed,Vendor,Vendor Purchased,Computer Vision,Health and Medical,,High-impact,
2025-3522,2025,VA,VASQIP Mortality Calculator,Deployed,Deployed,In-house,In-house Development,Classical ML,Health and Medical,,High-impact,
2025-3523,2025,VA,Frailty Risk Analysis,Deployed,Deployed,In-house,In-house Development,Classical ML,Health and Medical,,High-impact,
2025-3524,2025,VA,Butterfly iQ3 Ultrasound System,Deployed,Deployed,Vendor,Vendor Purchased,Computer Vision,Health and Medical,,High-impact,
2025-3525,2025,VA,CareView Patient Safety System,Deployed,Deployed,Vendor,Vendor Purchased,Computer Vision,Health and Medical,,High-impact,
2025-3526,2025,VA,GE Omni Legend,Deployed,Deployed,Vendor,Vendor Purchased,Computer Vision,Health and Medical,,High-impact,
2025-3527,2025,VA,Volpara Imaging Software,Deployed,Deployed,Vendor,Vendor Purchased,Computer Vision,Health and Medical,,Not High-impact,
2025-3528,2025,VA,UiPath Document Understanding,Deployed,Deployed,Vendor,Vendor Purchased,Classical ML,Other,,Not High-impact,L0704
2025-3529,2025,VA,Axon Body Camera and DMS - OSSO,Deployed,Deployed,Vendor,Vendor Purchased,Computer Vision,Law Enforcement,,Not High-impact,L0691
2025-3530,2025,VA,GE Logiq E10,Deployed,Deployed,Vendor,Vendor Purchased,Computer Vision,Health and Medical,,Not High-impact,
2025-3531,2025,VA,ReflexAI,Deployed,Deployed,Vendor and in-house,Contracting and In House,NLP,Health and Medical,,Not High-impact,L0723
2025-3532,2025,VA,App feedback model for NLP tasks,Deployed,Deployed,In-house,In-house Development,NLP,Service Delivery,,Not High-impact,L0725
2025-3533,2025,VA,Verathon BladderScan Prime PLUS System,Deployed,Deployed,Vendor,Vendor Purchased,Computer Vision,Health and Medical,,Not High-impact,
2025-3534,2025,VA,App Feedback categorization model,Deployed,Deployed,In-house,In-house Development,NLP,Service Delivery,,Not High-impact,L0733
2025-3535,2025,VA,LINQ II Insertable Cardiac Monitor,Deployed,Deployed,Vendor,Vendor Purchased,Classical ML,Health and Medical,,Not High-impact,
2025-3536,2025,VA,VA Supply Chain Knowledge Management Dashboard,Deployed,Deployed,In-house,In-house Development,NLP,Admin Functions,,Not High-impact,L0740
2025-3537,2025,VA,"Human-Centered Design (HCD) User Feedback Summary, Analysis, and Design",Deployed,Deployed,In-house,In-house Development,NLP,Admin Functions,,Not High-impact,
2025-3538,2025,VA,Vivid E80/ Vivid E90/ Vivid E95,Deployed,Deployed,Vendor,Vendor Purchased,Computer Vision,Health and Medical,,Not High-impact,L0744
2025-3539,2025,VA,Avicenna CINA,Deployed,Deployed,Vendor,Vendor Purchased,Computer Vision,Health and Medical,,Not High-impact,
2025-3540,2025,VA,CLARUS,Deployed,Deployed,Vendor,Vendor Purchased,Computer Vision,Health and Medical,,Not High-impact,L0750
2025-3541,2025,VA,BTSSS 3542 Review,Deployed,Deployed,Vendor and in-house,Contracting and In House,Classical ML,Admin Functions,,Not High-impact,L0764
2025-3542,2025,VA,Dragon Medical One,Deployed,Deployed,Vendor,Vendor Purchased,NLP,Health and Medical,,Not High-impact,
2025-3543,2025,VA,Deep-Learning approaches to develop candidate lists of terms for use in text searches,Deployed,Deployed,In-house,In-house Development,NLP,Health and Medical,,Not High-impact,L0779
2025-3544,2025,VA,Identify access to genetic testing in Veterans with breast cancer.,Deployed,Deployed,In-house,In-house Development,NLP,Health and Medical,,Not High-impact,L0787
2025-3545,2025,VA,Cardiac CT Function Software Application,Deployed,Deployed,Vendor,Vendor Purchased,Computer Vision,Health and Medical,,Not High-impact,L0822
2025-3546,2025,VA,Purchase Order Filing,Deployed,Deployed,Vendor,Vendor Purchased,Computer Vision,Admin Functions,,Not High-impact,L0824
2025-3547,2025,VA,VA CART Myocardial Ischemia NLP,Deployed,Deployed,In-house,In-house Development,NLP,Health and Medical,,Not High-impact,L0826
2025-3548,2025,VA,VA CART Ejection Fraction NLP,Deployed,Deployed,In-house,In-house Development,NLP,Health and Medical,,Not High-impact,L0827
2025-3549,2025,VA,Limited Use of Azure Speech Services in PETALS Platform,Deployed,Deployed,Vendor and in-house,Contracting and In House,NLP,Health and Medical,,Not High-impact,L0702
2025-3550,2025,VA,Hospital Acquired Infections,Deployed,Deployed,Vendor,Vendor Purchased,NLP,Health and Medical,,Not High-impact,
2025-3551,2025,VA,Use of Large Language Models to improve classification of identified text snippets from the CLEVER natural language processing pipeline,Deployed,Deployed,In-house,In-house Development,NLP,Health and Medical,,Not High-impact,
2025-3552,2025,VA,Executive Spend Analysis,Deployed,Deployed,Vendor and in-house,Contracting and In House,Generative AI,Procurement and Finance Mgmt,,Not High-impact,
2025-3553,2025,VA,Scriptpro Ticket Report,Deployed,Deployed,In-house,In-house Development,Agentic AI,Admin Functions,,Not High-impact,
2025-3554,2025,VA,HTM112 Tutor,Deployed,Deployed,Vendor and in-house,Contracting and In House,Generative AI,Other,,Not High-impact,
2025-3555,2025,VA,ValidateNow,Deployed,Deployed,Vendor and in-house,Contracting and In House,Generative AI,Procurement and Finance Mgmt,,Not High-impact,
2025-3556,2025,VA,PII in Foreign Medical Program (FMP) Faxes,Deployed,Deployed,Vendor and in-house,Contracting and In House,Classical ML,Benefits Processing,,Not High-impact,
2025-3557,2025,VA,Activity recognition using wearable sensors for use in closed loop deep brain stimulation systems,Retired,Retired,,,,,,High-impact,L0707
2025-3558,2025,VA,AgileMD eCART Clinical Deterioration Model,Retired,Retired,,,,,,High-impact,L0709
2025-3559,2025,VA,Smart AI Bot Assistant,Retired,Retired,,,,,,High-impact,L0692
2025-3560,2025,VA,PsychCorpCenter,Retired,Retired,,,,,,High-impact,L0722
2025-3561,2025,VA,"Prostate Cancer, Genetic Risk, and Equitable Screening Study (ProGRESS) - Prostate Cancer Risk Prediction Model",Retired,Retired,,,,,,High-impact,L0724
2025-3562,2025,VA,Podimetrics,Retired,Retired,,,,,,High-impact,L0728
2025-3563,2025,VA,ICU CIS/ARK PDF Medical Entity and Clinical Scoring Extraction (PHI 3.5 LLM),Retired,Retired,,,,,,High-impact,L0737
2025-3564,2025,VA,Multi-Modal Digital Image Exchange - AI (MDIE-AI),Retired,Retired,,,,,,High-impact,L0739
2025-3565,2025,VA,Partially Observed Markov Decision Process for Post-Traumatic Stress Disorder,Retired,Retired,,,,,,High-impact,
2025-3566,2025,VA,ECG System Software,Retired,Retired,,,,,,High-impact,L0748
2025-3567,2025,VA,Clinical Key | Elsevier,Retired,Retired,,,,,,High-impact,L0752
2025-3568,2025,VA,ACS NSQIP Risk Score,Retired,Retired,,,,,,High-impact,L0753
2025-3569,2025,VA,Avicenna LVO,Retired,Retired,,,,,,High-impact,L0754
2025-3570,2025,VA,Ysio Max,Retired,Retired,,,,,,High-impact,L0755
2025-3571,2025,VA,X100HT with Slide Loader with Full Field Peripheral Blood Smear (PBS) Application,Retired,Retired,,,,,,High-impact,L0761
2025-3572,2025,VA,WRDensity by Whiterabbit.ai,Retired,Retired,,,,,,High-impact,L0762
2025-3573,2025,VA,Withings Scan Monitor 2.0,Retired,Retired,,,,,,High-impact,L0765
2025-3574,2025,VA,WellDoc BlueStar,Retired,Retired,,,,,,High-impact,L0767
2025-3575,2025,VA,WAVE Clinical Platform,Retired,Retired,,,,,,High-impact,L0769
2025-3576,2025,VA,"VX1, VX1+",Retired,Retired,,,,,,High-impact,L0770
2025-3577,2025,VA,VUNO Med-DeepBrain,Retired,Retired,,,,,,High-impact,L0772
2025-3578,2025,VA,Volta AF-Xplorer,Retired,Retired,,,,,,High-impact,L0775
2025-3579,2025,VA,Biotronik Home Monitoring System,Retired,Retired,,,,,,High-impact,L0776
2025-3580,2025,VA,Post-Discharge 30-day Readmission or Death Prediction,Retired,Retired,,,,,,High-impact,
2025-3581,2025,VA,Intelligent 2D,Retired,Retired,,,,,,High-impact,L0801
2025-3582,2025,VA,Medical Imaging Auto-segmentation,Retired,Retired,,,,,,High-impact,L0802
2025-3583,2025,VA,VSTOne – AI-Driven Patient Monitoring and Care Delivery,Retired,Retired,,,,,,High-impact,L0805
2025-3584,2025,VA,Implementation of a Severe COVID-19 Risk Prediction Tool,Retired,Retired,,,,,,High-impact,L0812
2025-3585,2025,VA,CVI42,Retired,Retired,,,,,,High-impact,L0813
2025-3586,2025,VA,Aquilion ONE with AiCE,Retired,Retired,,,,,,High-impact,
2025-3587,2025,VA,ECG/EKG Machines- Interpretation of Results,Retired,Retired,,,,,,High-impact,L0698
2025-3588,2025,VA,Pact Act Co-Pay Exemption Prediction Tool,Retired,Retired,,,,,,High-impact,L0823
2025-3589,2025,VA,GE AMX Portable X-ray Machines,Retired,Retired,,,,,,High-impact,
2025-3590,2025,VA,Computer Vision Framework (CVF),Retired,Retired,,,,,,High-impact,
2025-3591,2025,VA,aPROMISE X,Retired,Retired,,,,,,High-impact,L0832
2025-3592,2025,VA,Dental - Dentsply Sirona CERE,Retired,Retired,,,,,,High-impact,L0835
2025-3593,2025,VA,TeraRecon,Retired,Retired,,,,,,High-impact,L0700
2025-3594,2025,VA,VCA & PPMS Chatbot,Retired,Retired,,,,,,Not High-impact,L0708
2025-3595,2025,VA,AI for Classifying Safety Events,Retired,Retired,,,,,,Not High-impact,
2025-3596,2025,VA,AI Monitoring FEHR Harms,Retired,Retired,,,,,,Not High-impact,
2025-3597,2025,VA,Thematic Analysis Using BERT Modeling,Retired,Retired,,,,,,Not High-impact,
2025-3598,2025,VA,My HealtheVet VSignals Main Improvement Summary,Retired,Retired,,,,,,Not High-impact,L0729
2025-3599,2025,VA,AI Health Coach,Retired,Retired,,,,,,Not High-impact,L0732
2025-3600,2025,VA,Lyssn for Mental Health,Retired,Retired,,,,,,Not High-impact,L0741
2025-3601,2025,VA,Microsoft Power Automate and AI,Retired,Retired,,,,,,Not High-impact,L0747
2025-3602,2025,VA,BlackBox Code research,Retired,Retired,,,,,,Not High-impact,L0758
2025-3603,2025,VA,"Synthetic Data Generation:  Experimenting with OpenSource, Third Party and GenAI",Retired,Retired,,,,,,Not High-impact,L0777
2025-3604,2025,VA,Vocational Rehabilition Services (VRS) Employment Support,Retired,Retired,,,,,,Not High-impact,
2025-3605,2025,VA,Adobe Creative Cloud,Retired,Retired,,,,,,Not High-impact,L0789
2025-3606,2025,VA,Actions for Application Vulnerabilities,Retired,Retired,,,,,,Not High-impact,
2025-3607,2025,VA,Discharge Predictive Model,Retired,Retired,,,,,,Not High-impact,L0814
2025-3608,2025,VA,Optimizing Renin Angiotensin System Blocker Use for Kidney Disease,Retired,Retired,,,,,,Not High-impact,
2025-3609,2025,VA,Rythm Express,Retired,Retired,,,,,,Not High-impact,L0830
2025-3610,2025,VA,CareCentra Next Level Personalized AI Health Coach,Retired,Retired,,,,,,Not High-impact,L0688
2025-3611,2025,VA,AI-Enhanced Call Center,Retired,Retired,,,,,,Not High-impact,
